act_tag,speaker,pos,text
"fo_o_fw_""_by_bc",B,Yeah/UH ./.,Yeah. /
"fo_o_fw_""_by_bc",A,"Okay/UH ,/,","Okay, /"
qy,A,so/UH you/PRP enjoy/VBP camping/NN ?/.,{C so } you enjoy camping? /
ny,B,"Oh/UH ,/, yeah/UH ./.","{F Oh, } yeah. /"
b,A,Yeah/UH ./.,Yeah. /
sd,B,"I/PRP ,/, uh/UH --/:","[ I, + {F uh } --"
b,A,Uh-huh/UH ./.,Uh-huh. /
+,B,"--/: like/IN you/PRP ,/, I/PRP have/VBP n't/RB done/VBN any/DT in/IN quite/RB some/DT time/NN --/:","-- like you, I ] haven't done any in quite some time --"
b,A,Uh-huh/UH ./.,Uh-huh. /
+,B,--/: except/IN for/IN what/WP I/PRP call/VBP living/VBG now/RB --/:,-- except for what I call living now <laughter> --
b,A,Yeah/UH ./.,Yeah <laughter>. /
+,B,"--/: which/WDT is/VBZ ,/, which/WDT is/VBZ very/RB close/RB to/IN camping/VBG ./.","-- [ which is, + which is ] very close to camping <laughter>. /"
qy,A,Is/VBZ it/PRP ?/.,Is it? /
b,A,Uh-huh/UH ./.,Uh-huh. /
ny,B,Yeah/UH ./.,Yeah. /
sd,B,"You/PRP know/VBP ,/, I/PRP ,/, uh/UH ,/, camped/VBD in/IN the/DT Boy/NNP Scouts/NNPS","{D You know, } I, {F uh, } camped in the Boy Scouts /"
sd,B,"and/CC ,/, you/PRP know/VBP ,/, my/PRP$ dad/NN and/CC I/PRP went/VBD out/RB sometimes/RB","{C and, } {D you know, } my dad and I went out sometimes /"
sd,B,but/CC --/:,{C but } --
b,A,Uh-huh/UH ./.,Uh-huh. /
+,B,"--/: uh/UH ,/, even/RB my/PRP$ first/RB ,/, uh/UH ,/, eight/CD or/CC nine/CD years/NNS of/IN working/VBG ,/, I/PRP camped/VBD almost/RB all/DT of/IN the/DT time/NN because/IN I/PRP was/VBD in/IN construction/NN ./.","-- {F uh, } even my first, {F uh, } eight or nine years of working, I camped almost all of the time because I was in construction. /"
b,A,Uh-huh/UH ./.,Uh-huh. /
sd,B,And/CC it/PRP is/VBZ cheaper/JJR to/TO pitch/VB a/DT tent/NN and/CC cook/VB your/PRP$ meals/NNS out/IN by/IN the/DT fire/NN than/IN it/PRP is/VBZ to/TO rent/VB an/DT apartment/NN --/:,{C And } it is cheaper to pitch a tent and cook your meals out by the fire than it is to rent an apartment --
b,A,Yeah/UH ./.,Yeah. /
+,B,--/: add/VB to/TO stress/NN ./.,-- add to stress. /
sv,B,"I/PRP mean/VBP ,/, when/WRB you/PRP have/VBP to/TO have/VB it/PRP ,/, you/PRP have/VBP got/VBN to/TO have/VB it/PRP ./.","{E I mean, } when you have to have it, you have got to have it. /"
b,A,Uh-huh/UH ./.,Uh-huh. /
sv,B,"And/CC ,/, you/PRP know/VBP ,/, in/IN those/DT those/DT kinds/NNS of/IN situations/NNS ,/, uh/UH ,/, room/NN rent/NN which/WDT is/VBZ outrageous/JJ ./.","{C And, } {D you know, } in those those kinds of situations, {F uh, } room rent which is outrageous. -/"
b,A,Uh-huh/UH ./.,Uh-huh. /
b,A,Yeah/UH ./.,Yeah. /
sd,B,"So/UH ,/, my/PRP$ buddy/NN and/CC I/PRP ,/, we/PRP just/RB camped/VBD ./.","{C So, } my buddy and I, we just camped <laughter>. /"
b,A,Uh-huh/UH ./.,Uh-huh. /
sd,B,"And/CC we/PRP figured/VBD ,/, what/WP the/DT hell/NN ,/,","{C And } we figured, what the hell, /"
sd,B,we/PRP did/VBD it/PRP when/WRB we/PRP were/VBD kids/NNS,we did it when we were kids /
sd,B,and/CC we/PRP loved/VBD it/PRP ./.,{C and } we loved it. /
b,A,Uh-huh/UH ./.,Uh-huh. /
sd,B,"Of/IN course/NN ,/, we/PRP did/VBD n't/RB really/RB rough/VB it/PRP that/RB much/JJ ./.","Of course, we didn't really rough it that much. /"
%,B,"When/WRB ,/, when/WRB I/PRP was/VBD in/IN high/JJ school/NN ,/,","[ When, + when ] I was in high school, - /"
sd,B,he/PRP is/VBZ a/DT couple/NN years/NNS older/JJR than/IN me/PRP,he is a couple years older than me /
sd,B,"and/CC ,/, uh/UH ,/, he/PRP graduated/VBD and/CC went/VBD off/RB to/IN college/NN","{C and, } {F uh, } he graduated and went off to college /"
sd,B,"and/CC ,/, uh/UH ,/, during/IN the/DT summer/NN we/PRP would/MD camp/VB out/RB at/IN the/DT lake/NN ./.","{C and, } {F uh, } during the summer we would camp out at the lake. /"
b,A,Uh-huh/UH ./.,Uh-huh. /
sd,B,But/CC it/PRP was/VBD n't/RB very/RB much/RB like/IN camping/NN because/IN we/PRP had/VBD a/DT refrigerator/NN and/CC a/DT stove/NN ./.,{C But } it wasn't very much like camping because we had a refrigerator and a stove <laughter>. /
b,A,"Oh/UH ,/, well/UH ./. Yeah/UH ./.","{F Oh, } {D well } <laughter>. Yeah. /"
sd,B,"You/PRP know/VBP ,/, I/PRP had/VBD a/DT little/JJ boat/NN house/NN and/CC floated/VBD it/PRP out/IN on/IN Lake/NNP Grapevine/NNP ./.","{D You know, } I had a little boat house and floated it out on Lake Grapevine. /"
b,A,Uh-huh/UH ./.,Uh-huh. /
sd,B,"And/CC ,/, uh/UH ,/, well/UH ,/, it/PRP was/VBD fantastic/JJ ./.","{C And, } {F uh, } {D well, } it was fantastic. /"
sd,B,"We/PRP would/MD get/VB up/RP in/IN the/DT morning/NN ,/, go/VB skiing/NN ,/, uh/UH ,/,","We would get up in the morning, go skiing, {F uh, } /"
sd,B,that/WDT substituted/VBD for/IN a/DT shower/NN --/:,that substituted for a shower <laughter> -- /
b,A,Uh-huh/UH,Uh-huh /
x,A,./.,<laughter>.
sd,B,"--/: and/CC then/RB we/PRP would/MD go/VB to/IN work/NN and/CC uh/UH ,/, come/VB back/RB to/IN the/DT ,/, uh/UH ,/, you/PRP know/VBP ,/, boat/NN house/NN at/IN night/NN","-- {C and then } we would go to work and {F uh, } come back to the, {F uh, } {D you know, } boat house at night /"
sd,B,"and/CC ,/, uh/UH ,/, in/IN the/DT afternoon/NN ,/, you/PRP know/VBP ,/, it/PRP is/VBZ still/RB four/CD o'clock/RB ./.","{C and, } {F uh, } in the afternoon, {D you know, } it is still four o'clock. /"
sd,B,"You/PRP have/VBP got/VBN four/CD hours/NNS of/IN day/NN light/NN ,/, good/JJ skiing/NN left/VBD ./.","You have got four hours of day light, good skiing left. /"
b,A,Uh-huh/UH ./.,Uh-huh. /
sd,B,"And/CC ,/, uh/UH ,/, it/PRP was/VBD great/JJ ./.","{C And, } {F uh, } it was great. /"
b,A,Yeah/UH ./.,Yeah. /
sd,B,"But/CC ,/, uh/UH ,/, you/PRP know/VBP ,/, now/RB all/RB my/PRP$ life/NN is/VBZ more/RBR like/IN camping/NN than/IN not/RB camping/NN really/RB ./.","{C But, } {F uh, } {D you know, } now all my life is more like camping than not camping really. /"
b,A,Uh-huh/UH ./.,Uh-huh. /
qy,A,Do/VBP you/PRP have/VB electricity/NN out/IN there/RB ./.,Do you have electricity out there. /
ny,B,"Oh/UH ,/, yeah/UH ./.","{F Oh, } yeah. /"
b,A,Yeah/UH ./.,Yeah. /
sv,A,You/PRP 've/VBP got/VBN a/DT phone/NN obviously/RB ./.,You've got a phone obviously <laughter>. /
aap_am,B,"Well/UH ,/, actually/RB as/IN a/DT matter/NN of/IN fact/NN ,/, they/PRP just/RB ran/VBD the/DT phone/NN three/CD years/NNS ago/RB ./.","{D Well, } actually as a matter of fact, they just ran the phone three years ago. /"
b,A,Uh-huh/UH ./.,Uh-huh. /
sd,B,We/PRP did/VBD n't/RB have/VB a/DT phone/NN ./.,We didn't have a phone. /
b,A,Uh-huh/UH ./.,Uh-huh. /
sd,B,They/PRP did/VBD n't/RB have/VB phone/NN lines/NNS ./.,They didn't have phone lines. /
sd,B,You/PRP just/RB could/MD n't/RB get/VB phones/NNS ./.,You just couldn't get phones. /
b,A,Yeah/UH ./.,Yeah. /
sd,B,"And/CC ,/, uh/UH ,/, we/PRP are/VBP on/IN the/DT ,/, we/PRP are/VBP third/JJ from/IN the/DT end/NN on/IN the/DT electric/JJ string/NN ./.","{C And, } {F uh, } [ we are on the, + we are third from the end on the ] electric string. /"
b,A,Uh-huh/UH ./.,Uh-huh. /
sd,B,"So/RB ,/, we/PRP are/VBP at/IN the/DT end/NN of/IN the/DT mail/NN route/NN ./.","{C So, } we are at the end of the mail route <laughter>. /"
b,A,Yeah/UH ./.,Yeah. /
sv,B,"Like/IN I/PRP said/VBD ,/, we/PRP are/VBP probably/RB as/RB far/RB as/IN you/PRP can/MD get/VB from/IN the/DT Seven/NNP Eleven/NNP and/CC still/RB be/VB in/IN Texas/NNP ./.","Like I said, we are probably as far as you can get from the Seven Eleven and still be in Texas. /"
aa,A,"Yeah/UH ,/,","Yeah, /"
aap_am,A,"I/PRP guess/VBP so/RB ,/, huh/UH ./.","I guess so, {F huh. } /"
sd,B,"But/CC ,/, uh/UH ,/, you/PRP know/VBP ,/, right/RB now/RB ,/, uh/UH ,/, what/WP we/PRP did/VBD ,/, my/PRP$ wife/NN and/CC I/PRP ,/, is/VBZ we/PRP got/VBD a/DT mobile/JJ home/NN ./.","{C But, } {F uh, } {D you know, } right now, {F uh, } what we did, my wife and I, is we got a mobile home."
b,A,Uh-huh/UH ./.,Uh-huh. /
+,B,"One/CD of/IN these/DT twelve/CD by/IN forty-eight/CD 's/NNS that/WDT got/VBD repoed/VBN ,/,","One of these twelve by forty-eight's that got repoed,"
b,A,Uh-huh/UH ./.,Uh-huh. /
+,B,"And/CC ,/, uh/UH ,/, swapped/VBD them/PRP a/DT Cadillac/NNP for/IN it/PRP and/CC put/VBD it/PRP out/IN here/RB on/IN the/DT land/NN figuring/VBG I/PRP would/MD build/VB a/DT house/NN some/DT day/NN ,/, you/PRP know/VBP ./.","And, {F uh, } swapped them a Cadillac for it and put it out here on the land figuring I would build a house some day, {D you know. } /"
b,A,Uh-huh/UH ./.,Uh-huh. /
sd,B,I/PRP 'm/VBP in/IN construction/NN,I'm in construction /
sd,B,"and/CC ,/, uh/UH ,/, you/PRP know/VBP I/PRP just/RB had/VBD this/DT place/NN you/PRP know/VBP to/TO shower/VB up/RP while/IN I/PRP was/VBD you/PRP know/VBP out/IN here/RB ,/, you/PRP know/VBP ,/, putting/VBG up/RP fence/NN and/CC building/VBG a/DT driveway/NN and/CC drilling/VBG a/DT well/NN and/CC all/PDT that/DT stuff/NN you/PRP have/VBP to/TO do/VB before/IN you/PRP can/MD even/RB put/VB a/DT house/NN in/RB you/PRP know/VBP ./.","{C and, } {F uh, } {D you know } I just had this place {D you know } to shower up while I was you know out here, {D you know, } putting up fence and building a driveway and drilling a well and all that stuff you have to do before you can even put a house in {D you know. } /"
b,A,Uh-huh/UH ./.,Uh-huh. /
sd,B,"And/CC ,/, uh/UH ,/, I/PRP came/VBD home/RB from/IN work/NN one/CD Friday/NNP afternoon/NN","{C And, } {F uh, } I came home from work one Friday afternoon /"
sd,B,and/CC our/PRP$ truck/NN was/VBD back/RB ./.,{C and } our truck was back. /
sd,B,Everything/NN we/PRP had/VBD was/VBD in/IN boxes/NNS,Everything we had was in boxes /
sd,B,"and/CC my/PRP$ wife/NN said/VBD ,/, uh/UH ,/, we/PRP 're/VBP moving/VBG ./.","{C and } my wife said, {F uh, } we're moving. /"
b,A,Uh/UH ./.,{F Uh. } /
sd,B,And/CC I/PRP said/VBD where/WRB ./.,{C And } I said where. /
sd,B,And/CC she/PRP said/VBD out/IN to/IN the/DT trailer/NN ./.,{C And } she said out to the trailer. /
sd,B,"And/CC I/PRP said/VBD ,/, oh/UH ./.","{C And } I said, oh. /"
sd,B,She/PRP said/VBD yep/UH,She said yep /
sd,B,and/CC I/PRP said/VBD okay/UH ./.,{C and } I said okay <laughter>. /
b,A,Uh/UH ./.,{F Uh. } /
sd,B,"So/RB ,/, we/PRP have/VBP been/VBN roughing/VBG it/PRP out/IN here/RB for/IN about/RB three/CD years/NNS ,/,","{C So, } we have been roughing it out here for about three years, /"
sd,B,but/CC it/PRP is/VBZ not/RB bad/JJ ./.,{C but } it is not bad. /
sd,B,"I/PRP ,/, we/PRP have/VBP color/NN T/NN V/NN ,/, microwave/NN you/PRP know/VBP --/:","[ I, + we ] have color T V, microwave {D you know } -- /"
b,A,Yeah/UH ./.,Yeah. /
sd,B,"--/: it/PRP is/VBZ not/RB horrible/NN ,/,","-- it is not horrible, /"
sv,B,"but/CC it/PRP 's/BES ,/, it/PRP 's/BES a/DT lot/NN like/IN camping/VBG ./.","{C but } [ it's, + it's ] a lot like camping. /"
b,A,Uh-huh/UH ./.,Uh-huh. /
b,A,"Yeah/UH ,/,","Yeah, /"
sd,A,"well/UH I/PRP grew/VBD up/RP in/IN California/NNP ,/, in/IN southe/JJ ,/, --/:","{D well } I grew up in California, [ in southe-, -- +"
b,B,Uh-huh/UH ./.,Uh-huh. /
+,A,--/: in/IN central/JJ California/NNP --/:,-- in central ] California --
b,B,Uh-huh/UH ./.,Uh-huh. /
+,A,--/: right/RB in/IN the/DT valley/NN ./.,-- right in the valley. /
sd,A,So/RB it/PRP is/VBZ a/DT forty-five/CD minute/NN drive/NN to/IN the/DT mountains/NNS,{C So } it is a forty-five minute drive to the mountains /
sd,A,"and/CC ,/, uh/UH ,/, so/RB my/PRP$ dad/NN loved/VBD fishing/NN and/CC camping/NN ./.","[ {C and, } + {F uh, } {C so } ] my dad loved fishing and camping. /"
sd,A,So/RB we/PRP would/MD go/VB up/RB ./.,{C So } we would go up. /
sd,A,"First/RB ,/, we/PRP went/VBD up/RB just/RB to/TO ,/, uh/UH ,/, with/IN a/DT Toyota/NNP pick/GW up/^NN truck/NN and/CC laid/VBD out/RB our/PRP$ sleeping/NN bags/NNS under/IN the/DT stars/NNS and/CC you/PRP know/VBP cooked/VBD our/PRP$ ,/, uh/UH ,/, hot/JJ dogs/NNS by/IN the/DT fire/NN or/CC whatever/WDT ./.","First, we went up [ just to, + ] {F uh, } with a Toyota pick up truck and laid out our sleeping bags under the stars and {D you know } cooked our, {F uh, } hot dogs by the fire or whatever. /"
ba,B,Sure/UH ./.,Sure. /
sd,A,But/CC then/RB later/RB my/PRP$ mom/NN and/CC dad/NN got/VBD a/DT camper/NN,{C But } then later my mom and dad got a camper /
sv,A,"so/UH ,/, uh/UH --/:","{C so, } {F uh } --"
^2,B,Became/VBD civilized/JJ ./.,Became civilized. /
+,A,--/: we/PRP have/VBP kind/RB of/RB moved/VBN up/RP ./.,-- we have kind of moved up. /
aa,A,Yeah/UH ./.,Yeah. /
sv,A,A/DT little/JJ bit/NN in/IN the/DT world/NN ./.,A little bit in the world. /
b,B,"Yeah/UH ,/,","Yeah, /"
sd,B,my/PRP$ mom/NN goes/VBZ camping/VBG you/PRP know/VBP ./.,my mom goes camping {D you know. } /
sd,B,"She/PRP takes/VBZ her/PRP ,/, uh/UH ,/, motor/NN home/NN ./.","She takes her, {F uh, } motor home. /"
sd,B,"You/PRP know/VBP ,/, she/PRP 's/HVS got/VBN one/CD of/IN these/DT huge/JJ Winnebago/NNP 's/NNS with/IN a/DT refrigerator/NN and/CC air-conditioning/NN ,/, color/NN T/NN V/NN ,/, microwave/NN oven/NN --/:","{D You know, } she's got one of these huge Winnebago's with a refrigerator and air-conditioning, color T V, microwave oven <laughter> --"
b,A,Yeah/UH ./.,Yeah. /
+,B,--/: you/PRP know/VBP ./.,-- {D you know } <laughter>. /
%,B,"She/PRP just/RB ,/,","She just, - /"
sd,B,roughing/VBG it/PRP for/IN me/PRP is/VBZ going/VBG to/IN the/DT Holiday/NNP Inn/NNP and/CC getting/VBG a/DT shower/NN ./.,roughing it for me is going to the Holiday Inn and getting a shower.
b,A,Yeah/UH ./.,Yeah. /
+,B,You/PRP know/VBP ./.,{D You know. } /
x,A,./.,<Laughter>.
sd,B,"But/CC ,/, you/PRP know/VBP ,/, she/PRP has/VBZ a/DT lot/NN of/IN fun/NN ./.","{C But, } {D you know, } she has a lot of fun. /"
b,A,Uh-huh/UH ./.,Uh-huh. /
%,B,"And/CC mostly/RB ,/, it/PRP is/VBZ just/RB a/DT way/NN to/TO ,/,","{C And } mostly, it is just a way to, - /"
sd,B,"she/PRP ,/, she/PRP goes/VBZ to/IN dog/NN shows/NNS ./.","[ she, + she ] goes to dog shows. /"
b,A,Uh-huh/UH ./.,Uh-huh. /
sd,B,"See/VB ,/, she/PRP shows/VBZ dogs/NNS","{D See, } she shows dogs /"
sd,B,"and/CC ,/, uh/UH ,/, you/PRP can/MD sneak/VB a/DT dog/NN into/IN a/DT motel/NN --/:","{C and, } {F uh, } you can sneak a dog into a motel -- /"
b,A,Uh-huh/UH ./.,Uh-huh. /
sd,B,--/: but/CC you/PRP ca/MD n't/RB sneak/VB ten/CD dogs/NNS into/IN a/DT motel/NN ./.,-- {C but } you can't sneak ten dogs into a motel. /
aa,A,No/UH ./.,No <laughter>. /
sd,B,"So/UH ,/, she/PRP ,/, uh/UH ,/, you/PRP know/VBP ,/, takes/VBZ the/DT motor/NN home/NN ./.","{C So, } she, {F uh, } {D you know, } takes the motor home <sniffing>. /"
sd,B,And/CC she/PRP made/VBD a/DT deal/NN with/IN my/PRP$ dad/NN that/IN she/PRP would/MD take/VB all/PDT the/DT dogs/NNS with/IN her/PRP when/WRB she/PRP went/VBD dog/NN showing/NN ./.,{C And } she made a deal with my dad that she would take all the dogs with her when she went dog showing. /
b,A,Uh-huh/UH ./.,Uh-huh. /
%,B,"And/CC she/PRP ,/,","{C And } she, - /"
sd,B,if/IN he/PRP would/MD buy/VB her/PRP a/DT motor/NN home/NN ./.,if he would buy her a motor home <laughter>. /
sd,B,So/UH he/PRP did/VBD ./.,{C So } he did <laughter>. /
sd,B,"But/CC as/RB far/RB as/IN camping/NN ,/, my/PRP$ wife/NN and/CC I/PRP have/VBP plans/NNS to/TO ,/, uh/UH ,/, not/RB really/RB camp/VB per/FW se/FW ,/, but/CC to/TO drive/VB up/IN the/DT ,/, uh/UH ,/, you/PRP know/VBP ,/, Highway/NN One/CD there/RB in/IN California/NNP --/:","{C But } as far as camping, my wife and I have plans to, {F uh, } not really camp per se, but to drive up the, {F uh, } {D you know, } Highway One there in California --"
b,A,Uh-huh/UH ./.,Uh-huh. /
+,B,"--/: uh/UH ,/, as/RB soon/RB as/IN we/PRP get/VBP this/DT house/NN finished/VBN ./.","-- {F uh, } as soon as we get this house finished. /"
b,A,Yeah/UH ./.,Yeah. /
ba,A,"Oh/UH that/DT 's/BES ,/, uh/UH ,/,","{F Oh } [ that's, + {F uh, }"
sd,B,I/PRP am/VBP going/VBG to/TO need/VB a/DT vacation/NN ./.,I am going to need a vacation <laughter>. /
+,A,That/DT will/MD be/VB pretty/JJ ./.,That will be ] pretty. /
sv,A,That/DT 's/BES really/RB pretty/JJ out/IN there/RB ./.,That's really pretty out there. /
sv,A,"There/EX are/VBP a/DT lot/NN of/IN nice/JJ places/NNS ,/,","There are a lot of nice places, /"
