act_tag,speaker,pos,text
x,A,,<Child>.
sd,B,"Well/UH ,/, I/PRP 'll/MD tell/VB you/PRP why/WRB I/PRP feel/VBP so/RB ,/,","{D Well, } I'll tell you why I feel so, - /"
sd,B,I/PRP feel/VBP strongly/RB about/IN this/DT topic/NN ./.,I feel strongly about this topic. /
sd,B,I/PRP do/VBP n't/RB know/VB a/DT whole/JJ lot/NN about/IN the/DT immigration/NN laws/NNS ./.,I don't know a whole lot about the immigration laws. /
sd,B,"But/CC I/PRP do/VBP know/VB that/IN in/IN the/DT ,/, where/WRB I/PRP live/VBP and/CC I/PRP teach/VBP school/NN ,/, there/EX are/VBP so/RB many/JJ Orientals/NNPS that/WDT have/VBP come/VBN here/RB","{C But } I do know that in the, where I live and I teach school, there are so many Orientals that have come here /"
sd,B,"and/CC there/EX 's/BES a/DT lot/NN of/IN Mexican/JJ people/NNS too/RB ./. Which/WDT is/VBZ not/RB ,/, neither/DT here/RB nor/CC there/RB ,/,","{C and } there's a lot of Mexican people too. Which is not, neither here nor there, /"
sv,B,"but/CC the/DT fact/NN is/VBZ that/IN all/PDT the/DT Orientals/NNPS that/WDT are/VBP here/RB are/VBP very/RB affluent/JJ ,/, uh/UH ,/, very/RB wise/JJ in/IN money/NN matters/NNS and/CC have/VBP ta-/XX ,/, have/VBP taken/VBN over/IN a/DT lot/NN of/IN businesses/NNS ,/,","{C but } the fact is that all the Orientals that are here are very affluent, {F uh, } very wise in money matters and [ have ta-, + have taken ] over a lot of businesses, <laughter> /"
%,B,"and/CC have/VBP ,/,","{C and } have, - /"
%,B,"Really/UH ,/, ki-/XX ,/,","<child_talking> {D Really, } ki-, - /"
sv,B,it/PRP 's/BES kind/RB of/RB scary/JJ because/IN they/PRP 're/VBP so/RB bright/JJ ./.,it's kind of scary because they're so bright. /
sv,B,"They/PRP 're/VBP ,/, all/PDT the/DT kids/NNS that/WDT I/PRP have/VBP that/WDT are/VBP Oriental/JJ are/VBP really/RB far/RB above/IN the/DT American/JJ kids/NNS ./.","[ They're, + ] all the kids that I have that are Oriental are really far above the American kids. /"
%,B,"And/CC they/PRP ,/,","{C And } they, - /"
sv,B,"and/CC the/DT ,/, the/DT parents/NNS are/VBP unbelievable/JJ because/IN they/PRP are/VBP just/RB on/IN the/DT way/NN up/RB ./.","{C and } [ the, + the ] parents are unbelievable because they are just on the way up. /"
sv,B,And/CC money/NN is/VBZ their/PRP$ main/JJ goal/NN ./.,{C And } money is their main goal. /
sv,B,"And/CC it/PRP 's/BES k-/XX ,/, it/PRP really/RB is/VBZ kind/RB of/RB scary/JJ because/IN there/EX 's/BES ,/, there/EX 's/BES just/RB oodles/NNS of/IN them/PRP ./.","{C And } [ it's k-, + it ] really is kind of scary <laughter> because [ there's, + there's ] just oodles of them. /"
sv,B,And/CC you/PRP can/MD not/RB believe/VB the/DT businesses/NNS and/CC corporations/NNS that/WDT have/VBP been/VBN taken/VBN over/RP by/IN Orientals/NNPS ./.,{C And } you can not believe the businesses and corporations that have been taken over by Orientals. /
sv,B,"And/CC it/PRP 's/BES k-/XX ,/, it/PRP 's/BES kind/RB of/RB scares/VBZ me/PRP ,/, not/RB that/IN I/PRP do/VBP n't/RB want/VB them/PRP here/RB and/CC not/RB that/IN I/PRP do/VBP n't/RB appreciate/VB the/DT fact/NN that/IN ,/, you/PRP know/VBP ,/, that/IN they/PRP have/VBP rights/NNS too/RB ./.","{C And } [ it's k-, + it's kind ] of scares me, not that I don't want them here and not that I don't appreciate the fact [ that, + {D you know, } that ] they have rights too. /"
sv,B,"But/CC on/IN the/DT other/JJ hand/NN ,/, you/PRP feel/VBP like/IN almost/RB they/PRP 're/VBP ,/, they/PRP 're/VBP invading/VBG us/PRP to/IN the/DT point/NN where/WRB they/PRP 're/VBP going/VBG to/TO take/VB over/RP ./.","{C But } <sigh> on the other hand, you feel like almost [ they're, + they're ] invading us to the point where they're going to take over </Child>. /"
aa,A,Right/UH ./.,Right. /
sd,A,"Actually/UH my/PRP$ son/NN once/RB said/VBD that/IN ,/, that/IN ,/, perhaps/RB ,/, uh/UH ,/, what/WP we/PRP should/MD do/VB is/VBZ ,/, is/VBZ buy/VB a/DT little/JJ square/NN of/IN land/NN some/DT place/NN in/IN the/DT Midwest/NNP ./.","{D Actually } my son once said [ that, + that, ] perhaps, {F uh, } what we should do [ is, + is ] buy a little square of land some place in the Midwest. /"
sv,A,"And/CC ,/, and/CC that/DT might/MD be/VB the/DT solution/NN ./.","[ {C And, } + {C and } ] that might be the solution <laughter>. /"
aa,B,"I/PRP think/VBP probably/RB that/DT 's/BES ,/,","I think probably that's,"
x,A,,<Laughter>.
b,A,Uh-huh/UH ./.,Uh-huh. /
sd,B,"And/CC I/PRP was/VBD born/VBN in/IN Ohio/NNP ,/,","{C And } I was born in Ohio, /"
b,A,Uh-huh/UH ./.,Uh-huh. /
%,B,"so/RB it/PRP ,/, it/PRP really/RB","{C so } [ it, + it ] really - /"
sd,B,"and/CC there/EX is/VBZ ,/, there/EX are/VBP a/DT lot/NN of/IN Mexican/JJ people/NNS here/RB because/IN we/PRP 're/VBP so/RB close/RB to/IN the/DT border/NN ./.","{C and } [ there is, + there are ] a lot of Mexican people here because we're so close to the border. /"
b,A,Uh-huh/UH ./.,Uh-huh. /
sd,B,"And/CC ,/, and/CC they/PRP are/VBP wonderful/JJ people/NNS","[ {C And, } + {C and } ] they are wonderful people /"
sd,B,"and/CC ,/, and/CC I/PRP 'm/VBP not/RB ,/, you/PRP know/VBP ,/, I/PRP do/VBP n't/RB want/VB to/TO deny/VB them/PRP their/PRP$ rights/NNS ./.","[ {C and, } + {C and } ] [ I'm not, + <child> {D you know, } I don't ] want to deny them their rights. /"
sv,B,"Just/RB that/IN you/PRP ,/, you/PRP feel/VBP like/IN when/WRB you/PRP were/VBD born/VBN and/CC raised/VBN here/RB and/CC you/PRP worked/VBD re-/XX ,/, very/RB hard/JJ to/TO make/VB this/DT country/NN what/WP it/PRP is/VBZ ,/, uh/UH ,/, it/PRP scares/VBZ you/PRP when/WRB you/PRP feel/VBP like/IN somebody/NN 's/BES taking/VBG over/RP ./.","Just that you, you feel like when you were born and raised here and you worked [ re-, + ] very hard to make this country what it is, {F uh, } it scares you when you feel like somebody's taking over. /"
sv,B,"And/CC a/DT lot/NN of/IN these/DT people/NNS plan/VBP one/CD day/NN to/TO go/VB back/RB ,/, you/PRP know/VBP ,/, to/IN ,/, to/IN Vietnam/NNP or/CC to/IN ,/, you/PRP know/VBP ,/, Taiwan/NNP or/CC wherever/WRB they/PRP 're/VBP from/RB ./. And/CC take/VB with/IN them/PRP a/DT lot/NN of/IN American/JJ dollars/NNS plus/CC a/DT lot/NN of/IN power/NN in/IN American/NNP com-/XX ,/, com-/XX ,/, companies/NNS ./.","{C And } a lot of these people plan one day to go back, {D you know, } [ to, + to ] Vietnam or to, {D you know, } Taiwan or wherever they're from. And take with them a lot of American dollars plus a lot of power in American [ [ com-, + com-, ] + companies. ] /"
sv,B,And/CC it/PRP 's/BES kind/RB of/RB scary/JJ ./.,{C And } it's kind of scary <Laughter>. /
b,A,"Uh-huh/UH ,/,","Uh-huh, /"
b,A,uh-huh/UH ./.,uh-huh. /
h,B,"And/CC ,/, you/PRP know/VBP ,/, I/PRP do/VBP n't/RB know/VB ,/,","{C And, } {D you know, } I don't know, /"
sd,B,"I/PRP do/VBP n't/RB know/VB the/DT immigration/NN laws/NNS that/RB ,/, uh/UH ,/, that/RB","I don't know the immigration laws [ that, + {F uh, } that ] - /"
h,B,"well/RB and/CC I/PRP do/VBP not/RB ,/,","{D well } {C and } I do not, /"
sd,B,and/CC in/IN fact/NN I/PRP do/VBP n't/RB know/VB them/PRP at/IN all/DT ./.,{C and } in fact I don't know them at all. /
sd,B,"I/PRP do/VBP n't/RB know/VB how/WRB many/JJ people/NNS they/PRP allow/VBP in/IN the/DT United/NNP States/NNPS per/IN year/NN or/CC if/IN there/EX 's/BES even/RB a/DT ,/,","I don't know how many people they allow in the United States per year or if there's even a, - /"
sd,B,I/PRP do/VBP n't/RB even/RB know/VB if/IN there/EX is/VBZ a/DT number/NN that/WDT they/PRP allow/VBP in/IN anymore/RB ./.,I don't even know if there is a number that they allow in anymore. /
qy,B,Do/VBP you/PRP know/VBP anything/NN about/IN that/DT ?/.,Do you know anything about that? /
nn,A,"No/UH ,/,","No, /"
sd,A,"I/PRP do/VBP n't/RB ,/,","I don't, /"
h,A,I/PRP do/VBP n't/RB know/VB ./.,I don't know. /
sd,A,I/PRP lived/VBD in/IN the/DT Middle/NNP East/NNP for/IN sometime/RB,I lived in the Middle East for sometime /
sd,A,"and/CC I/PRP ,/, I/PRP --/:","{C and } [ I, + I ] --"
b,B,Oh/UH ./.,Oh. /
+,A,"--/: do/VBP believe/VB there/EX must/MD have/VB been/VBN some/DT sort/NN of/IN quota/NN system/NN because/IN ,/, uh/UH ,/, I/PRP know/VBP a/DT lot/NN of/IN people/NNS that/WDT were/VBD ,/, in/IN a/DT sense/NN ,/, not/RB ,/, qualified/JJ is/VBZ the/DT wrong/JJ word/NN ,/, but/CC certainly/RB were/VBD deserving/JJ to/TO come/VB ./.","-- do believe there must have been some sort of quota system because, {F uh, } <lipsmack> I know a lot of people that [ were, + in a sense, [ not, + ] {A qualified is the wrong word, } [ but + ] certainly were ] deserving to come. /"
b,B,Uh-huh/UH ./.,Uh-huh. /
sv,A,And/CC it/PRP seemed/VBD to/TO take/VB them/PRP a/DT long/JJ time/NN,{C And } it seemed to take them a long time /
sd,A,"or/CC ,/, or/CC there/EX was/VBD a/DT lot/NN of/IN uncertainty/NN as/IN to/IN whether/IN they/PRP would/MD be/VB able/JJ to/TO come/VB ./.","[ {C or, } + {C or } ] there was a lot of uncertainty as to whether they would be able to come <lipsmack>. /"
b,B,Yeah/UH ./.,Yeah. /
sv,A,"And/CC so/RB I/PRP would/MD guess/VB that/IN ,/, you/PRP know/VBP ,/, there/EX are/VBP quotas/NNS for/IN different/JJ places/NNS ./.","<Lipsmack> {C And so } I would guess that, {D you know, } there are quotas for different places. /"
aa,B,I/PRP would/MD think/VB so/RB too/RB ./.,I would think so too. /
%,B,"It/PRP ,/,","It, -/"
sv,A,"You/PRP know/VBP ,/, I/PRP ,/, I/PRP ,/, I/PRP think/VBP there/EX 's/BES something/NN about/IN being/VBG able/JJ to/TO ,/, to/TO claim/VB ,/, um/UH ,/, imminent/JJ danger/NN","{D You know, } [ [ I, + I, ] + I ] think there's something about being able [ to, + to ] claim, {F um, } imminent danger /"
sd,A,"or/CC ,/, I/PRP 'm/VBP not/RB sure/JJ what/WP the/DT terminology/NN is/NNS ./.","{C or, } I'm not sure what the terminology is. /"
b,B,"Uh-huh/UH ,/,","Uh-huh, /"
b,B,uh-huh/UH ./.,uh-huh. /
sv,A,"Maybe/RB political/JJ a-/XX ,/,","Maybe political a-, -/"
^2,B,"Asylum/NN ,/, of/IN some/DT sort/NN ./.","Asylum, of some sort. /"
aa,A,Yeah/UH ./.,Yeah. /
aa,A,"There/EX ,/, there/EX you/PRP go/VBP ./.","[ There, + there ] you go. /"
aa,A,You/PRP got/VBD the/DT term/NN ./.,You got the term. /
b,B,Uh-huh/UH ./.,Uh-huh. /
sv,A,"And/CC maybe/RB that/DT 's/BES a/DT ,/, an/DT issue/NN with/IN a/DT ,/, a/DT lot/NN of/IN people/NNS ./.","{C And } maybe that's [ a, + an ] issue with [ a, + a ] lot of people. /"
h,A,I/PRP do/VBP n't/RB know/VB ./.,I don't know. /
sd,A,"I/PRP ,/, I/PRP guess/VBP I/PRP have/VBP n't/RB been/VBN in/IN a/DT situation/NN where/WRB it/PRP 's/HVS ,/, it/PRP 's/HVS been/VBN threatening/VBG to/IN ,/, to/IN me/PRP ./. Uh/UH ,/,","[ I, + I ] guess I haven't been in a situation where [ it's, + it's ] been threatening [ to, + to ] me. {F Uh, } /"
sd,B,"and/CC ,/, and/CC ,/, uh/UH ,/, my/PRP$ kids/NNS go/VBP to/IN school/NN in/IN another/DT suburb/NN of/IN Dallas/NNP ./. And/CC ,/, with/IN very/RB ,/, very/RB good/JJ school/NN systems/NNS ./.","[ {C and, } + {C and, } ] {F uh, } my kids go to school in another suburb of Dallas. [ And, + ] with very, very good school systems. /"
sd,B,"And/CC they/PRP 're/VBP considered/VBN ,/, you/PRP know/VBP one/CD of/IN the/DT top/JJ three/CD in/IN the/DT state/NN ./. Both/DT of/IN them/PRP ,/, you/PRP know/VBP ./.","{C And } they're considered, {D you know } one of the top three in the state. Both of them, {D you know. } /"
b,A,Uh-huh/UH ./.,Uh-huh. /
sv,B,And/CC it/PRP seems/VBZ like/IN a/DT lot/NN of/IN the/DT Orientals/NNPS make/NN sure/JJ that/IN their/PRP$ kids/NNS go/VBP to/IN these/DT schools/NNS ./.,{C And } it seems like a lot of the Orientals make sure that their kids go to these schools. /
b,A,Uh-huh/UH ./.,Uh-huh. /
sd,B,And/CC they/PRP 're/VBP head/NN and/CC shoulders/NNS above/IN a/DT lot/NN of/IN the/DT kids/NNS here/RB ./.,{C And } they're head and shoulders above a lot of the kids here. /
sd,B,"And/CC the/DT kids/NNS in/IN this/DT area/NN are/VBP very/RB bright/JJ ./. And/CC come/VBP from/IN ,/, you/PRP know/VBP ,/, parents/NNS that/WDT are/VBP professionals/NNS or/CC semiprofessionals/NNS and/CC ,/, and/CC ,/, uh/UH ,/, very/RB interested/JJ in/IN their/PRP$ education/NN ./.","{C And } the kids in this area are very bright. And come from, {D you know, } parents that are professionals or semiprofessionals [ and, + and, ] {F uh, } very interested in their education. /"
sv,B,"But/CC ,/, uh/UH ,/, I/PRP think/VBP in/IN the/DT ,/, last/JJ year/NN ,/, I/PRP 'm/VBP not/RB ,/, if/IN I/PRP 'm/VBP not/RB mistaken/VBN ,/, in/IN four/CD of/IN the/DT six/CD high/JJ schools/NNS ,/, the/DT graduating/VBG class/NN valedictorian/NN and/CC salutatorian/NN were/VBD ,/, uh/UH ,/, alm-/XX ,/, half/JJ or/CC more/JJR Oriental/JJ ./.","{C But, } {F uh, } I think in the, last year, [ I'm not, + if I'm not ] mistaken, in four of the six high schools, the graduating class valedictorian and salutatorian were, {F uh, } [ alm-, + ] half or more Oriental. /"
b,A,"Uh-huh/UH ,/,","Uh-huh, /"
b,A,uh-huh/UH ./.,uh-huh. /
sd,B,"And/CC ,/, you/PRP know/VBP ,/, they/PRP 're/VBP just/RB extremely/RB bright/JJ kids/NNS ./.","{C And, } {D you know, } they're just extremely bright kids. /"
sd,B,And/CC also/RB they/PRP value/VBP learning/NN ./.,{C And } also they value learning. /
sv,A,"I/PRP was/VBD going/VBG to/TO say/VB ,/, I/PRP 'm/VBP not/RB s-/XX ,/, I/PRP ,/, I/PRP would/MD guess/VB that/IN it/PRP 's/BES not/RB that/IN they/PRP are/VBP any/DT brighter/JJR ,/,","I was going to say, [ I'm not s-, + ] [ I, + I ] would guess that it's not that they are any brighter, /"
sv,A,but/CC they/PRP just/RB maybe/RB work/VBP harder/RBR,{C but } they just maybe work harder /
%,A,"or/CC ,/,","{C or, } -/"
sv,B,"Well/UH ,/, I/PRP ,/, I/PRP think/VBP things/NNS come/VBP easy/JJ for/IN them/PRP too/RB ./.","{D Well, } [ I, + I ] think things come easy for them too. /"
sv,B,But/CC I/PRP do/VBP think/VB that/IN they/PRP have/VBP that/DT work/NN ethic/NN that/WDT we/PRP somehow/RB have/VBP missed/VBN the/DT boat/NN in/IN with/IN a/DT lot/NN of/IN kids/NNS in/IN the/DT United/NNP States/NNPS ./.,{C But } I do think that they have that work ethic that we somehow have missed the boat in with a lot of kids in the United States. /
sv,B,"I/PRP do/VBP n't/RB ,/, they/PRP ,/, uh/UH ,/, do/VBP n't/RB want/VB to/TO work/VB for/IN anything/NN ./.","[ I don't, + they, {F uh, } don't ] want to work for anything. /"
sv,B,They/PRP want/VBP it/PRP to/TO come/VB to/IN them/PRP but/CC and/CC be/VB there/EX,They want it to come to them [ but + and ] be there /
sv,B,but/CC they/PRP do/VBP n't/RB want/VB to/TO work/VB hard/JJ ./.,{C but } they don't want to work hard. /
sd,B,And/CC these/DT kids/NNS work/VBP really/RB hard/JJ ./.,{C And } these kids work really hard. /
b,A,"Right/UH ,/,","Right, /"
b,A,right/UH ./.,right. /
%,A,"May-/XX ,/,","May-, -/"
sd,B,"And/CC ,/, and/CC they/PRP have/VBP ,/,","[ {C And, } + {C and } ] they have, -/"
sv,A,"but/CC maybe/RB part/NN of/IN that/DT 's/BES the/DT problem/NN that/WDT here/RB we/PRP 've/VBP ,/, we/PRP 've/VBP let/VB this/DT value/NN slip/VB ./.","{C but } maybe part of that's the problem that here [ we've, + we've ] let this value slip. /"
aa,B,Yeah/UH ./.,Yeah. /
aa,B,"I/PRP know/VBP ,/,","I know, /"
aa,B,I/PRP agree/VBP with/IN that/DT ./.,I agree with that. /
sv,A,And/CC they/PRP need/VBP to/TO have/VB some/DT competition/NN ./.,{C And } they need to have some competition. /
sv,B,"But/CC what/WP I/PRP see/VBP is/VBZ y-/XX ,/,","{C But } what I see is y-, - /"
sd,B,"the/DT competition/NN is/VBZ there/RB ,/,","the competition is there, /"
sv,B,"but/CC instead/IN of/IN meeting/VBG the/DT challenge/NN ,/, they/PRP 're/VBP starting/VBG to/TO resent/VB them/PRP ./.","{C but } instead of meeting the challenge, they're starting to resent them. /"
b,A,Uh-huh/UH ./.,Uh-huh. /
sv,B,"And/CC it/PRP 's/BES causing/VBG ,/, you/PRP know/VBP ,/, I/PRP think/VBP some/DT ,/, some/DT problems/NNS ./.","{C And } it's causing, {D you know, } I think [ some, + some ] problems. /"
sv,A,"Well/UH ,/, that/DT 's/BES too/RB bad/JJ ./.","{D Well, } that's too bad. /"
b,A,Uh-huh/UH ./.,Uh-huh. /
b,A,Uh-huh/UH ./.,Uh-huh. /
sv,B,"And/CC it/PRP 's/BES mainly/RB Black/JJ and/CC ,/, and/CC ,/, and/CC Hispanic/JJ ./.","{C And } it's mainly Black [ [ and, + and, ] + and ] Hispanic. /"
b,A,"Uh-huh/UH ,/,","Uh-huh, /"
b,A,uh-huh/UH ./.,uh-huh. /
sd,B,"But/CC ,/, uh/UH ,/, there/EX is/VBZ some/DT ,/, there/EX has/VBZ been/VBN some/DT resentment/NN with/IN Orientals/NNPS in/IN the/DT Black/JJ community/NN because/IN they/PRP 've/VBP started/VBN businesses/NNS there/RB ,/,","{C But, } {F uh, } [ there is some, + there has been some ] resentment with Orientals in the Black community because they've started businesses there, /"
sv,B,"and/CC the/DT Blacks/NNPS resent/VBP them/PRP coming/VBG in/RB and/CC taking/VBG their/PRP$ money/NN ,/,","{C and } the Blacks resent them coming in and taking their money, /"
sd,B,and/CC there/EX 's/HVS been/VBN some/DT violence/NN because/IN of/IN it/PRP ./.,{C and } there's been some violence because of it. /
sv,A,"Oh/UH ,/, that/DT 's/BES really/RB sad/JJ ./.","{F Oh, } that's really sad. /"
aa,B,It/PRP is/VBZ ./.,It is. /
aa,B,"It/PRP 's/BES ,/, it/PRP is/VBZ very/RB sad/JJ ./.","[ It's, + it is ] very sad. /"
b,A,Uh-huh/UH ./.,Uh-huh. /
%,B,"So/RB ,/, you/PRP know/VBP ,/, I/PRP really/RB ,/,","{C So, } {D you know, } I really, - /"
sv,B,"I/PRP ,/, I/PRP 've/VBP ,/, I/PRP 've/VBP always/RB prided/VBN myself/PRP on/IN not/RB being/VBG prejudiced/JJ and/CC being/VBG ,/, you/PRP know/VBP ,/, uh/UH ,/, welcome/VB ,/, welcoming/VBG everyone/NN --/:","[ [ I, + I've, ] + I've ] always prided myself <laughter> on not being prejudiced and [ being, + ] {D you know, } {F uh, } [ welcome, + welcoming ] everyone --"
b,A,Uh-huh/UH ./.,Uh-huh. /
+,B,--/: that/WDT wants/VBZ to/TO come/VB here/RB ./.,-- that wants to come here. /
sd,B,"And/CC even/RB when/WRB I/PRP was/VBD younger/JJR wh-/XX ,/, when/WRB I/PRP was/VBD in/IN college/NN ,/, I/PRP was/VBD a/DT member/NN of/IN the/DT N/NNP A/NNP A/NNP C/NNP P/NNP because/IN I/PRP lived/VBD up/IN north/RB ,/,","{C And } even when I was younger [ wh-, + when ] I was in college, I was a member of the N A A C P because I lived up north, /"
sd,B,"and/CC I/PRP was/VBD very/RB into/IN that/DT ,/, the/DT human/JJ rights/NNS part/NN of/IN everything/NN ./.","{C and } I was very into [ that, + ] the human rights part of everything. /"
b,A,Uh-huh/UH ./.,Uh-huh. /
sd,B,"But/CC I/PRP ,/, I/PRP 've/VBP ,/, I/PRP 've/VBP become/VB very/RB cynical/JJ --/:","{C But } [ [ I, + I've, ] + I've ] become very cynical --"
b,A,Uh-huh/UH ./.,Uh-huh. /
+,B,"--/: in/IN the/DT last/JJ three/CD ,/, four/CD years/NNS living/VBG in/IN Texas/NNP ./.","-- in the last three, four years living in Texas. /"
sv,A,"Well/UH ,/, and/CC it/PRP sounds/VBZ like/IN you/PRP feel/VBP that/IN there/EX is/VBZ need/NN for/IN change/NN ./.","{D Well, } {C and } it sounds like you feel that there is need for change. /"
%,A,"Maybe/RB the/DT ,/, uh/UH ,/, you/PRP know/VBP ,/, the/DT e-/XX ,/,","Maybe [ the, + <lipsmack> <<pause>> {F uh, } {D you know, } the ] e-, - /"
sv,A,"there/EX is/VBZ too/RB big/JJ of/IN a/DT concentration/NN coming/VBG all/DT at/IN once/RB to/TO ,/, to/TO allow/VB for/IN adequate/JJ melting/VBG into/IN the/DT society/NN ./.","there is too big of a concentration coming all at once [ to, + to ] allow for adequate melting into the society. /"
aa,B,"Uh-huh/UH ,/,","Uh-huh, /"
aa,B,uh-huh/UH ./.,uh-huh. /
aa,B,"Well/UH ,/, and/CC exactly/UH ,/,","{D Well, } {C and } exactly, /"
aa,B,that/DT 's/BES exactly/RB true/JJ ./.,that's exactly true. /
sv,B,"Plus/CC the/DT fact/NN that/IN these/DT people/NNS do/VBP come/VB for/IN a/DT short/JJ period/NN of/IN time/NN ./. Two/CD ,/, two/CD ,/, three/CD ,/, four/CD maybe/RB five/CD years/NNS and/CC then/RB go/VB back/RB ./. And/CC pick/VB our/PRP$ brains/NNS ,/, which/WDT is/VBZ wonderful/JJ ,/, and/CC take/VB all/DT that/DT back/RB with/IN them/PRP ./.","Plus the fact that these people do come for a short period of time. Two, two, three, four maybe five years and then go back. And pick our brains, which is wonderful, and take all that back with them. /"
sv,B,"And/CC ,/, and/CC ,/, uh/UH ,/, plus/CC a/DT lot/NN of/IN American/JJ dollars/NNS ./.","[ {C And, } + {C and, } ] {F uh, } plus a lot of American dollars. /"
sv,B,"But/CC in/IN ,/, in/IN the/DT long/JJ run/NN maybe/RB that/DT 's/BES going/VBG to/TO make/VB a/DT better/JJR world/NN too/RB ./.","{C But } [ in, + in ] the long run maybe that's going to make a better world too. /"
aa,A,Right/UH ./.,Right. /
sv,B,"You/PRP know/VBP ,/, you/PRP just/RB do/VBP n't/RB know/VB ./.","{D You know, } you just don't know. /"
aa,A,Exactly/UH ./.,Exactly. /
%,B,"An-/XX ,/,","An-, - /"
%,B,"and/CC yet/RB ,/, you/PRP know/VBP ,/, with/IN ,/, uh/UH ,/, with/IN ,/, uh/UH ,/,","{C and } yet, {D you know, } [ with, + {F uh, } with, ] {F uh, } - /"
sd,B,there/EX 's/BES somebody/NN on/IN my/PRP$ other/JJ line/NN,<<pause>> there's somebody on my other line /
sd,B,but/CC I/PRP 'm/VBP going/VBG to/TO ignore/VB --/:,{C but } I'm going to ignore <laughter> --
b,A,Oh/UH ./.,Oh. /
+,B,--/: that/DT ./.,-- that. /
%,B,"Uh/UH ,/, anyway/UH I/PRP just/RB ,/,","{F Uh, } {D anyway } I just, - /"
sv,B,"you/PRP ,/, you/PRP kind/RB of/RB ,/, you/PRP don-/XX ,/, you/PRP really/RB do/VBP n't/RB know/VB what/WP to/TO do/VB ./.","[ [ [ you, + you kind of, ] + you don-, ] + you really don't ] know what to do. /"
sd,B,"And/CC ,/, and/CC I/PRP do/VBP n't/RB ,/,","[ {C And, } + {C and } ] I don't, - /"
sd,B,I/PRP want/VBP my/PRP$ kids/NNS to/TO have/VB values/NNS where/WRB they/PRP 're/VBP accepting/JJ and/CC so/RB forth/RB ./.,I want my kids to have values where they're accepting and so forth. /
b,A,Uh-huh/UH ./.,Uh-huh. /
sd,B,"And/CC both/DT of/IN my/PRP$ children/NNS are/VBP really/RB tol-/XX ,/, more/RBR tolerant/JJ of/IN Blacks/NNPS and/CC H-/XX ,/, Hispanics/NNPS than/IN they/PRP are/VBP of/IN the/DT Orientals/NNPS ,/,","{C And } both of my children are really [ tol-, + more tolerant ] of Blacks and [ H-, + Hispanics ] than they are of the Orientals,"
b,A,Um/UH ./.,{F Um. } /
+,B,for/IN some/DT reason/NN ./.,for some reason. /
sd,B,"They/PRP feel/VBP ,/, you/PRP know/VBP ,/, like/IN they/PRP 've/VBP taken/VBN over/RP ./.","They feel, {D you know, } like they've taken over. /"
sd,B,"They/PRP feel/VBP like/IN ,/, uh/UH ,/, you/PRP know/VBP ,/, they/PRP 're/VBP taking/VBG some/DT of/IN the/DT ,/, the/DT rewards/NNS that/WDT they/PRP should/MD have/VB ./.","They feel like, {F uh, } {D you know, } they're taking some of [ the, + the ] rewards that they should have. /"
b,A,Right/UH ./.,Right. /
sd,B,And/CC I/PRP really/RB do/VBP n't/RB want/VB that/DT to/TO happen/VB ./.,{C And } I really don't want that to happen. /
b,A,"Right/UH ,/,","Right, /"
sd,B,"But/CC ,/,","[ {C But, } +"
b,A,right/UH ./.,right. /
+,B,but/CC it/PRP 's/BES happening/VBG ./.,{C but } ] it's happening. /
b,A,Right/UH ./.,Right. /
sd,B,And/CC I/PRP think/VBP a/DT lot/NN of/IN their/PRP$ friends/NNS feel/VBP the/DT same/JJ way/NN too/RB ./.,{C And } I think a lot of their friends feel the same way too. /
b,A,"Uh-huh/UH ,/,","Uh-huh, /"
b,A,uh-huh/UH ./.,uh-huh. /
sd,B,"So/RB ,/, and/CC I/PRP really/RB do/VBP wish/VB I/PRP knew/VBD about/IN quotas/NNS and/CC really/RB wish/VB I/PRP","[ {C So, } + {C and } ] I really do wish I knew about quotas and really wish I - /"
b,A,Right/UH ./.,Right. /
aa,A,"I/PRP would/MD ,/, I/PRP would/MD suspect/VB that/IN they/PRP have/VBP ./.","[ I would, + I would ] suspect that they have. /"
sd,A,"Well/UH ,/, I/PRP guess/VBP ,/, um/UH ,/, I/PRP do/VBP n't/RB have/VB much/RB ,/, much/RB more/JJR to/TO contribute/VB to/IN the/DT topic/NN ./.","{D Well, } I guess, {F um, } I don't have much, <laughter> much more to contribute to the topic. /"
b,B,Yeah/UH ./.,Yeah. /
sd,B,I/PRP do/VBP n't/RB really/RB either/RB ./.,I don't really either. /
sd,B,I/PRP wish/VBP I/PRP knew/VBD more/JJR ./.,I wish I knew more. /
b,A,Yeah/UH ./.,Yeah. /
sv,B,"Probably/RB if/IN I/PRP did/VBD ,/, I/PRP might/MD be/VB a/DT little/JJ bit/NN more/JJR ,/, uh/UH ,/, tolerant/JJ ,/,","Probably if I did, <child> I might be a little bit more, {F uh, } tolerant,"
b,A,Uh-huh/UH ./.,Uh-huh. /
+,B,perhaps/RB ./.,perhaps. /
%,B,"And/CC I/PRP ,/,","{C And } I, - /"
sd,B,"and/CC even/RB if/IN I/PRP ,/, I/PRP really/RB wish/VBP I/PRP knew/VBD the/DT situations/NNS they/PRP were/VBD going/VBG back/RB to/IN or/CC coming/VBG from/IN ./.","{C and } even if [ I, + I ] really wish I knew the situations they were going back to or coming from. /"
b,A,Uh-huh/UH ./.,Uh-huh. /
sv,B,You/PRP do/VBP n't/RB know/VB any/DT of/IN that/DT,You don't know any of that /
sv,B,"and/CC you/PRP feel/VBP ,/, you/PRP know/VBP ,/, you/PRP ca/MD n't/RB put/VB yourself/PRP in/IN their/PRP$ shoes/NNS or/CC really/RB understand/VB them/PRP ./.","{C and } you feel, {D you know, } you can't put yourself in their shoes or really understand them. /"
b,A,Right/UH ./.,Right. /
%,B,"Unless/IN ,/,","Unless, - /"
sv,B,"and/CC for/IN some/DT reason/NN Orientals/NNPS are/VBP very/RB ,/, uh/UH ,/,","{C and } for some reason Orientals are very, {F uh, } - /"
sd,B,"my/PRP$ good/JJ friend/NN calls/VBZ them/PRP pushy/JJ ,/,","my good friend calls them pushy, /"
sd,B,"but/CC I/PRP call/VBP them/PRP very/RB ,/, that/IN","{C but } I call them very, that - /"
sv,B,they/PRP know/VBP what/WP they/PRP want/VBP,they know what they want /
sv,B,and/CC they/PRP go/VBP get/VB it/PRP ./.,{C and } they go get it. /
b,A,Uh-huh/UH ./.,Uh-huh. /
sd,B,And/CC in/IN stores/NNS and/CC so/RB --/:,{C And } in stores [ and so -- +
bf,A,Goal/NN directed/JJ ./.,Goal directed. /
+,B,"--/: and/CC so/RB forth/RB it/PRP 's/BES ,/, wh-/XX ,/,","-- and so ] forth it's, wh-, - /"
b,B,pardon/VB me/PRP ?/.,pardon me? /
bf,A,Goal/NN directed/JJ ./.,Goal directed. /
aa,B,Yeah/UH ./.,Yeah. /
sv,B,"But/CC in/IN stores/NNS and/CC things/NNS ,/, sometimes/RB they/PRP can/MD be/VB very/RB impolite/JJ because/IN they/PRP can/MD ,/, they/PRP get/VB in/IN front/NN of/IN you/PRP --/:","{C But } in stores and things, sometimes they can be very impolite because [ they can, + they get ] in front of you --"
b,A,Oh/UH ./.,Oh. /
ba,A,I/PRP see/VBP ./.,I see. /
+,B,"--/: or/CC they/PRP ,/, uh/UH ,/, they/PRP take/VBP something/NN that/WDT you/PRP had/VBD in/IN mind/NN to/TO get/VB before/IN you/PRP did/VBD ./.","-- or [ they, + {F uh, } they ] take something that you had in mind to get before you did. /"
sd,B,"You/PRP know/VBP ,/, just/RB going/VBG for/IN it/PRP ,/, they/PRP take/VBP it/PRP quickly/RB ./.","{D You know, } just going for it, they take it quickly. /"
b,A,Uh-huh/UH ./.,Uh-huh. /
sv,B,"And/CC ,/, uh/UH ,/, they/PRP do/VBP n't/RB think/VB anything/NN of/IN that/DT ./.","{C And, } {F uh, } they don't think anything of that. /"
h,B,"And/CC I/PRP do/VBP n't/RB ,/, you/PRP know/VBP ,/,","{C And } I don't, {D you know, } - /"
sv,B,that/DT 's/BES makes/VBZ people/NNS resentful/JJ too/RB ./.,that's makes people resentful too. /
sv,B,"And/CC so/RB ,/,","[ {C And so, } +"
aa,A,"Sure/UH ,/,","Sure, /"
aa,A,sure/UH ./.,sure. /
+,B,"And/CC yet/RB they/PRP have/VBP ,/, they/PRP have/VBP a/DT right/NN to/TO be/VB here/RB","{C And } ] yet [ they have, + they have ] a right to be here /"
sd,B,and/CC I/PRP know/VBP that/DT ./.,{C and } I know that. /
b,A,Uh-huh/UH ./.,Uh-huh. /
sd,B,"But/CC it/PRP 's/BES ,/, it/PRP sometimes/RB it/PRP 's/BES gets/VBZ touchy/JJ ./.","{C But } [ [ it's, + it ] + sometimes it's ] gets touchy. /"
b,A,"Uh-huh/UH ,/,","Uh-huh, /"
b,A,uh-huh/UH ./.,uh-huh. /
sd,B,"So/RB ,/, and/CC I/PRP 'm/VBP sure/JJ it/PRP 's/BES a/DT lot/NN different/JJ ,/,","[ {C So, } + {C and } ] I'm sure it's a lot different, /"
qy^d,B,"you/PRP 're/VBP from/IN Maryland/NNP ,/,","you're from Maryland,"
ny,A,"Yes/UH ,/,","Yes, /"
+,B,You/PRP said/VBD ?/.,You said? /
qw,B,What/WP part/NN of/IN Maryland/NNP are/VBP you/PRP from/IN ?/.,What part of Maryland are you from? /
sd,A,Up/IN in/IN the/DT Gaithersburg/NNP area/NN ./.,Up in the Gaithersburg area. /
bk,B,"Oh/UH ,/, okay/UH ./.","{F Oh, } okay. /"
sd,B,"My/PRP$ sister/NN used/VBD to/TO live/VB there/RB ,/,","My sister used to live there,"
b,A,Uh-huh/UH ./.,Uh-huh. /
+,B,in/IN that/DT area/NN ./.,in that area. /
sv,B,"And/CC I/PRP ,/, I/PRP 'm/VBP sure/JJ that/IN it/PRP 's/BES a/DT lot/NN different/JJ there/RB ./.","{C And } [ I, + I'm ] sure that it's a lot different there. /"
sv,B,"Uh/UH ,/, it/PRP 's/BES a/DT lot/NN different/JJ in/IN I-/XX ,/, than/IN ,/, in/IN Iowa/NNP than/IN it/PRP is/VBZ here/RB ./.","{F Uh, } it's a lot different [ in I-, + [ than, + in Iowa ] than ] it is here. /"
ar,A,"Well/UH ,/, no/UH ./.","{D Well, } no. /"
qh,B,Is/VBZ that/DT right/NN ?/.,Is that right? /
sd,A,"And/CC with/IN the/DT same/JJ ,/, you/PRP know/VBP ,/, some/DT of/IN the/DT ,/, some/DT of/IN the/DT same/JJ problems/NNS that/WDT you/PRP 've/VBP mentioned/VBN ./.","{C And } <<pause>> with [ the same, + {D you know, } [ some of the, + some of ] the same ] problems that you've mentioned. /"
h,A,"But/CC ,/, uh/UH ,/, I/PRP do/VBP n't/RB know/VB ,/,","{C But, } {F uh, } I don't know, /"
sd,A,"I/PRP guess/VBP I/PRP was/VBD n't/RB involved/JJ enough/RB to/TO ,/, to/TO ,/, uh/UH ,/, really/RB stop/VB to/TO think/VB about/IN it/PRP ./.","I guess I wasn't involved enough [ to, + to, ] {F uh, } really stop to think about it. /"
b,B,Uh-huh/UH ./.,Uh-huh. /
sd,B,"Well/UH ,/, I/PRP ,/, you/PRP know/VBP ,/, since/IN I/PRP teach/VBP ,/, I/PRP see/VBP th-/XX ,/, see/VB it/PRP ./.","{D Well, } [ I, + {D you know, } since I ] teach, I [ see th-, + see ] it. /"
%,B,"And/CC ,/, and/CC I/PRP feel/VBP","[ {C And, } + {C and } ] I feel - /"
sd,B,"and/CC I/PRP love/VBP the/DT example/NN that/WDT most/RBS of/IN these/DT children/NNS give/VBP the/DT ,/, our/PRP$ American/JJ children/NNS ./.","{C and } I love the example that most of these children give [ the, + ] our American children. /"
sd,B,"And/CC yet/RB ,/, you/PRP know/VBP ,/, I/PRP can/MD see/VB why/WRB some/DT of/IN the/DT parents/NNS are/VBP fear/JJ ,/, that/WDT are/VBP fearful/JJ too/RB ./.","{C And } yet, {D you know, } I can see why some of the parents [ are fear-, + [ that + ] are fearful ] too. /"
b,A,"Uh-huh/UH ,/,","Uh-huh, /"
b,A,uh-huh/UH ./.,uh-huh. /
sd,B,"And/CC ,/, and/CC it/PRP 's/BES a/DT kind/NN of/IN a/DT touchy/JJ situation/NN ./.","[ {C And, } + {C and } ] it's a kind of a touchy situation. /"
b,A,Uh-huh/UH ./.,Uh-huh. /
sv,B,And/CC I/PRP wish/VBP that/IN we/PRP could/MD all/DT just/RB learn/VB from/IN each/DT other/JJ and/CC not/RB feel/VB threatened/JJ ./.,{C And } I wish that we could all just learn from each other and not feel threatened. /
sv,B,But/CC --/:,{C But } --
aa,A,"Exactly/UH ,/,","Exactly, /"
aa,A,exactly/UH ./.,exactly. /
+,B,--/: it/PRP does/VBZ n't/RB happen/VB that/DT way/NN --/:,-- it doesn't happen that way --
aa,A,"Right/UH ,/,","Right, /"
+,B,--/: all/PDT the/DT time/NN ./.,-- all the time. /
aa,A,right/UH ./.,right. /
b,B,"So/UH anyway/UH ,/,","{D So } anyway, /"
fc,A,"Well/UH ,/, it/PRP was/VBD good/JJ talking/NN to/IN you/PRP ./.","{D Well, } it was good talking to you. /"
fc,B,"It/PRP was/VBD good/JJ to/TO talk/VB to/IN ,/, to/IN you/PRP too/RB ./.","It was good to talk [ to, + to ] you too. /"
%,A,"And/CC I/PRP h-/XX ,/,","{C And } I h-, -/"
fc,B,And/CC have/VB a/DT good/JJ trip/NN in/IN California/NNP ./.,{C And } have a good trip in California. /
fc,A,Okay/UH ./.,Okay. /
fc,A,And/CC have/VBP a/DT good/JJ weekend/NN ./.,{C And } have a good weekend. /
fc,B,All/RB right/JJ ./.,All right. /
fc,B,Well/UH thank/VB you/PRP ./.,{D Well } thank you. /
fc,A,"A-/XX all/RB righty/JJ ,/,","[ A- + all ] righty, /"
fc,B,Bye-bye/UH ./.,Bye-bye. /
fc,A,Bye-bye/UH ./.,Bye-bye <noise>. /
x,B,,<noise>.
