act_tag,speaker,pos,text
"fo_o_fw_""_by_bc",A,"All/RB right/JJ ,/,","All right, /"
qy,A,do/VBP you/PRP do/VB garden/NN work/NN ?/.,do you do garden work? /
na,B,As/RB little/JJ as/IN possible/JJ ./.,<Laughter> As little as possible. /
x,A,,<Laughter>.
sd,B,I/PRP 'm/VBP a/DT college/NN student/NN --/:,I'm a college student -- /
b,A,Uh-huh/UH ./.,Uh-huh. /
sd,B,"--/: so/RB if/IN I/PRP do/VBP any/DT garden/NN work/NN ,/, it/PRP 's/BES only/RB when/WRB I/PRP go/VBP home/RB in/IN the/DT Summer/NN ./.","-- {C so } if I do any garden work, it's only when I go home in the Summer. /"
qw,A,"Oh/UH ,/, where/WRB do/VBP you/PRP go/VB to/IN college/NN ?/.","{F Oh, } where do you go to college? /"
qw,A,Where/WRB 's/BES that/DT ?/.,Where's that? /
sd,B,It/PRP 's/BES about/RB two/CD hours/NNS north/RB of/IN Pittsburgh/NNP ./.,It's about two hours north of Pittsburgh. /
bk,A,"Oh/UH ,/, okay/UH ./.","{F Oh, } okay. /"
b,B,Yes/UH ./.,Yes. /
b,A,Yes/UH ./.,Yes. /
qy,A,"Well/UH ,/, do/VBP you/PRP ,/, you/PRP know/VBP ,/, do/VBP you/PRP do/VB gardening/NN at/IN home/NN ?/.","{D Well, } [ do you, + {D you know, } do you ] do gardening at home? /"
ny,B,"Yeah/UH ,/,","Yeah, /"
sd,B,"we/PRP go/VBP home/RB ,/,","we go home, - /"
sd,B,"well/UH ,/, we/PRP have/VBP a/DT large/JJ family/NN ,/,","{D well, } we have a large family, /"
sd,B,there/EX 's/BES twelve/CD kids/NNS in/IN my/PRP$ family/NN ./.,there's twelve kids in my family. /
ba,A,Oh/UH my/PRP$ goodness/NN ./.,{F Oh } my goodness. /
sd,B,"So/UH ,/, like/UH almost/RB all/DT our/PRP$ vegetables/NNS and/CC everything/NN is/VBZ from/IN the/DT garden/NN ./.","{C So, } {D like } almost all our vegetables and everything is from the garden. /"
b,A,Hm/UH ./.,{F Hm. } /
sd,B,So/RB we/PRP have/VBP a/DT pretty/RB good/JJ size/NN garden/NN ./.,{C So } we have a pretty good size garden <laughter>. /
b,A,"Yeah/UH ,/,","Yeah, /"
sv,A,well/UH I/PRP guess/VBP you/PRP glad/JJ you/PRP got/VBD to/TO go/VB to/IN college/NN so/IN you/PRP 'd/MD get/VB some/DT rest/NN,{D well } I guess you glad you got to go to college so you'd get some rest /
x,A,./.,<laughter>.
sd,B,"But/CC we/PRP have/VBP like/UH a/DT lot/NN ,/,","<Laughter> {C But } we have {D like } a lot, - /"
sd,B,"like/UH my/PRP$ mom/NN likes/VBZ flowers/NNS ,/, so/RB we/PRP have/VBP a/DT lot/NN of/IN flowers/NNS too/RB ./.","{D like } my mom likes flowers, so we have a lot of flowers too. /"
b,A,Yeah/UH ./.,Yeah. /
sd,A,I/PRP had/VBD a/DT whole/JJ bunch/NN of/IN flowers/NNS and/CC things/NNS ./.,I had a whole bunch of flowers and things. /
sd,A,"Well/UH ,/, I/PRP do/VBP n't/RB have/VB as/IN many/JJ now/RB ./.","{D Well, } I don't have as many now. /"
sd,A,We/PRP lived/VBD in/IN the/DT country/NN --/:,We lived in the country --
b,B,Uh-huh/UH ./.,Uh-huh. /
+,A,"--/: for/IN a/DT long/JJ time/NN ,/,","-- for a long time, /"
sd,A,and/CC I/PRP had/VBD a/DT whole/JJ bunch/NN ./.,{C and } I had a whole bunch. /
sd,A,"But/CC now/RB ,/, I/PRP work/VBP and/CC I/PRP live/VBP in/IN the/DT city/NN so/RB ,/, that/DT sort/RB a/RB kind/RB of/RB hung/VBD it/PRP up/RP ./.","{C But } now, I work and I live in the city so, that sort a kind of hung it up. /"
sd,A,"I/PRP have/VBP a/DT few/JJ flowers/NNS ,/, but/CC most/JJS of/IN mine/NN are/VBP like/UH in/IN barrels/NNS and/CC things/NNS like/IN that/DT ./.","I have a few flowers, but most of mine are {D like } in barrels and things like that. /"
b,B,Uh-huh/UH ./.,Uh-huh. /
sd,A,"And/CC this/DT year/NN I/PRP decided/VBD that/IN ,/,","{C And } this year I decided that, - /"
sd,A,"well/UH my/PRP$ husband/NN made/VBD a/DT little/JJ garden/NN out/RP there/RB with/IN some/DT tomatoes/NNS and/CC stuff/NN in/IN it/PRP ,/,","{D well } my husband made a little garden out there with some tomatoes and stuff in it, /"
sd,A,"but/CC I/PRP decided/VBD that/IN I/PRP do/VBP n't/RB like/VB grass/NN ,/,","{C but } I decided that I don't like grass, /"
sd,A,I/PRP do/VBP n't/RB like/VB to/TO have/VB to/TO have/VB to/TO pull/VB grass/NN --/:,I don't like to have to have to pull grass -- /
b,B,Uh-huh/UH ./.,Uh-huh. /
sd,A,--/: so/RB I/PRP decided/VBD that/IN I/PRP would/MD plant/VB me/PRP a/DT tomato/NN plant/NN in/IN a/DT flower/NN pot/NN --/:,-- {C so } I decided <laughter> that I would plant me a tomato plant in a flower pot --
b,B,Uh-huh/UH ./.,Uh-huh. /
+,A,--/: and/CC see/VB how/WRB it/PRP worked/VBD ./.,-- and see how it worked. /
sv,A,And/CC mine/PRP looks/VBZ real/RB good/JJ ./.,{C And } mine looks real good <laughter>. /
sd,B,"You/PRP know/VBP ,/, I/PRP 've/VBP seen/VBN a/DT lot/NN of/IN people/NNS that/WDT do/VBP that/DT ./.","{D You know, } I've seen a lot of people that do that. /"
b,A,Yeah/UH ./.,Yeah. /
sd,B,"I/PRP 've/VBP seen/VBN ,/, you/PRP know/VBP ,/, like/UH elderly/JJ people/NNS --/:","I've seen, {D you know, } {D like } elderly people --"
b,A,Uh-huh/UH ./.,Uh-huh. /
+,B,--/: that/WDT really/RB ca/MD n't/RB get/VB out/RB too/RB much/RB MUMBLEx/XX sometimes/RB ./.,-- that really can't get out too much (( )) sometimes. /
%,B,"Like/IN we/PRP ,/,","{D Like } we, - /"
sd,B,"I/PRP have/VBP a/DT great/JJ aunt/NN that/IN lives/NNS in/IN a/DT ,/,","I have a great aunt that lives in a, - /"
sd,B,"it/PRP 's/BES just/RB like/IN ,/, uh/UH ,/, a/DT high/JJ rise/NN for/IN elderly/JJ people/NNS ./.","it's just like, {F uh, } a high rise for elderly people. /"
sd,B,"And/CC ,/, you/PRP know/VBP ,/, she/PRP does/VBZ her/PRP$ own/JJ thing/NN and/CC everything/NN ,/,","{C And, } {D you know, } she does her own thing and everything, /"
sd,B,"but/CC she/PRP has/VBZ ,/,","{C but } she has, - /"
sd,B,it/PRP 's/BES like/IN a/DT little/JJ apartment/NN building/NN ./.,it's like a little apartment building. /
sd,B,And/CC she/PRP has/VBZ a/DT tomato/NN plant/NN year/NN round/NN ./.,{C And } she has a tomato plant year round. /
b,A,Oh/UH ./.,Oh. /
sd,B,"Because/IN she/PRP ,/, you/PRP know/VBP ,/,","{C Because } she, {D you know, } - /"
sd,B,"they/PRP keep/VBP it/PRP warm/JJ with/IN ,/, for/IN all/PDT the/DT older/JJR people/NNS ,/,","they keep it warm [ with, + for ] all the older people, /"
sd,B,and/CC she/PRP keeps/VBZ it/PRP year/NN round/RB ./.,{C and } she keeps it year round. /
sd,A,I/PRP had/VBD never/RB thought/VBN about/IN that/DT ./.,I had never thought about that. /
sd,A,"I/PRP could/MD probably/RB plant/VB one/CD and/CC bring/VB it/PRP in/RB ,/, and/CC just/RB like/IN I/PRP bring/VBP my/PRP$ plants/NNS in/RB every/DT year/NN ./.","I could probably plant one and bring it in, [ and + ] just like I bring my plants in every year. /"
sd,A,That/DT 'd/MD be/VB neat/JJ ./.,That'd be neat. /
sd,A,"Well/UH ,/, I/PRP got/VBD a/DT patio/NN ,/,","{D Well, } I got a patio, /"
sd,A,and/CC I/PRP tried/VBD to/TO talk/VB my/PRP$ husband/NN into/IN just/RB buying/VBG a/DT whole/JJ bunch/NN of/IN pots/NNS ./.,{C and } I tried to talk my husband into just buying a whole bunch of pots <laughter>.
x,B,,<Laughter>.
+,A,"And/CC planting/VBG them/PRP all/DT in/NN it/PRP ,/, you/PRP know/VBP ,/, because/IN that/DT 's/BES favorite/JJ thing/NN ,/, is/VBZ tomatoes/NNS --/:","And planting them all in it, {D you know, } because that's favorite thing, is tomatoes --"
b,B,Uh-huh/UH ./.,Uh-huh. /
+,A,--/: to/TO grow/VB ./.,-- to grow. /
sd,A,"And/CC so/RB ,/, um/UH ,/, but/CC he/PRP said/VBD ,/, No/UH ,/,","[ [ {C And } + {C so, } ] + {F um, } {C but } ] he said, No, /"
sd,A,"he/PRP was/VBD going/VBG to/TO plant/VB in/IN the/DT earth/NN ,/, you/PRP know/VBP ,/, like/IN he/PRP always/RB has/VBZ ,/,","he was going to plant in the earth, {D you know, } like he always has, /"
sd,A,because/IN he/PRP 's/BES always/RB had/VBD a/DT garden/NN out/IN in/IN the/DT country/NN ./.,{C because } he's always had a garden out in the country. /
b,B,Uh-huh/UH ./.,Uh-huh. /
sd,A,"And/CC I/PRP think/VBP he/PRP kind/RB of/RB misses/VBZ it/PRP a/DT little/JJ bit/NN ,/, you/PRP know/VBP ,/, since/IN we/PRP moved/VBD to/TO the/DT city/NN ./.","{C And } I think he kind of misses it a little bit, {D you know, } since we moved to the city. /"
sd,A,"But/CC ,/, um/UH ,/, I/PRP went/VBD ahead/RB and/CC planted/VBN one/CD ,/, and/CC mine/PRP looks/VBZ better/JJR than/IN his/PRP$ ./.","{C But, } {F um, } I went ahead and planted one, and mine looks better than his <laughter>. /"
x,B,,<Laughter>.
sv,A,"It/PRP does/VBZ ,/,","It does, /"
%,A,"and/CC then/RB I/PRP like/VBP ,/, um/UH ,/,","{C and then } I {D like, } {F um, } - /"
qy,A,you/PRP know/VBP what/WP day/NN lilies/NNS are/VBP ?/.,you know what day lilies are? /
br,B,Pardon/VB me/PRP ?/.,Pardon me? /
sd,A,Day/NN lilies/NNS ./.,Day lilies. /
qy,B,"Are/VBP they/PRP ,/, well/UH ,/,","Are they, {D well, } - /"
qy,B,do/VBP they/PRP just/RB come/VBP out/RB in/IN the/DT morning/NN then/RB go/VB --/:,do they just come out in the morning then go -- /
ny,A,Uh-huh/UH ./.,Uh-huh. /
sd,B,--/: MUMBLEx/XX but/CC we/PRP call/VBP them/PRP Morning/NN Glories/NNS up/IN here/RB ./.,-- (( )) {C but } we call them Morning Glories up here. /
ar,A,"No/UH ,/,","No, /"
ar,A,no/UH ./.,no. /
ar,A,Huh-uh/UH ./.,Huh-uh. /
sd,A,These/DT look/VBP like/IN a/DT lily/NN ./.,These look like a lily. /
sd,A,"They/PRP look/VBP like/IN a/DT ,/, a/DT ,/, well/UH ,/, they/PRP really/RB look/VBP like/IN an/DT orchid/NN when/WRB they/PRP come/VBP out/RB ./.","[ They look like [ a, + a, ] + {D well, } they really look like ] an orchid when they come out. /"
b,B,Oh/UH really/UH ./.,{F Oh } really. /
b,A,Uh-huh/UH ./.,Uh-huh. /
sd,A,"That/DT what/WP the/DT look/NN like/IN ,/,","That what the look like, /"
sd,A,but/CC they/PRP only/JJ bloom/VBP for/IN one/CD day/NN ./.,{C but } they only bloom for one day. /
b,B,Oh/UH ./.,Oh. /
sd,A,"They/PRP 'll/MD ,/, um/UH ,/,","They'll, {F um, } - /"
sd,A,"you/PRP 'll/MD have/VB a/DT bud/NN the/DT evening/NN before/RB ,/,","you'll have a bud the evening before, /"
sd,A,"and/CC then/RB the/DT next/JJ morning/NN as/RB soon/RB as/IN the/DT sun/NN hits/VBZ it/PRP ,/, it/PRP open/VBZ ,/, it/PRP starts/VBZ opening/VBG up/RP","{C and then } the next morning as soon as the sun hits it, [ it open-, + it starts opening ] up /"
sd,A,"and/CC then/RB when/WRB it/PRP gets/VBZ dark/JJ ,/, it/PRP closes/VBZ","{C and then } when it gets dark, it closes /"
sd,A,and/CC that/DT 's/BES it/PRP ./.,{C and } that's it. /
sd,A,It/PRP only/RB blooms/VBZ for/IN one/CD day/NN ./.,It only blooms for one day. /
qy^d,B,"And/CC then/RB it/PRP 's/BES done/JJ ,/, completely/RB done/JJ ./.","{C And then } it's done, completely done. /"
ny,A,Uh-huh/UH ./.,Uh-huh. /
bk,B,Oh/UH ./.,Oh. /
%,A,Yeah/UH ./.,Yeah. /
sd,A,"But/CC ,/, um/UH ,/, they/PRP look/VBP like/IN orchids/NNS ,/, is/VBZ what/WP they/PRP look/VBP like/IN ,/,","{C But, } {F um, } they look like orchids, is what they look like, /"
sd,A,"but/CC they/PRP look/VBP like/IN different/JJ color/NN ones/NNS ,/,","{C but } they look like different color ones, /"
sd,A,"like/IN I/PRP have/VBP ,/, uh/UH ,/, yellow/JJ ones/NNS ,/,","{D like } I have, {F uh, } yellow ones, /"
sd,A,"and/CC I/PRP have/VBP red/JJ ones/NNS ,/,","{C and } I have red ones, /"
sd,A,and/CC --/:,{C and } --
b,B,Uh-huh/UH ./.,Uh-huh. /
+,A,--/: I/PRP have/VBP purple/JJ ones/NNS,-- I have purple ones /
sd,A,"and/CC then/RB they/PRP have/VBP like/UH ,/, you/PRP know/VBP ,/, the/DT real/JJ velvety/JJ looking/VBG stuff/NN inside/RB --/:","{C and then } they have {D like, } {D you know, } the real velvety looking stuff inside -- /"
b,B,"Oh/UH ,/, yeah/UH ./.","{F Oh, } yeah. /"
sd,A,--/: it/PRP looks/VBZ just/RB like/IN orchids/NNS in/IN different/JJ colors/NNS ./.,-- it looks just like orchids in different colors. /
sd,A,That/DT 's/BES what/WP they/PRP look/VBP like/IN ./.,That's what they look like. /
ba,B,"Oh/UH ,/, MUMBLEx/XX really/RB pretty/JJ ./.","{F Oh, } (( )) really pretty. /"
sv,A,"They/PRP are/VBP ,/, they/PRP 're/VBP beautiful/JJ ./.","[ They are, + they're ] beautiful. /"
sd,A,"Uh/UH ,/, I/PRP have/VBP a/DT friend/NN when/WRB I/PRP lived/VBD out/IN in/IN the/DT country/NN ,/,","{F Uh, } I have a friend when I lived out in the country, /"
sd,A,"and/CC she/PRP had/VBD belonged/VBN to/IN this/DT kind/NN of/IN society/NN that/WDT like/UH every/DT year/NN ,/, you/PRP know/VBP ,/, or/CC every/DT so/RB many/JJ months/NNS they/PRP would/MD send/VB you/PRP different/JJ bulbs/NNS that/WDT they/PRP came/VBD out/RP with/IN ./.","{C and } she had belonged to this kind of society that {D like } every year, {D you know, } or every so many months they would send you different bulbs that they came out with. /"
b,B,Uh-huh/UH ./.,Uh-huh. /
sd,A,And/CC I/PRP mean/VBP they/PRP were/VBD real/RB expensive/JJ ./.,{C And } {E I mean } they were real expensive. /
sd,A,"They/PRP were/VBD like/IN ,/, well/UH ,/,","They were {D like, } {D well, } - /"
sd,A,the/DT most/RBS expensive/JJ one/CD that/IN she/PRP gave/VBD me/PRP a/DT bulb/NN for/IN was/VBD like/IN thirty-two/CD fifty/CD for/IN one/CD bulb/NN ./.,the most expensive one that she gave me a bulb for was {D like } thirty-two fifty for one bulb. /
ba,B,"Oh/UH ,/, my/UH gosh/UH ./.","{F Oh, } my gosh. /"
sd,A,"So/UH what/WP she/PRP would/MD do/VB is/VBZ she/PRP would/MD plant/VB them/PRP ,/, and/CC they/PRP multiplied/VBD ./.","{C So } what she would do is she would plant them, and they multiplied. /"
sd,A,"So/RB the/DT next/JJ year/NN when/WRB she/PRP ,/, you/PRP know/VBP ,/, weeded/VBD them/PRP out/RP --/:","{C So } the next year when she, {D you know, } weeded them out --"
b,B,Uh-huh/UH ./.,Uh-huh. /
+,A,"--/: so/RB they/PRP would/MD n't/RB be/VB as/RB thick/JJ ,/, then/RB she/PRP 'd/MD give/VB me/PRP some/DT of/IN the/DT bulbs/NNS ./.","-- so they wouldn't be as thick, [ then + ] she'd give me some of the bulbs. /"
sd,A,"And/CC ,/, I/PRP mean/VBP ,/, I/PRP have/VBP some/DT of/IN the/DT most/RBS beautiful/JJ day/NN lilies/NNS that/WDT you/PRP 've/VBP ever/RB seen/VBN ./.","{C And, } {E I mean, } I have some of the most beautiful day lilies that you've ever seen. /"
sd,A,"So/RB ,/, when/WRB we/PRP decided/VBD to/TO move/VB ,/, it/PRP was/VBD really/RB funny/JJ because/IN ,/, like/IN I/PRP said/VBD ,/, I/PRP had/VBD a/DT whole/JJ bunch/NN of/IN different/JJ kinds/NNS of/IN things/NNS ,/,","{C So, } when we decided to move, it was really funny because, like I said, I had a whole bunch of different kinds of things, /"
x,B,,<Laughter>.
sd,A,"and/CC I/PRP kept/VBD saying/VBG ,/, Well/UH ,/, I/PRP want/VBP to/TO take/VB a/DT few/NN of/IN these/DT ,/, and/CC I/PRP want/VBP to/TO take/VB these/DT ,/, and/CC I/PRP want/VBP to/TO take/VB these/DT ./.","{C and } I kept saying, {D Well, } I want to take a few of these, and I want to take these, and I want to take these. /"
sd,A,"My/PRP$ husband/NN finally/RB said/VBD ,/, Look/VB ,/, are/VBP we/PRP going/VBG to/TO take/VB the/DT grass/NN ?/. ./.","My husband finally said, Look, are we going to take the grass? <laughter>. /"
x,B,,<Laughter>.
^q,A,Can/MD we/PRP leave/VB the/DT grass/NN ?/.,Can we leave the grass? <Laughter> /
sd,A,"I/PRP said/VBD ,/, Yes/UH ,/, we/PRP may/MD leave/VB that/DT ./.","I said, Yes, we may leave that. /"
bf,B,"MUMBLEx/XX take/VB the/DT whole/JJ grass/NN ,/, the/DT whole/JJ yard/NN ./.","<Laughter> (( )) take the whole grass, the whole yard. /"
sd,A,"And/CC we/PRP had/VBD a/DT tree/NN that/WDT was/VBD like/UH seventeen/CD foot/NN tall/JJ ,/, or/CC something/NN like/IN that/DT ,/, that/WDT he/PRP said/VBD ,/, No/UH ,/, no/UH ,/, I/PRP am/VBP not/RB taking/VBG the/DT tree/NN ./.","{C And } we had a tree that was {D like } seventeen foot tall, or something like that, that he said, No, no, I am not taking the tree. /"
sd,A,"You/PRP know/VBP ,/, I/PRP mean/VBP ,/, every/DT time/NN we/PRP went/VBD outside/RB ,/, he/PRP 'd/MD look/VB at/IN something/NN that/WDT was/VBD humongous/JJ ,/, you/PRP know/VBP ,/,","{D You know, } {E I mean, } every time we went outside, he'd look at something that was humongous, {D you know, } /"
^q,A,"No/UH ,/,","No, /"
^q,A,we/PRP 're/VBP not/RB taking/VBG that/DT ./.,we're not taking that. /
x,B,,<Laughter>.
sd,A,"But/CC the/DT last/JJ day/NN ,/, he/PRP said/VBD ,/, Ca/MD n't/RB we/PRP leave/VB the/DT grass/NN ,/,","{C But } the last day, he said, Can't we leave the grass, /"
sd,A,"and/CC I/PRP said/VBD ,/, Yeah/UH ,/,","{C and } I said, Yeah, /"
^q,A,I/PRP think/VBP we/PRP will/MD leave/VB that/DT ./.,I think we will leave that. /
ba,B,That/DT 'd/MD be/VB funny/JJ ./.,<Laughter> That'd be funny. /
sd,A,"But/CC ,/, I/PRP brought/VBD ,/,","{C But, } I brought, - /"
sd,A,"my/PRP$ kids/NNS ,/, when/WRB they/PRP were/VBD little/JJ they/PRP had/VBD given/VBN me/PRP some/DT azaleas/NNS --/:","my kids, when they were little they had given me some azaleas --"
b,B,Uh-huh/UH ./.,Uh-huh. /
+,A,--/: so/RB I/PRP brought/VBD all/DT my/PRP$ azalea/NN bushes/NNS ./.,-- so I brought all my azalea bushes. /
b,B,Yeah/UH ./.,Yeah. /
sd,A,"And/CC you/PRP know/VBP ,/, I/PRP brought/VBD ,/, I/PRP brought/VBD as/RB much/JJ as/IN I/PRP could/MD bring/VB --/:","{C And } {D you know, } [ I brought, + I brought ] as much as I could bring --"
b,B,Uh-huh/UH ./.,Uh-huh. /
+,A,"--/: without/IN ,/, you/PRP know/VBP ,/, really/RB tearing/VBG up/RP their/PRP$ place/NN ./.","-- without, {D you know, } really tearing up their place. /"
sd,A,"But/CC ,/, just/RB like/UH ,/, um/UH ,/, you/PRP know/VBP ,/,","{C But, } just like, {F um, } {D you know, } - /"
sd,A,"the/DT people/NNS that/WDT bought/VBD ours/PRP ,/, bought/VBD the/DT place/NN ,/, but/CC ,/, um/UH ,/, I/PRP knew/VBD that/IN they/PRP would/MD ,/, you/PRP know/VB ,/,","the people that [ bought ours, + bought the place, ] [ but, + ] {F um, } I knew that they would, {D you know, } - /"
sd,A,"if/IN I/PRP left/VBD like/UH one/CD bulb/NN of/IN each/DT one/CD of/IN them/PRP ,/, by/IN this/DT year/NN they/PRP 'd/MD have/VB ten/CD bulbs/NNS of/IN each/DT one/CD of/IN them/PRP ./.","if I left {D like } one bulb of each one of them, by this year they'd have ten bulbs of each one of them. /"
b,B,Yeah/UH ./.,Yeah. /
sd,A,"So/RB ,/, it/PRP was/VBD n't/RB like/IN it/PRP was/VBD going/VBG to/TO be/VB this/DT big/JJ raw/JJ place/NN or/CC something/NN ,/, you/PRP know/VBP ,/,","{C So, } it wasn't like it was going to be this big raw place or something, {D you know, } /"
sd,A,it/PRP would/MD cover/VB it/PRP right/RB up/RP ./.,it would cover it right up. /
b,B,Uh-huh/UH ./.,Uh-huh. /
sd,A,"But/CC ,/, I/PRP just/RB could/MD n't/RB see/VB it/PRP ,/, you/PRP know/VBP ,/, going/VBG off/RB and/CC leaving/VBG everything/NN like/IN that/DT ./.","{C But, } I just couldn't see it, {D you know, } going off and leaving everything like that. /"
b,B,Yeah/UH ./.,Yeah. /
sd,A,"Because/IN this/DT house/NN ,/, I/PRP really/RB liked/VBD it/PRP and/CC everything/NN ,/, but/CC the/DT yard/NN was/VBD a/DT lot/NN to/TO be/VB desired/VBN ./.","{C Because } this house, I really liked it and everything, but the yard was a lot to be desired. /"
sd,A,Oh/UH --/:,{F Oh } --
b,B,Oh/UH ./.,{F Oh. } /
+,A,--/: there/EX was/VBD nothing/NN ./.,-- there was nothing. /
sd,A,"These/DT people/NNS ,/,","These people, - /"
sd,A,we/PRP have/VBP one/CD ugly/JJ pine/NN tree/NN ./.,we have one ugly pine tree. /
x,B,,<Laughter>.
sd,A,"I/PRP mean/VBP ,/, and/CC it/PRP is/VBZ ugly/JJ ./.","{E I mean, } {C and } it is ugly. /"
x,B,,<Laughter>.
sd,A,"I/PRP even/RB tried/VBD making/VBG it/PRP look/VBP nicer/JJR ,/, you/PRP know/VBP ,/,","I even tried making it look nicer, {D you know, } /"
sd,A,"I/PRP tied/VBD the/DT yellow/JJ ribbon/NN around/IN it/PRP ,/,","I tied the yellow ribbon around it, /"
sd,A,and/CC it/PRP was/VBD so/RB ugly/JJ ./.,{C and } it was so ugly. /
x,B,,<Laughter>.
sd,A,"Oh/UH ,/, it/PRP did/VBD not/RB help/VB ,/, let/VB me/PRP tell/VB you/PRP ./.","{F Oh, } it did not help, let me tell you. /"
sd,A,I/PRP took/VBD it/PRP off/RB and/CC put/NN it/PRP on/IN my/PRP$ door/NN ./.,I took it off and put it on my door. /
sd,A,I/PRP did/VBD not/RB want/VB to/TO call/VB attention/NN ./.,I did not want to call attention. /
sd,A,"I/PRP mean/VBP ,/, it/PRP was/VBD terrible/JJ ./.","<Laughter> {E I mean, } it was terrible. /"
sd,A,So/RB really/RB the/DT plants/NNS that/WDT I/PRP brought/VBD over/RB and/CC put/VBD out/RB here/RB are/VBP just/RB about/IN all/DT ./.,{C So } really the plants that I brought over and put out here are just about all. /
sd,A,"I/PRP do/VBP n't/RB do/VB any/DT of/IN the/DT mowing/VBG or/CC ,/, you/PRP know/VBP ,/, edging/VBG and/CC all/DT that/NN --/:","I don't do any of the mowing or, {D you know, } edging and all that -- /"
b,B,Uh-huh/UH ./.,Uh-huh. /
sd,A,--/: My/PRP$ husband/NN does/VBZ all/PDT that/DT stuff/NN ./.,-- My husband does all that stuff. /
sd,A,But/CC that/DT 's/BES because/IN I/PRP 'm/VBP allergic/JJ to/IN the/DT grass/NN ./.,{C But } that's because I'm allergic to the grass. /
ba,B,"Oh/UH ,/, that/DT 'd/MD be/VB awful/JJ ./.","{F Oh, } that'd be awful. /"
sd,B,I/PRP love/VBP going/VBG out/RB in/IN the/DT Summer/NN in/IN the/DT grass/NN ./.,I love going out in the Summer in the grass. /
b,A,Really/UH ./.,Really. /
ny,B,Uh-huh/UH ./.,Uh-huh. /
sd,A,"Now/UH I/PRP like/VBP to/TO go/VB to/IN the/DT beach/NN where/WRB the/DT sand/NN is/VBZ ,/,","Now I like to go to the beach where the sand is, /"
sd,A,because/IN then/RB it/PRP does/VBZ n't/RB make/VB me/PRP ill/JJ ./.,{C because } then it doesn't make me ill <laughter>. /
b,B,Yeah/UH ./.,Yeah. /
sd,B,"And/CC ,/, um/UH ,/, well/UH even/RB up/IN here/RB at/IN school/NN ,/, you/PRP know/VBP ,/, it/PRP gets/VBZ hot/JJ ,/, and/CC we/PRP have/VBP the/DT windows/NNS open/JJ ,/,","{C And, } {F um, } {D well } even up here at school, {D you know, } it gets hot, and we have the windows open, /"
sd,B,well/UH they/PRP mow/VBP the/DT grass/NN up/IN here/RB sometimes/RB six/CD o'clock/RB in/IN the/DT morning/NN ./.,{D well } they mow the grass up here sometimes six o'clock in the morning. /
sd,B,"And/CC just/RB to/TO smell/VB the/DT grass/NN ,/, it/PRP 's/BES just/RB ,/,","{C And } just to smell the grass, it's just, - /"
sd,B,I/PRP just/RB love/VBP the/DT smell/NN of/IN freshly/RB cut/VBN grass/NN ./.,I just love the smell of freshly cut grass. /
b,A,"Yeah/UH ,/,","Yeah, /"
sd,A,"I/PRP used/VBD to/TO until/IN it/PRP ,/, I/PRP got/VBD so/RB allergic/JJ to/IN it/PRP ./.","I used to until [ it, + ] I got so allergic to it. /"
sd,A,"I/PRP do/VBP n't/RB know/VB if/IN it/PRP 's/BES all/DT ,/, well/UH ,/,","I don't know if it's all, {D well, } - /"
sd,A,I/PRP went/VBD and/CC had/VBD some/DT tests/NNS run/VBN and/CC just/RB about/IN all/PDT the/DT kinds/NNS I/PRP was/VBD allergic/JJ to/IN ./.,I went and had some tests run and just about all the kinds I was allergic to. /
sd,A,"But/CC it/PRP 's/BES not/RB as/IN bad/JJ here/RB ,/,","{C But } it's not as bad here, /"
sd,A,"like/IN Saint/NNP Augustine/NNP ,/, I/PRP think/VBP ,/, is/VBZ what/WP we/PRP have/VBP ./.","{D like } Saint Augustine, I think, is what we have. /"
sd,A,And/CC it/PRP 's/BES not/RB as/RB bad/JJ as/IN it/PRP was/VBD when/WRB we/PRP were/VBD out/IN in/IN the/DT country/NN ./.,{C And } it's not as bad as it was when we were out in the country. /
b,B,Uh-huh/UH ./.,Uh-huh. /
sd,A,"But/CC out/IN in/IN the/DT country/NN ,/, I/PRP mean/VBP ,/,","{C But } out in the country, {E I mean, } - /"
sd,A,"if/IN I/PRP went/VBD outside/IN while/IN he/PRP was/VBD mowing/VBG the/DT grass/NN ,/, I/PRP was/VBD going/VBG to/TO have/VB a/DT gigantic/JJ attack/NN ./.","if I went outside while he was mowing the grass, I was going to have a gigantic attack. /"
ba,B,Oh/UH my/UH gosh/UH ./.,{F Oh } my gosh. /
sd,A,"So/UH ,/, um/UH ,/, I/PRP get/VBP shots/NNS for/IN it/PRP now/RB ,/, too/RB ./.","{C So, } {F um, } I get shots for it now, too. /"
sd,A,That/DT helps/VBZ a/DT whole/JJ bunch/NN ./.,That helps a whole bunch. /
b,B,Uh-huh/UH ./.,Uh-huh. /
sd,A,"But/CC ,/, one/CD good/JJ thing/NN about/IN it/PRP ,/, see/VB I/PRP do/VB n't/RB have/VB to/TO mow/VB the/DT grass/NN","{C But, } one good thing about it, {D see } I don't have to mow the grass /"
%,A,or/CC MUMBLEx/XX,{C or } (( )) - /
x,A,",/,","<laughter>,"
x,B,,<Laughter>.
sd,A,"I/PRP mean/VBP ,/, that/DT 's/BES really/RB nice/JJ ./.","{E I mean, } that's really nice. /"
b,B,"Yeah/UH ,/,","Yeah, /"
sd,B,you/PRP said/VBD that/IN you/PRP had/VBD a/DT garden/NN ./.,you said that you had a garden. /
qw,B,"What/WP all/DT things/NNS do/VBP you/PRP plant/VB in/IN it/PRP ,/,","What all things do you plant in it, /"
qy,B,or/CC do/VBP you/PRP like/VB to/TO plant/VB in/IN it/PRP ?/.,{C or } do you like to plant in it? /
sd,A,"Well/UH ,/, the/DT first/JJ thing/NN we/PRP always/RB plant/VBP is/VBZ tomatoes/NNS --/:","{D Well, } the first thing we always plant is tomatoes -- /"
b,B,Uh-huh/UH ./.,Uh-huh. /
sd,A,--/: every/DT year/NN ./.,-- every year. /
sd,A,"I/PRP do/VBP n't/RB care/VB if/IN we/PRP do/VBP n't/RB have/VB anything/NN else/RB ,/,","I don't care if we don't have anything else, /"
sd,A,we/PRP 're/VBP going/VBG to/TO have/VB tomatoes/NNS ./.,we're going to have tomatoes. /
sd,A,And/CC then/RB we/PRP plant/VBP cucumbers/NNS,{C And then } we plant cucumbers /
%,A,"and/CC ,/,","{C and, } -/"
b,B,"Uh-huh/UH ,/,","Uh-huh, /"
qy,B,do/VBP your/PRP$ cucumbers/NNS come/VB good/JJ ?/.,do your cucumbers come good? /
ny,A,Oh/UH yeah/UH ./.,{F Oh } yeah. /
b,B,Really/UH ./.,Really. /
sd,B,"Sometimes/RB when/WRB my/PRP$ dad/NN has/VBZ ,/, like/UH ,/,","Sometimes when my dad has, {D like, } - /"
sd,B,that/DT 's/BES the/DT one/CD thing/NN no/DT one/PRP is/VBZ allowed/VBN to/TO touch/VB except/IN my/PRP$ dad/NN ./.,that's the one thing no one is allowed to touch except my dad. /
sd,B,"He/PRP takes/VBZ care/NN of/IN all/PDT the/DT cucumbers/NNS ,/,","He takes care of all the cucumbers, /"
sd,B,"because/IN he/PRP said/VBD the/DT vines/NNS are/VBP just/RB so/RB ,/,","{C because } he said the vines are just so, - /"
sd,B,"at/IN our/PRP$ house/NN ,/, as/RB soon/RB as/IN you/PRP touch/VBP a/DT vine/NN ,/, it/PRP 's/BES like/IN it/PRP completely/RB dies/VBZ ./.","at our house, as soon as you touch a vine, it's like it completely dies. /"
b,A,"Really/UH ,/,","Really, /"
ny,B,Uh-huh/UH ./.,Uh-huh. /
sd,A,"It/PRP must/MD be/VB the/DT ,/, uh/UH ,/,","It must be the, {F uh, } -/"
sd,B,"Sometimes/RB we/PRP have/VBP really/RB good/JJ luck/NN with/IN them/PRP ,/,","Sometimes we have really good luck with them, /"
sd,B,but/CC then/RB there/EX 'll/MD be/VB like/UH maybe/RB two/CD years/NNS in/IN a/DT row/NN that/IN we/PRP ca/MD n't/RB get/VB anything/NN ./.,{C but } then there'll be {D like } maybe two years in a row that we can't get anything. /
sd,A,"Now/UH that/DT 's/BES ,/, I/PRP mean/VBP ,/, that/DT 's/BES something/NN that/WDT grows/VBZ like/IN a/DT weed/NN here/RB ./.","Now [ that's, + {E I mean, } that's ] something that grows like a weed here. /"
ba,B,"Oh/UH ,/, wow/UH ./.","{F Oh, } wow. /"
sd,A,"I/PRP mean/VBP ,/, it/PRP grows/VBZ like/IN a/DT weed/NN ./.","{E I mean, } it grows like a weed. /"
sd,A,"We/PRP have/VBP to/TO allow/VB extra/JJ room/NN for/IN those/DT ,/, because/IN ,/, you/PRP know/VBP ,/, I/PRP mean/VBP extra/JJ space/NN ,/,","We have to allow extra room for those, [ because, + ] {D you know, } {E I mean } extra space,"
b,B,Yeah/UH,Yeah /
sd,B,because/IN they/PRP take/VBP up/RP a/DT lot/NN ./.,{C because } they take up a lot. /
+,A,between/IN the/DT rows/NNS and/CC all/DT ./.,between the rows and all. /
%,A,"Yes/UH ,/,","Yes, /"
sd,A,"but/CC I/PRP mean/VBP ,/, we/PRP usually/RB get/VBP ,/,","{C but } {E I mean, } we usually get, - /"
ba,B,Holy/JJ smoke/NN ./.,Holy smoke. /
+,A,"I/PRP mean/VBP ,/, just/RB pulling/VBG them/PRP as/RB fast/RB as/IN you/PRP can/MD ./.","{E I mean, } just pulling them as fast as you can. /"
sd,A,We/PRP usually/RB give/VBP them/PRP to/IN everybody/NN ./.,We usually give them to everybody. /
b,B,Uh-huh/UH ./.,Uh-huh. /
sd,A,Anybody/NN that/WDT wants/VBZ a/DT cucumber/NN can/MD have/VB it/PRP ./.,Anybody that wants a cucumber can have it. /
sd,A,"But/CC we/PRP tried/VBD it/PRP ,/, too/RB ,/, where/WRB you/PRP run/VBP it/PRP up/IN a/DT fence/NN --/:","{C But } we tried it, too, where you run it up a fence -- /"
b,B,Uh-huh/UH ./.,Uh-huh. /
sd,A,"--/: and/CC ,/, um/UH ,/, we/PRP had/VBD some/DT weird/JJ cucumbers/NNS because/IN they/PRP grew/VBD inside/IN the/DT fence/NN ./.","-- {C and, } {F um, } we had some weird cucumbers because they grew inside the fence. /"
sd,A,I/PRP mean/VBP like/UH the/DT little/JJ thing/NN would/MD be/VB half/JJ on/IN one/CD side/NN and/CC half/NN on/IN the/DT other/JJ ./.,{E I mean } {D like } the little thing would be half on one side and half on the other. /
ba,B,Oh/UH my/UH gosh/UH ./.,{F Oh } my gosh. /
sd,A,"I/PRP mean/VBP ,/, it/PRP was/VBD ,/,","{E I mean, } it was, - /"
sd,A,"but/CC they/PRP 're/VBP so/RB heavy/JJ ,/, you/PRP know/VBP ,/,","{C but } they're so heavy, {D you know, } /"
sd,A,they/PRP get/VBP so/RB heavy/JJ they/PRP kind/RB of/RB weigh/VBP it/PRP down/RP ./.,they get so heavy they kind of weigh it down. /
sd,A,"But/CC ,/, I/PRP mean/VBP ,/, cucumbers/NNS here/RB grow/VBP like/IN crazy/JJ ./.","{C But, } {E I mean, } cucumbers here grow like crazy. /"
b,B,Wow/UH ./.,Wow. /
sd,A,Of/IN course/NN it/PRP 's/BES real/RB hot/JJ here/RB too/RB ./.,Of course it's real hot here too. /
sd,B,"Well/UH ,/, see/VB ,/, tomatoes/NNS grow/VBP like/IN crazy/JJ at/IN our/PRP$ house/NN ./.","{D Well, } {D see, } tomatoes grow like crazy at our house. /"
sd,B,"Like/UH we/PRP have/VBP a/DT section/NN of/IN tomatoes/NNS ,/,","{D Like } we have a section of tomatoes, /"
sd,B,"and/CC we/PRP put/VBP the/DT tomatoes/NNS there/RB every/DT year/NN ,/, in/IN the/DT same/JJ section/NN ./.","{C and } we put the tomatoes there every year, in the same section. /"
sd,B,And/CC I/PRP swear/VBP we/PRP get/VBP tomatoes/NNS six/CD rows/NNS up/RB ./.,{C And } I swear we get tomatoes six rows up. /
b,A,"Yeah/UH ,/,","Yeah, /"
b,A,"yeah/UH ,/,","yeah, /"
sd,A,"now/UH if/IN we/PRP have/VBP any/DT ,/, like/IN the/DT birds/NNS will/MD pick/VB or/CC something/NN ,/, you/PRP know/VBP ,/,","{D now } if we have any, {D like } the birds will pick or something, {D you know, } /"
sd,A,and/CC some/DT of/IN the/DT seeds/NNS drop/VBP ./.,{C and } some of the seeds drop. /
qy,A,Have/VBP you/PRP ever/RB had/VBN them/PRP just/RB come/VBP up/RB in/IN different/JJ places/NNS ?/.,Have you ever had them just come up in different places? /
ny,B,Uh-huh/UH ./.,Uh-huh. /
sd,A,"I/PRP know/VBP ,/, we/PRP do/VBP that/DT ,/, too/RB ,/, you/PRP know/VBP ,/,","I know, we do that, too, {D you know, } /"
sd,A,"and/CC at/IN the/DT first/JJ year/NN ,/,","{C and } at the first year, - /"
sd,A,"because/IN I/PRP was/VBD from/IN the/DT city/NN when/WRB we/PRP got/VBD married/VBN ,/,","{C because } I was from the city when we got married, /"
sd,A,"and/CC the/DT first/JJ year/NN that/IN we/PRP planted/VBD ,/, I/PRP could/MD n't/RB figure/VB out/RP ,/, I/PRP mean/VBP ,/, the/DT ,/,","{C and } the first year that we planted, I couldn't figure out, {E I mean, } the, - /"
sd,A,"well/UH ,/, the/DT first/JJ year/NN after/RB --/:","{D well, } the first year after --"
b,B,Uh-huh/UH ./.,Uh-huh. /
+,A,"--/: I/PRP mean/VBP ,/, we/PRP planted/VBD them/PRP ,/,","-- {E I mean, } we planted them, - /"
sd,A,"but/CC the/DT first/JJ year/NN ,/, you/PRP know/VBP ,/, after/IN we/PRP 'd/MD had/VBD a/DT crop/NN --/:","{C but } the first year, {D you know, } after we'd had a crop --"
b,B,Yeah/UH ./.,Yeah. /
+,A,"--/: all/PDT these/DT little/JJ things/NNS like/IN ,/,","-- all these little things {D like, } - /"
sd,A,"we/PRP had/VBD cucumbers/NNS coming/VBG up/RB ,/, you/PRP know/VBP ,/, in/IN the/DT middle/NN of/IN our/PRP$ okra/NN ,/,","we had cucumbers coming up, {D you know, } in the middle of our okra, /"
sd,A,"and/CC I/PRP thought/VBD ,/, how/WRB did/VBD this/DT get/VB here/RB --/:","{C and } I thought, how did this get here -- /"
b,B,Uh-huh/UH ./.,Uh-huh. /
sd,A,--/: I/PRP know/VBP I/PRP did/VBD n't/RB put/VB that/DT seed/NN there/RB ./.,-- I know I didn't put that seed there. /
sd,A,"And/CC it/PRP was/VBD weird/JJ ,/, but/CC the/DT birds/NNS had/VBD ,/, you/PRP know/VBP ,/, evidently/RB just/RB deposited/VBN them/PRP for/IN us/PRP ./.","{C And } it was weird, but the birds had, {D you know, } evidently just deposited them for us. /"
b,B,Uh-huh/UH ./.,Uh-huh. /
sd,B,"Well/UH ,/, sometimes/RB ,/, too/RB ,/, when/WRB we/PRP take/VBP out/RB our/PRP$ garbage/NN ,/,","{D Well, } sometimes, too, when we take out our garbage, /"
sd,B,"and/CC we/PRP usually/RB ,/, you/PRP know/VBP ,/, we/PRP just/RB dump/VBP it/PRP in/IN the/DT middle/NN of/IN the/DT garden/NN ,/, you/PRP know/VBP ,/, after/IN your/PRP$ garden/NN 's/BES basically/RB done/JJ --/:","{C and } [ we usually, + {D you know, } we ] just dump it in the middle of the garden, {D you know, } after your garden's basically done -- /"
b,A,Uh-huh/UH ./.,Uh-huh. /
sd,B,"--/: and/CC we/PRP 're/VBP finding/VBG out/RP ,/,","-- {C and } we're finding out, - /"
sd,B,"like/UH we/PRP have/VBP peach/NN trees/NNS in/IN the/DT middle/NN of/IN our/PRP$ garden/NN now/RB ,/, because/IN we/PRP took/VBD peach/NN seeds/NNS and/CC dump/VBP them/PRP there/RB ,/, whenever/WRB the/DT garden/NN ,/,","{D like } we have peach trees in the middle of our garden now, because we took peach seeds and dump them there, whenever the garden, - /"
sd,B,"like/UH in/IN the/DT Fall/NN ,/,","like in the Fall, - /"
sd,B,"now/RB we/PRP have/VBP peach/NN trees/NNS coming/VBG up/IN ,/,","now we have peach trees coming up, /"
