act_tag,speaker,pos,text
"fo_o_fw_""_by_bc",A,Okay/UH ./.,Okay. /
sd,B,All/RB set/JJ ./.,All set. /
qy,B,Do/VBP you/PRP want/VB to/TO start/VB ?/.,Do you want to start? /
na,A,"I/PRP can/MD go/VB ahead/RB and/CC start/VB ,/,","I can go ahead and start, /"
ad,B,"Sure/UH ,/, go/VB ahead/RB ./.","Sure, go ahead. /"
sv,A,"uh/UH ,/, in/IN Dallas/NNP there/EX 's/BES definitely/RB a/DT crime/NN problem/NN ,/,","{F uh, } in Dallas there's definitely a crime problem, /"
sv,A,"I/PRP know/VBP it/PRP 's/BES ,/, you/PRP know/VBP ,/, worse/JJR in/IN the/DT larger/JJR cities/NNS ./.","I know it's, {D you know, } worse in the larger cities. /"
sd,A,"Um/UH ,/, it/PRP 's/BES kind/RB of/RB a/DT concern/NN for/IN me/PRP ,/,","{F Um, } it's kind of a concern for me, /"
sd,A,"in/IN fact/NN ,/, at/IN the/DT moment/NN I/PRP 'm/VBP thinking/VBG of/IN possibly/RB moving/VBG to/IN a/DT new/JJ apartment/NN","in fact, at the moment I'm thinking of possibly moving to a new apartment /"
%,A,"and/CC ,/, uh/UH ,/, it/PRP 's/BES ,/,","{C and, } {F uh, } it's, - /"
sd,A,"I/PRP am/VBP single/JJ and/CC female/JJ ,/,","I am single and female, /"
sv,A,"you/PRP definitely/RB are/VBP going/VBG to/TO worry/VB about/IN the/DT location/NN ,/, and/CC ,/, uh/UH ,/, you/PRP know/VBP ,/, accessibility/NN of/IN people/NNS to/TO be/VB able/JJ to/TO break/VB in/RB ./.","you definitely are going to worry about the location, and, {F uh, } {D you know, } accessibility of people to be able to break in. /"
sd,A,"I/PRP live/VBP on/IN a/DT third/JJ floor/NN now/RB ,/,","I live on a third floor now, /"
sd,A,"but/CC ,/, I/PRP ,/, you/PRP know/VBP ,/, I/PRP 'm/VBP real/RB concerned/JJ that/IN I/PRP ,/, I/PRP do/VBP n't/RB want/VB to/TO be/VB on/IN a/DT first/JJ floor/NN where/WRB you/PRP can/MD have/VB problems/NNS with/IN things/NNS like/IN that/DT ,/,","{C but, } [ I, + {D you know, } I'm ] real concerned that [ I, + I ] don't want to be on a first floor where you can have problems with things like that, /"
%,A,"and/CC ,/, the/DT ,/, um/UH ,/,","{C and, } the, {F um, } -/"
qy,B,Do/VBP they/PRP have/VB many/JJ buildings/NNS that/WDT have/VBP security/NN there/RB ?/.,Do they have many buildings that have security there? /
na,A,"Some/DT buildings/NNS do/VBP ,/,","Some buildings do, /"
sd,A,it/PRP depends/VBZ on/IN the/DT location/NN ./.,it depends on the location. /
sd,A,"The/DT area/NN I/PRP live/VBP in/IN right/RB now/RB ,/, is/VBZ ,/, is/VBZ real/RB good/JJ as/IN far/RB as/IN crime/NN rate/NN is/VBZ concerned/JJ","The area I live in right now, [ is, + is ] real good as far as crime rate is concerned /"
sd,A,"and/CC we/PRP do/VBP n't/RB have/VB anything/NN at/IN all/DT ,/, no/DT burglar/NN alarms/NNS ,/, no/DT guards/NNS ./.","{C and } we don't have anything at all, no burglar alarms, no guards. /"
b,B,"Yeah/UH ,/,","Yeah, /"
b,B,"yeah/UH ,/,","yeah, /"
sd,B,"well/UH I/PRP ,/, I/PRP went/VBD to/IN Dallas/NNP ,/, uh/UH ,/, when/WRB I/PRP worked/VBD for/IN T/NNP I/NNP in/IN Abilene/NNP","{D well } [ I, + I ] went to Dallas, {F uh, } when I worked for T I in Abilene /"
sd,B,"and/CC ,/, uh/UH ,/,","{C and, } {F uh, }"
+,B,"I/PRP 'm/VBP a/DT little/RB familiar/JJ with/IN the/DT city/NN area/NN ,/, Forest/NNP Lane/NNP and/CC ,/, you/PRP know/VBP ,/, through/IN that/DT ,/, off/IN ,/, off/IN the/DT freeway/NN ./.","I'm a little familiar with the city area, Forest Lane and, {D you know, } through that, [ off, + off ] the freeway. /"
b,A,Uh-huh/UH ./.,Uh-huh. /
sd,B,"And/CC ,/, uh/UH ,/, it/PRP did/VBD n't/RB seem/VB like/IN it/PRP was/VBD that/RB congested/JJ in/IN that/DT ,/, that/DT part/NN ./.","{C And, } {F uh, } it didn't seem like it was that congested in [ that, + that ] part. /"
sd,B,"You/PRP know/VBP because/IN to/IN me/PRP where/WRB we/PRP live/VBP out/IN here/RB in/IN the/DT north/NN east/NN ,/, it/PRP ,/, it/PRP 's/BES there/EX are/VBP a/DT lot/NN of/IN buildings/NNS very/RB close/RB to/IN each/DT other/JJ ,/,","{D You know } {C because } to me where we live out here in the north east, [ [ it, + it's ] + ] there are a lot of buildings very close to each other, /"
b,A,Uh-huh/UH ./.,Uh-huh. /
sd,B,"and/CC the/DT cities/NNS are/VBP very/RB populated/JJ with/IN tenement/NN housing/NN ,/,","{C and } the cities are very populated with tenement housing,"
b,A,Uh-huh/UH ./.,Uh-huh. /
+,B,where/WRB there/EX are/VBP more/JJR than/IN one/CD family/NN in/IN a/DT house/NN ./.,where there are more than one family in a house.
b,A,Um/UH ./.,{F Um. } /
+,B,"And/CC with/IN the/DT ,/, uh/UH ,/, people/NNS that/WDT are/VBP coming/VBG into/IN the/DT country/NN from/IN other/JJ countries/NNS ,/, not/RB knowing/VBG the/DT language/NN","[ And + ] with the, {F uh, } people that are coming into the country from other countries, not knowing the language /"
sv,B,"and/CC ,/, uh/UH ,/, they-/PRP ,/, they/PRP 're/VBP going/VBG to/IN the/DT big/JJ cities/NNS ./.","{C and, } {F uh, } [ they-, + they're ] going to the big cities. /"
sv,B,It/PRP makes/VBZ it/PRP very/RB difficult/JJ ./.,It makes it very difficult. /
b,A,Uh-huh/UH ./.,Uh-huh. /
sv,B,"It/PRP really/RB does/VBZ ,/,","It really does, /"
sd,B,"and/CC ,/, and/CC I/PRP 've/VBP seen/VBN the/DT same/JJ thing/NN that/WDT you/PRP 're/VBP talking/VBG about/IN ,/, uh/UH ,/, much/RB more/JJR crime/NN than/IN ever/RB before/RB ./.","[ {C and, } + {C and } ] I've seen the same thing that you're talking about, {F uh, } much more crime than ever before."
b,A,Uh-huh/UH ./.,Uh-huh. /
+,B,"Drugs/NNS of/IN course/NN ,/, uh/UH ,/, a/DT big/JJ part/NN of/IN it/PRP I/PRP think/VBP ./.","Drugs of course, {F uh, } a big part of it I think. /"
b,A,Uh-huh/UH ./.,Uh-huh. /
h,B,"And/CC ,/, uh/UH ,/, I/PRP do/VBP n't/RB know/VB ,/,","{C And, } {F uh, } I don't know, /"
sv,B,"a/DT lot/NN of/IN younger/JJR people/NNS ,/, you/PRP know/VBP ,/, into/IN more/RBR violent/JJ crimes/NNS ./.","a lot of younger people, {D you know, } into more violent crimes. /"
aa,A,"Oh/UH ,/, yeah/UH ,/,","{F Oh, } yeah, /"
aa,A,yeah/UH ./.,yeah. /
ba,B,"Tha-/DT ,/, that/DT ,/, that/DT 's/BES really/RB sad/JJ ,/, you/PRP know/VBP ,/,","[ [ Tha-, + that, ] + that's ] really sad, {D you know, } /"
sv,B,"you/PRP got/VBN young/JJ boys/NNS or/CC girls/NNS ,/, that/WDT at/IN fourteen/CD or/CC twelve/CD years/NNS old/JJ that/WDT are/VBP committing/VBG murders/NNS and/CC ,/, no/DT remorse/NN ,/, what/GW so/GW ever/^RB ./.","you got young boys or girls, that at fourteen or twelve years old that are committing murders and, no remorse, what so ever. /"
aa,A,Uh-huh/UH ./.,Uh-huh. /
sd,A,"There/EX 's/BES a/DT lot/NN of/IN that/DT going/VBG on/RP in/IN Dallas/NNP ,/, too/RB ./.","There's a lot of that going on in Dallas, too. /"
b,B,Yeah/UH ./.,Yeah. /
b^m,A,"Yeah/UH ,/,","Yeah, /"
sv,A,it/PRP 's/BES really/RB sad/JJ ./.,it's really sad. /
aa,B,It/PRP is/VBZ,It is /
sv,B,"and/CC ,/, and/CC I/PRP do/VBP n't/RB know/VB if/IN it/PRP 's/BES ,/, uh/UH ,/, the/DT family/NN ,/, you/PRP know/VBP ,/, thing/NN where/WRB they/PRP 're/VBP not/RB bonding/VBG anymore/RB ,/, where/WRB mothers/NNS are/VBP working/VBG all/PDT the/DT time/NN and/CC ,/,","[ {C and, } + {C and } ] I don't know if it's, {F uh, } the family, {D you know, } thing where they're not bonding anymore, where mothers are working all the time and,"
b,A,"Uh-huh/UH ,/,","Uh-huh, /"
+,B,"the/DT kids/NNS are/VBP n't/RB getting/VBG the/DT attention/NN that/WDT they/PRP need/VBP ,/, or/CC the/DT television/NN ./.","the kids aren't getting the attention that they need, or the television. /"
b,A,Uh-huh/UH ./.,Uh-huh. /
sv,B,"And/CC I/PRP ,/, I/PRP really/RB think/VBP that/IN we/PRP 're/VBP ,/, we/PRP 're/VBP falling/VBG by/IN the/DT wayside/NN with/IN not/RB incarcerating/VBG these/DT people/NNS ./.","{C And } [ I, + I ] really think that [ we're, + we're ] falling by the wayside with not incarcerating these people. /"
aa,A,"Oh/UH ,/, I/PRP agree/VBP ./.","{F Oh, } I agree. /"
sv,A,I/PRP think/VBP that/IN people/NNS are/VBP getting/VBG off/RP too/RB easy/RB ./.,I think that people are getting off too easy. /
sv,A,"They/PRP 're/VBP getting/VBG ,/, they/PRP 're/VBP getting/VBG paroled/VBN too/RB easily/RB ./.","[ They're getting, + they're getting ] paroled too easily. /"
b,B,"Uh/UH ,/, uh/UH ./.","{F Uh, } {F uh. } /"
sv,A,"They/PRP 're/VBP just/RB getting/VBG ,/, uh/UH ,/, put/VBN on/IN probation/NN or/CC something/NN ,/, because/IN the/DT prisons/NNS do/VBP n't/RB have/VB enough/JJ room/NN","They're just getting, {F uh, } put on probation or something, because the prisons don't have enough room /"
sv,A,"so/RB they/PRP get/VBP ,/, they/PRP get/VBP lighter/JJR sentences/NNS ,/,","{C so } [ they get, + they get ] lighter sentences, /"
aa,B,"Yeah/UH ,/, exactly/UH ./.","Yeah, {D exactly. } /"
sv,A,"and/CC some/DT of/IN those/DT people/NNS ,/, they/PRP do/VBP n't/RB deserve/VB to/TO be/VB let/VBN loose/JJ ./.","{C and } some of those people, they don't deserve to be let loose. /"
%,B,"And/CC ,/, uh/UH ,/, you/PRP know/VBP ,/, they/PRP had/VBD ,/, uh/UH ,/,","{C And, } {F uh, } {D you know, } they had, {F uh, } - /"
sd,B,"in/IN fact/NN on/IN the/DT news/NN last/JJ night/NN we/PRP were/VBD watching/VBG this/DT ,/, uh/UH ,/, man/NN who/WP lost/VBD his/PRP$ ten/CD year/NN old/JJ daughter/NN ./.","in fact on the news last night we were watching this, {F uh, } man who lost his ten year old daughter. /"
sd,B,He/PRP ran/VBD out/IN to/IN the/DT store/NN for/IN a/DT few/JJ minutes/NNS,He ran out to the store for a few minutes /
sd,B,and/CC he/PRP had/VBD left/VBN her/PRP$ home/NN alone/RB ./.,{C and } he had left her home alone. /
sd,B,"Sh-/PRP ,/, now/RB ten/CD years/NNS old/JJ ,/,","Sh-, now ten years old, - /"
sd,B,"she/PRP 's/BES old/JJ enough/RB to/TO be/VB alone/JJ for/IN a/DT few/JJ minutes/NNS ,/, you/PRP know/VBP ./.","she's old enough to be alone for a few minutes, {D you know. } /"
b,A,"Oh/UH ,/, yeah/UH ./.","{F Oh, } yeah. /"
sd,B,"And/CC while/IN he/PRP was/VBD gone/VBN ,/, he/PRP had/VBD looked/VBN ,/, went/VBD looking/VBG for/IN a/DT job/NN and/CC stopped/VBD at/IN the/DT store/NN ,/,","{C And } while he was gone, he had [ looked, + went ] looking for a job and stopped at the store, /"
sd,B,that/WDT 's/BES what/WP it/PRP was/VBD ./.,that's what it was. /
sd,B,"And/CC ,/, uh/UH ,/, someone/NN who/WP was/VBD in/IN the/DT neighborhood/NN cleaning/VBG carpets/NNS ,/, these/DT two/CD men/NNS ,/, went/VBD in/RB ,/, raped/VBD the/DT girl/NN ,/, murdered/VBD her/PRP ,/,","{C And, } {F uh, } someone who was in the neighborhood cleaning carpets, these two men, went in, raped the girl, murdered her,"
ba,A,Oh/UH my/UH gosh/UH ./.,{F Oh } my gosh. /
+,B,and/CC the/DT whole/JJ bit/NN ./.,and the whole bit. /
sd,B,"And/CC one/CD of/IN the/DT men/NNS got/VBD ,/, uh/UH ,/, I/PRP think/VBP it/PRP was/VBD seventeen/CD years/NNS","{C And } one of the men got, {F uh, } I think it was seventeen years /"
sd,B,"and/CC the/DT other/JJ one/NN was/VBD in/RB for/IN ,/, uh/UH ,/, life/NN imprisonment/NN ./.","{C and } the other one was in for, {F uh, } life imprisonment. /"
b,A,Uh-huh/UH ./.,Uh-huh. /
sd,B,"The/DT one/NN that/WDT was/VBD in/IN for/IN the/DT seventeen/CD years/NNS ,/, actually/RB served/VBD seven/CD ,/,","The one that was in for the seventeen years, actually served seven, /"
sd,B,and/CC he/PRP 's/BES out/RB ./.,{C and } he's out. /
ba,A,"Uh/UH ,/, that/DT 's/BES terrible/JJ ./.","{F Uh, } that's terrible. /"
sd,B,"And/CC the/DT man/NN said/VBD ,/, that/IN ,/, you/PRP know/VBP ,/, if/IN it/PRP were/VBD n't/RB for/IN the/DT fact/NN that/IN he/PRP would/MD go/VB to/IN jail/NN ,/, that/IN he/PRP would/MD eliminate/VB this/DT person/NN himself/PRP ./.","{C And } the man said, that, {D you know, } if it weren't for the fact that he would go to jail, that he would eliminate this person himself."
b,A,Uh-huh/UH ./.,Uh-huh. /
+,B,"And/CC then/RB go/VB to/IN McDonalds/NNP and/CC have/VB a/DT hamburger/NN and/CC not/RB thing/NN a/DT thing/NN ,/, think/VB a/DT thing/NN about/IN it/PRP ./.","And then go to McDonalds and have a hamburger and not [ thing a thing, + think a thing ] about it. /"
x,A,./.,<Laughter>.
sv,B,"And/CC I/PRP mean/VBP ,/, I/PRP think/VBP that/IN what/WP this/DT is/VBZ going/VBG to/TO lead/VB to/IN is/VBZ people/NNS will/MD take/VB things/NNS into/IN their/PRP$ own/JJ hands/NNS ./.","{C And } {E I mean, } I think that what this is going to lead to is people will take things into their own hands."
b,A,Yeah/UH ./.,Yeah. /
+,B,"And/CC that/IN innocent/JJ people/NNS ,/,","{C And } that innocent people, - /"
sv,B,"I/PRP ,/, I/PRP should/MD n't/RB say/VB innocent/JJ ,/, because/IN I/PRP mean/VBP ,/, ac-/UH ,/, actually/UH if/IN they/PRP commit/VBP a/DT crime/NN that/IN they/PRP 're/VBP in/IN the/DT same/JJ circumstances/NNS","[ I, + I ] shouldn't say innocent, because {E I mean, } [ ac-, + actually ] if they commit a crime that they're in the same circumstances - /"
%,B,"but/CC ,/,","{C but, } -/"
b,A,Uh-huh/UH ./.,Uh-huh. /
sv,B,"the/DT reasons/NNS that/WDT they/PRP 're/VBP doing/VBG it/PRP compared/VBN to/IN the/DT reason/NN someone/NN else/RB is/VBZ in/IN jail/NN for/IN it/PRP ,/, you/PRP know/VBP ,/, it/PRP 's/BES like/UH two/CD different/JJ things/NNS ./.","the reasons that they're doing it compared to the reason someone else is in jail for it, {D you know, } it's like two different things. /"
b,A,Yeah/UH ./.,Yeah. /
sv,B,"Sometimes/RB when/WRB you/PRP lose/VBP someone/NN that/WDT you/PRP really/RB love/VBP ,/, you/PRP do/VBP some/DT crazy/JJ things/NNS","Sometimes when you lose someone that you really love, you do some crazy things /"
%,B,"yo-/PRP ,/,","yo-, - /"
h,B,"I/PRP do/VBP n't/RB know/VB ,/,","I don't know, /"
aa,A,"Right/RB ,/,","Right, /"
sv,A,"it/PRP 's/BES a/DT little/RB more/RBR understandable/JJ under/IN the/DT circumstances/NNS ,/, I/PRP guess/VBP ./.","it's a little more understandable under the circumstances, I guess. /"
sv,B,"I/PRP ,/, I/PRP like/VBP the/DT idea/NN that/WDT ,/, uh/UH ,/, if/IN someone/NN is/VBZ from/IN a/DT foreign/JJ country/NN ,/,","[ I, + I ] like the idea that, {F uh, } if someone is from a foreign country,"
b,A,Uh-huh/UH ./.,Uh-huh. /
+,B,"and/CC they/PRP come/VBP to/IN this/DT country/NN and/CC uh/UH ,/, commit/VB ,/, a/DT crime/NN ,/, I/PRP think/VBP that/IN irregardless/JJ of/IN whether/RB they/PRP have/VBP already/RB become/VBN a/DT citizen/NN or/CC anything/NN ,/, they/PRP should/MD be/VB immediately/RB deported/VBN ./.","and they come to this country and {F uh, } commit, a crime, I think that irregardless of whether they have already become a citizen or anything, they should be immediately deported. /"
b,A,Uh-huh/UH ./.,Uh-huh. /
sv,B,Especially/RB if/IN they/PRP 're/VBP found/VBN guilty/JJ of/IN the/DT crime/NN ./.,Especially if they're found guilty of the crime. /
b,A,Uh-huh/UH ./.,Uh-huh. /
sv,B,"You/PRP know/VBP ,/, once/IN they/PRP ,/, they/PRP have/VBP been/VBN arrested/VBN","{D You know, } once [ they, + they ] have been arrested /"
sv,B,"and/CC if/IN they/PRP know/VBP beyond/IN a/DT shadow/NN of/IN a/DT doubt/NN ,/, these/DT people/NNS are/VBP guilty/JJ ./.","{C and } if they know beyond a shadow of a doubt, these people are guilty. /"
b,A,Uh-huh/UH ./.,Uh-huh. /
sv,B,"That/DT 's/BES it/PRP ,/,","That's it, /"
sv,B,"we/PRP do/VBP n't/RB take/VB care/NN of/IN them/PRP ,/,","we don't take care of them, /"
sv,B,"we/PRP do/VBP n't/RB support/VB them/PRP ,/,","we don't support them,"
b,A,Uh-huh/UH ./.,Uh-huh. /
+,B,"nothing/NN ,/,","nothing, /"
sv,B,I/PRP mean/VBP they/PRP go/VBP right/RB back/RB where/WRB they/PRP came/VBD from/IN ./.,{E I mean } they go right back where they came from. /
aa,A,"Right/UH ,/,","Right, /"
sv,A,"we/PRP have/VBP enough/JJ ,/, enough/JJ problems/NNS with/IN overcrowding/NN in/IN the/DT jails/NNS as/IN it/PRP is/VBZ ./.","we have [ enough, + enough ] problems with overcrowding in the jails as it is. /"
sv,A,"So/RB let/VB ,/, let/VB their/PRP$ country/NN take/VB care/NN of/IN it/PRP ./.","{C So } [ let, + let ] their country take care of it. /"
aa,B,Exactly/UH,Exactly <<pause>> /
%,B,"and/CC ,/,","{C and, } -/"
sd,A,"We/PRP do/VBP n't/RB have/VB ,/, I/PRP guess/VBP too/RB much/JJ trouble/NN in/IN Dallas/NNP with/IN ,/,","We don't have, I guess too much trouble in Dallas with, - /"
sv,A,"well/UH ,/, I/PRP guess/VBP ,/, I/PRP guess/VBP we/PRP do/VBP have/VB a/DT lot/NN of/IN people/NNS come/VB in/RB from/IN Mexico/NNP ,/, that/WDT cause/VBP problems/NNS ,/,","{D well, } [ I guess, + I guess ] we do have a lot of people come in from Mexico, that cause problems, /"
%,A,"but/CC ,/, uh/UH ./.","{C but, } {F uh. } -/"
sv,B,"But/CC that/DT 's/BES ,/, uh/UH ,/, the-/PRP ,/, they/PRP 're/VBP ,/, so/RB close/RB ,/,","{C But } [ [ that's, + {F uh, } the-, ] + they're, ] so close, /"
sv,B,"I/PRP ,/, I/PRP do/VBP n't/RB consider/VB Mexican/JJ people/NNS in/IN the/DT same/JJ category/NN with/IN ,/, uh/UH ,/,","[ I, + I ] don't consider Mexican people in the same category with, {F uh, }"
b,A,Yeah/UH ./.,Yeah. /
+,B,"especially/RB like/UH ,/, uh/UH ,/, people/NNS who/WP come/VBP from/IN cultures/NNS that/WDT do/VBP n't/RB have/VB the/DT same/JJ ,/, uh/UH ,/, kind/NN of/IN moral/JJ upbringing/NN that/WDT we/PRP have/VBP ./.","especially {D like, } {F uh, } people who come from cultures that don't have the same, {F uh, } kind of moral upbringing that we have. /"
b,A,Uh-huh/UH ./.,Uh-huh. /
sv,B,"Like/UH you/PRP take/VBP Asian/JJ countries/NNS ,/, or/CC ,/, uh/UH ,/, the/DT Eastern/JJ countries/NNS where/WRB women/NNS are/VBP like/UH in/IN the/DT foreground/NN ,/,","{D Like } you take Asian countries, or, {F uh, } the Eastern countries where women are {D like } [ in the foreground, +"
b,A,Uh-huh/UH ./.,Uh-huh. /
+,B,"uh/UH ,/, in/IN the/DT background/NN and/CC the/DT men/NNS are/VBP in/IN the/DT foreground/NN ,/,","{F uh, } in the background ] and the men are in the foreground, /"
sv,B,"and/CC it/PRP 's/BES like/IN ,/, you/PRP know/VBP ,/,","{C and } it's like, {D you know, }"
b,A,Uh-huh/UH ./.,Uh-huh. /
+,B,"um/UH ,/, they/PRP live/VBP back/RB in/IN whe/WRB ,/, where/WRB we/PRP came/VBD from/IN two/CD hundred/CD years/NNS ago/RB ./.","{F um, } they live back in [ whe-, + where ] we came from two hundred years ago. /"
b,A,Uh-huh/UH ./.,Uh-huh. /
sv,B,"You/PRP know/VBP ,/, whe-/XX ,/, we/PRP 've/VBP advanced/VBN beyond/IN that/DT ,/,","{D You know, } [ whe-, + we've ] advanced beyond that, /"
sv,B,"and/CC I/PRP think/VBP that/IN their/PRP$ ,/, uh/UH ,/, mentality/NN as/RB far/RB as/IN the/DT way/NN they/PRP treat/VBP them/PRP and/CC that/DT kind/NN of/IN thing/NN ,/,","{C and } I think that their, {F uh, } mentality as far as the way they treat them and that kind of thing, - /"
qh,B,you/PRP know/VBP what/WP I/PRP mean/VBP ./.,you know what I mean. /
aa,A,Uh-huh/UH ./.,Uh-huh. /
sd,A,It/PRP was/VBD amazing/JJ,It was amazing /
sd,A,"I/PRP went/VBD to/IN the/DT Far/NNP East/NNP ,/, uh/UH ,/, back/RB in/IN October/NNP to/TO do/VB some/DT training/NN for/IN T/NNP I/NNP","I went to the Far East, {F uh, } back in October to do some training for T I /"
%,A,"and/CC I/PRP ,/,","{C and } I, -/"
b,B,Uh-huh/UH ./.,Uh-huh. /
sd,A,"uh/UH ,/, some/DT of/IN those/DT countries/NNS were/VBD so/RB safe/JJ ,/, it/PRP was/VBD unreal/JJ ./.","{F uh, } some of those countries were so safe, it was unreal. /"
sd,A,"Singapore/NNP is/VBZ very/RB ,/, supposed/VBN to/TO be/VB very/RB safe/JJ","Singapore is [ very, + supposed to be very ] safe /"
sd,A,"and/CC ,/, in/IN fact/NN ,/, Tokyo/NNP ,/,","{C and, } in fact, Tokyo, - /"
sd,A,"and/CC I/PRP thought/VBD Tokyo/NNP would/MD be/VB dangerous/JJ being/VBG such/PDT a/DT huge/JJ large/JJ city/NN with/IN so/RB many/JJ people/NNS ,/,","{C and } I thought Tokyo would be dangerous being such a huge large city with so many people, /"
b,B,Yeah/UH ./.,Yeah. /
%,A,"but/CC they/PRP ,/,","{C but } they, - /"
sd,A,"at/IN ,/, at/IN the/DT T/NNP I/NNP there/RB ,/, I/PRP said/VBD is/VBZ there/EX any/DT area/NN I/PRP should/MD avoid/VB ./.","[ at, + at ] the T I there, I said is there any area I should avoid. /"
sd,A,And/CC the/DT guy/NN said/VBD let/VB me/PRP ask/VB another/DT girl/NN here/RB,{C And } the guy said let me ask another girl here /
sd,A,"and/CC he/PRP turned/VBD and/CC asked/VBD this/DT girl/NN ,/, and/CC said/VBD ,/, can/MD you/PRP think/VB of/IN any/DT place/NN where/WRB Dana/NNP should/MD n't/RB go/VB by/IN herself/PRP ,/, or/CC anything/NN ./.","{C and } he turned and asked this girl, and said, can you think of any place where Dana shouldn't go by herself, or anything. /"
sd,A,"And/CC she/PRP ,/, she/PRP thought/VBD for/IN a/DT few/JJ minutes/NNS","{C And } [ she, + she ] thought for a few minutes /"
sd,A,"and/CC she/PRP said/VBD ,/, no/UH ./.","{C and } she said, no. /"
sd,A,And/CC he/PRP said/VBD is/VBZ there/EX any/DT place/NN you/PRP would/MD n't/RB go/VB by/IN yourself/PRP ./.,{C And } he said is there any place you wouldn't go by yourself. /
sd,A,"She/PRP said/VBD ,/, no/UH ./.","She said, no. /"
sd,A,"And/CC they/PRP said/VBD ,/,","{C And } they said,"
ba,B,Wow/UH ./.,Wow. /
+,A,it/PRP is/VBZ so/RB safe/JJ there/RB that/IN you/PRP can/MD leave/VB your/PRP$ purse/NN on/IN the/DT subway/NN,it is so safe there that you can leave your purse on the subway /
^q,A,and/CC somebody/NN will/MD turn/VB it/PRP in/RP,{C and } somebody will turn it in /
^q,A,"and/CC ,/, and/CC nothing/NN will/MD be/VB missing/JJ ./.","[ {C and, } + {C and } ] nothing will be missing. /"
sd,A,"They/PRP said/VBD they/PRP can/MD just/RB about/RB guarantee/VB that/IN there/RB ,/, that/IN ,/, that/DT would/MD happen/VB if/IN you/PRP did/VBD that/DT ./.","They said they can just about guarantee that [ there, + ] [ that, + that ] would happen if you did that. /"
sd,A,"I/PRP thought/VBD ,/, boy/UH ,/, in/IN America/NNP ,/,","I thought, boy, <laughter> in America,"
ba,B,Wow/UH ./.,Wow. /
+,A,"if/IN you/PRP left/VBD a/DT purse/NN on/IN a/DT subway/NN ,/, you/PRP would/MD never/RB see/VB it/PRP again/RB ./.","if you left a purse on a subway, you would never see it again. /"
ba,B,"You/PRP better/RB believe/VBP it/PRP ,/,","You better believe it, /"
%,B,"if/IN ,/,","if, - /"
sv,B,"you/PRP would/MD n't/RB even/RB have/VB to/TO leave/VB it/PRP ,/,","you wouldn't even have to leave it, /"
%,B,"I/PRP mean/VBP ,/,","{E I mean, } -/"
aa,A,"Yeah/UH ,/,","Yeah, /"
aa,A,"that/DT 's/BES true/JJ ,/,","that's true, /"
sv,B,it/PRP would/MD get/VB snatched/VBN right/RB off/IN your/PRP$ arm/NN ./.,it would get snatched right off your arm <laughter>. /
aa,A,that/DT 's/BES true/JJ ./.,that's true. /
sd,A,"But/CC I/PRP was/VBD thinking/VBG boy/UH ,/, in/IN Dallas/NNP ,/, if/IN somebody/NN asked/VBD me/PRP if/IN there/EX were/VBD places/NNS you/PRP would/MD n't/RB go/VB by/IN yourself/PRP at/IN night/NN ,/, I/PRP 'd/MD have/VB to/TO set/VB them/PRP down/RB for/IN about/RB five/CD or/CC ten/CD minutes/NNS to/TO list/VB all/PDT the/DT places/NNS out/RP ./.","{C But } I was thinking boy, in Dallas, if somebody asked me if there were places you wouldn't go by yourself at night, I'd have to set them down for about five or ten minutes to list all the places out. /"
aa,B,Oh/UH sure/UH ./.,{F Oh } sure. /
sd,A,"I/PRP mean/VBP ,/, I/PRP could/MD n't/RB believe/VB that/IN she/PRP could/MD n't/RB think/VB of/IN any/DT place/NN ./.","{E I mean, } I couldn't believe that she couldn't think of any place. /"
sd,A,"They/PRP said/VBD ,/, the/DT ,/, apparently/RB the/DT crime/NN ,/, is/VBZ ,/, just/RB ,/, uh/UH ,/,","They said, [ the, + apparently the ] crime, is, just, {F uh, } -/"
ba,B,"That/DT 's/BES amazing/JJ ,/,","That's amazing, /"
qw,B,"well/UH ,/, wh/WP ,/, what/WP 's/BES the/DT difference/NN there/RB ,/,","{D well, } [ wh-, + what's ] the difference there, /"
qy,B,do/VBP you/PRP know/VB ?/.,do you know? /
no,A,I/PRP 'm/VBP not/RB sure/JJ what/WP it/PRP is/VBZ there/RB ./.,I'm not sure what it is there. /
sd,A,"Now/RB ,/, I/PRP know/VBP what/WP it/PRP is/VBZ in/IN Singapore/NNP ,/, is/VBZ they/PRP have/VBP the/DT death/NN penalty/NN","{D Now, } I know what it is in Singapore, is they have the death penalty /"
sd,A,"and/CC they/PRP really/RB enforce/VBP it/PRP ,/,","{C and } they really enforce it, /"
sd,B,"Oh/UH ,/, I/PRP ,/, I/PRP believe/VBP in/IN the/DT death/NN penalty/NN ,/,","{F Oh, } [ I, + I ] believe in the death penalty, /"
sd,B,I/PRP really/RB do/VBP ./.,I really do. /
sd,A,"like/UH for/IN drugs/NNS ,/, for/IN drugs/NNS they/PRP ,/, they/PRP enforce/VBP the/DT death/NN penalty/NN for/IN that/DT ./.","{D like } [ for drugs, + for drugs ] [ they, + they ] enforce the death penalty for that. /"
sd,A,"Uh/UH ,/, they/PRP 're/VBP just/RB ,/, very/RB ,/, very/RB tough/JJ ,/,","{F Uh, } they're just, very, very tough, /"
sd,A,"and/CC I/PRP guess/VBP maybe/RB that/DT 's/BES the/DT way/NN Tokyo/NNP is/VBZ too/RB ,/, or/CC Japan/NNP is/VBZ too/RB ./.","{C and } I guess maybe that's the way Tokyo is too, or Japan is too. /"
sd,A,They/PRP 're/VBP just/RB very/RB tough/JJ on/IN criminals/NNS ./.,They're just very tough on criminals. /
b,B,"Yeah/UH ,/,","Yeah, /"
b,B,"yeah/UH ,/,","yeah, /"
sv,B,I/PRP think/VBP that/IN we/PRP 're/VBP too/RB easy/JJ ./.,I think that we're too easy. /
b,A,Uh-huh/UH ./.,Uh-huh. /
sv,B,"Uh/UH ,/, and/CC we/PRP take/VBP the/DT ,/, the/DT ,/, uh/UH ,/, civil/JJ liberties/NNS ,/, uh/UH ,/, stuff/NN too/RB far/RB ./.","{F Uh, } {C and } we take [ the, + the, ] {F uh, } civil liberties, {F uh, } stuff too far. /"
b,A,Uh-huh/UH ./.,Uh-huh. /
sv,B,"You/PRP know/VBP like/IN people/NNS that/WDT are/VBP in/IN prison/NN ,/, I/PRP mean/VBP we/PRP did/VBD n't/RB put/VB them/PRP there/RB ./.","{D You know } {D like } people that are in prison, {E I mean } we didn't put them there. /"
sv,B,They/PRP put/VBP themselves/PRP in/IN that/DT situation/NN ./.,They put themselves in that situation. /
aa,A,"Uh-huh/UH ,/,","Uh-huh, /"
aa,A,oh/UH yeah/UH ./.,{F oh } yeah. /
sv,B,"And/CC as/RB far/RB as/IN like/UH them/PRP ,/, uh/UH ,/, entertaining/VBG the/DT rights/NNS that/WDT they/PRP should/MD have/VB ./.","{C And } as far as {D like } them, {F uh, } entertaining the rights that they should have. -/"
b,A,Uh-huh/UH ./.,Uh-huh. /
sv,B,"I/PRP mean/VBP ,/, we/PRP educate/VBP them/PRP ,/,","{E I mean, } we educate them, /"
sv,B,"we/PRP feed/VBP them/PRP ,/,","we feed them, /"
sv,B,we/PRP take/VBP care/NN of/IN them/PRP,we take care of them /
sv,B,and/CC they/PRP no/RB sooner/RBR get/VBP out/IN on/IN the/DT street/NN and/CC they/PRP 're/VBP back/RB in/IN again/RB ./.,{C and } they no sooner get out on the street and they're back in again. /
b,A,Uh-huh/UH ./.,Uh-huh. /
sd,B,"I/PRP 'm/VBP not/RB saying/VBG they/PRP 're/VBP all/DT bad/JJ ,/,","I'm not saying they're all bad, /"
sv,B,"but/CC I/PRP think/VBP people/NNS who/WP are/VBP guilty/JJ of/IN really/RB serious/JJ heinous/JJ crimes/NNS ,/,","{C but } I think people who are guilty of really serious heinous crimes,"
b,A,Uh-huh/UH ./.,Uh-huh. /
+,B,do/VBP not/RB deserve/VB to/TO be/VB cared/VBN for/IN for/IN the/DT rest/NN of/IN their/PRP$ lives/NNS ./.,do not deserve to be cared for for the rest of their lives. /
b,A,Right/UH ./.,Right. /
sv,B,I/PRP think/VBP that/IN they/PRP should/MD be/VB put/VBN away/RB ./.,I think that they should be put away. /
aa,A,"Right/UH ,/,","Right, /"
sv,A,"and/CC if/IN they/PRP 're/VBP overcrowded/JJ ,/, well/UH ,/, you/PRP know/VBP ,/,","{C and } if they're overcrowded, {D well, } {D you know } <laughter>,"
^2,B,Get/VB rid/VBN of/IN them/PRP ./.,Get rid of them. /
+,A,they/PRP should/MD n't/RB have/VB gotten/VBN theirself/PRP there/RB in/IN the/DT first/JJ place/NN ./.,they shouldn't have gotten theirself there in the first place. /
aa,B,Exactly/UH ./.,Exactly. /
sv,B,"I/PRP ,/, I/PRP really/RB ,/, I/PRP ,/, I/PRP think/VBP that/IN that/DT 's/BES the/DT whole/JJ key/NN here/RB ./.","[ [ [ I, + I really, ] + I, ] + I ] think that that's the whole key here. /"
sv,B,"This/DT plea/NN bargaining/NN baloney/NN ,/,","This plea bargaining baloney,"
b,A,Uh-huh/UH ./.,Uh-huh. /
+,B,"where/WRB ,/, uh/UH ,/, you/PRP know/VBP ,/, they/PRP plead/VBP to/IN a/DT lesser/JJR crime/NN ,/, or/CC ,/, uh/UH ,/, they/PRP plead/VBP guilty/JJ in/IN ,/, or/CC ,/, you/PRP know/VBP ,/, tell/VBP about/IN someone/NN else/RB and/CC they/PRP ,/, they/PRP get/VBP less/JJR time/NN ,/,","where, {F uh, } {D you know, } they plead to a lesser crime, or, {F uh, } they plead guilty [ in, + ] or, {D you know, } tell about someone else and [ they, + they ] get less time, -/"
b,A,Uh-huh/UH ./.,Uh-huh. /
sd,B,"Or/CC ,/, if/IN they/PRP 're/VBP in/IN there/RB and/CC they/PRP 've/VBP got/VBN seventeen/CD years/NNS and/CC they/PRP 're/VBP on/IN good/JJ behavior/NN ,/, for/IN every/DT year/NN they/PRP 're/VBP in/IN they/PRP get/VBP so/RB many/JJ less/JJR ,/, you/PRP know/VBP ,/, that/IN they/PRP do/VBP n't/RB serve/VB the/DT full/JJ penalty/NN ./.","{C Or, } if they're in there and they've got seventeen years and they're on good behavior, for every year they're in they get so many less, {D you know, } that they don't serve the full penalty. /"
b,A,Uh-huh/UH ./.,Uh-huh. /
sv,B,"I/PRP ,/, I/PRP ,/, I/PRP really/RB think/VBP we/PRP 're/VBP going/VBG to/^RB far/RB overboard/JJ with/IN all/DT of/IN this/DT ./.","[ [ I, + I, ] + I ] really think we're going to far overboard with all of this. /"
aa,A,"Oh/UH ,/, yeah/UH ,/,","{F Oh, } yeah, /"
sv,A,"I/PRP agree/VBP ,/, because/IN it/PRP 's/BES not/RB fair/JJ to/IN those/DT of/IN us/PRP that/WDT ,/, that/WDT deserve/VBP a/DT safe/JJ ,/, you/PRP know/VBP ,/, life/NN to/TO have/VB to/TO ,/,","I agree, because it's not fair to those of us [ that, + that ] deserve a safe, {D you know, } life to have to, -/"
aa,B,"Yeah/UH ,/,","Yeah, /"
sv,B,same/JJ with/IN drunk/JJ drivers/NNS ./.,(( same )) with drunk drivers. /
b,A,Right/UH ./.,Right. /
sv,B,I/PRP think/VBP it/PRP 's/BES too/RB easy/JJ for/IN them/PRP ./.,I think it's too easy for them. /
b,A,Uh-huh/UH ./.,Uh-huh. /
sv,B,"That/IN if/IN the/DT ,/, the/DT laws/NNS ,/, and/CC ,/, and/CC were/VBD ,/, were/VBD harsher/JJR and/CC were/VBD enforced/VBN ,/,","That if [ the, + the ] laws, [ and, + and ] were, were harsher and were enforced, -/"
b,A,Uh-huh/UH ./.,Uh-huh. /
sv,B,I/PRP mean/VBP you/PRP have/VBP to/TO set/VB an/DT example/NN ./.,{E I mean } you have to set an example. /
sv,B,You/PRP have/VBP to/TO start/VB somewhere/RB ./.,You have to start somewhere. /
b,A,Uh-huh/UH ./.,Uh-huh. /
sv,B,"And/CC I/PRP think/VBP that/IN people/NNS know/VBP that/IN they/PRP 're/VBP going/VBG to/TO get/VB a/DT slap/NN on/IN the/DT wrist/NN ,/, they/PRP might/MD serve/VB a/DT little/JJ bit/NN of/IN time/NN and/CC that/IN they/PRP 'll/MD be/VB out/IN on/IN the/DT street/NN again/RB ./.","{C And } I think that people know that they're going to get a slap on the wrist, they might serve a little bit of time and that they'll be out on the street again. /"
b,A,Uh-huh/UH ./.,Uh-huh. /
sv,B,"An/^CC ,/, it/PRP ,/, an/^CC I/PRP feel/VBP bad/RB for/IN the/DT policeman/NN ,/,","[ {C An, } + [ it, + ] {C an } ] I feel bad for the policeman,"
b,A,Uh-huh/UH ./.,Uh-huh. /
+,B,because/IN he/PRP 's/BES out/IN there/RB every/DT day/NN facing/VBG these/DT people/NNS ./.,because he's out there every day facing these people.
b,A,Right/UH ./.,Right. /
+,B,"This/DT ,/, this/DT craziness/NN ,/, you/PRP know/VBP ,/, people/NNS with/IN ,/, uh/UH ,/, automatic/JJ weapons/NNS and/CC ,/, uh/UH ,/, all/PDT this/DT other/JJ stuff/NN and/CC trying/VBG to/TO do/VB a/DT job/NN","[ This, + this ] craziness, {D you know, } people with, {F uh, } automatic weapons and, {F uh, } all this other stuff and trying to do a job /"
ad,B,"and/CC let/VB 's/PRP face/VB it/PRP ,/,","{C and } let's face it, /"
qh,B,what/WP do/VBP they/PRP get/VB paid/VBN ./.,what do they get paid. /
aa,A,"Right/UH ,/,","Right, /"
sv,A,not/RB much/JJ ./.,not much. /
sv,B,"Twenty/CD thousand/CD dollars/NNS a/DT year/NN ,/, if/IN they/PRP 're/VBP lucky/JJ ./.","Twenty thousand dollars a year, if they're lucky. /"
sd,B,I/PRP would/MD n't/RB do/VB it/PRP for/IN that/DT ./.,I wouldn't do it for that. /
aa,A,"Yeah/UH ,/,","Yeah, /"
aa,A,"huh-uh/UH ,/,","huh-uh, /"
sv,A,"and/CC especially/RB not/RB in/IN some/DT of/IN these/DT big/JJ cities/NNS ,/,","{C and } especially not in some of these big cities, /"
sd,A,"like/IN in/IN Dallas/NNP I/PRP mean/VBP they/PRP 've/VBP had/VBN ,/,","{D like } in Dallas {E I mean } they've had, - /"
sd,A,"they/PRP 're/VBP up/IN in/IN the/DT top/NN ,/, top/NN five/CD I/PRP think/VBP of/IN cities/NNS that/WDT are/VBP getting/VBG policeman/NN killed/VBN on/IN ,/, on/IN ,/, in/IN the/DT line/NN of/IN duty/NN","they're up in the [ top, + top ] five I think of cities that are getting policeman killed [ [ on, + on, ] + in ] the line of duty /"
ba,A,and/CC that/DT 's/BES really/RB sad/JJ ./.,{C and } that's really sad. /
aa,B,"It/PRP is/VBZ ,/, it/PRP really/RB is/VBZ ./.","[ It is, + it really is. ] /"
sv,B,"And/CC I/PRP mean/VBP ,/, they/PRP 're/VBP the/DT first/JJ ones/NNS that/WDT take/VBP the/DT brunt/NN of/IN everything/NN ./.","{C And } {E I mean, } they're the first ones that take the brunt of everything. /"
b,A,Uh-huh/UH ./.,Uh-huh. /
sv,B,"You/PRP know/VBP ,/, and/CC I/PRP 'm/VBP not/RB saying/VBG that/IN they/PRP 're/VBP all/RB good/JJ either/RB ,/, because/IN there/EX 's/BES good/JJ and/CC bad/JJ in/IN everything/NN ,/,","{D You know, } {C and } I'm not saying that they're all good either, because there's good and bad in everything, /"
b,A,Uh-huh/UH ./.,Uh-huh. /
sv,B,"but/CC they/PRP ,/, they/PRP 're/VBP already/RB ,/, uh/UH ,/, have/VBP str-/NNS ,/, three/CD strikes/NNS against/IN them/PRP when/WRB they/PRP 're/VBP out/IN there/RB ./.","{C but } [ they, + they're ] already, {F uh, } have [ str-, + three strikes ] against them when they're out there. /"
b,A,Uh-huh/UH ./.,Uh-huh. /
sv,B,"Because/IN they/PRP 'll/MD arrest/VB someone/NN and/CC ,/, you/PRP know/VBP ,/, go/VB through/IN all/PDT that/DT paperwork/NN and/CC writing/VBG a/DT report/NN and/CC all/PDT this/DT ,/, and/CC having/VBG all/DT kinds/NNS of/IN evidence/NN","{C Because } they'll arrest someone and, {D you know, } go through all that paperwork and writing a report and all this, and having all kinds of evidence /"
sv,B,"and/CC you/PRP have/VBP to/TO even/RB be/VB careful/JJ how/WRB you/PRP arrest/VBP them/PRP ,/, how/WRB you/PRP talk/VBP to/IN them/PRP ,/, uh/UH ,/, you/PRP know/VBP ,/, what/WP they/PRP say/VBP ,/,","{C and } you have to even be careful how you arrest them, how you talk to them, {F uh, } {D you know, } what they say, /"
