act_tag,speaker,pos,text
"fo_o_fw_""_by_bc",A,"Yes/UH ,/,","<Beep> Yes, /"
sd,A,I/PRP saw/VBD HOME/NN ALONE/JJ with/IN some/DT friends/NNS just/RB a/DT couple/NN days/NNS ago/RB ./.,I saw HOME ALONE with some friends just a couple days ago. /
sd,A,"I/PRP wanted/VBD to/TO see/VB it/PRP ,/, uh/UH ,/, because/IN there/EX was/VBD ,/, uh/UH ,/, much/JJ recommended/VBN ,/,","I wanted to see it, {F uh, } because there was, {F uh, } much recommended,"
x,B,,<Laughter>.
+,A,for/IN months/NNS and/CC months/NNS and/CC months/NNS,for months and months and months /
sd,A,"and/CC it/PRP was/VBD a/DT ,/, a/DT genre/NN that/WDT I/PRP was/VBD n't/RB in/IN the/DT least/JJS bit/NN interested/JJ in/IN ,/,","{C and } it was [ a, + a ] genre that I wasn't in the least bit interested in, /"
sd,A,"and/CC I/PRP usually/RB ,/, when/WRB I/PRP hear/VBP about/IN a/DT movie/NN that/WDT 's/BES supposed/VBN to/TO be/VB very/RB good/JJ --/:","{C and } I usually, when I hear about a movie that's supposed to be very good --"
b,B,Uh-huh/UH ./.,Uh-huh. /
+,A,"--/: even/RB if/IN it/PRP 's/BES in/IN a/DT genre/NN I/PRP do/VBP n't/RB like/VB ,/,","-- even if it's in a genre I don't like, - /"
sd,A,"I/PRP figure/VBP ,/, well/UH ,/, I/PRP should/MD go/VB see/VB it/PRP ,/, because/IN if/IN this/DT is/VBZ ,/, you/PRP know/VBP ,/, the/DT best/JJS of/IN the/DT genre/NN and/CC I/PRP should/MD know/VB about/IN it/PRP ,/, or/CC something/NN like/IN that/DT --/:","I figure, {D well, } I should go see it, because if this is, {D you know, } the best of the genre and I should know about it, or something like that -- /"
b,B,"Yeah/UH ,/,","Yeah, /"
b,B,"right/UH ,/, uh-huh/UH ./.","right, uh-huh. /"
sd,A,"--/: and/CC I/PRP usually/RB come/VBP away/RB thinking/VBG ,/, no/UH I/PRP really/RB do/VBP n't/RB like/VB this/DT show/NN ./.","-- {C and } I usually come away thinking, no I really don't like this show <laughter>. /"
b,B,"Yeah/UH ,/,","<Laughter> Yeah, /"
sd,B,"I/PRP ,/, I/PRP ,/, I/PRP ,/, I/PRP feel/VBP that/DT way/NN when/WRB movies/NNS are/VBP like/IN blown/VBN up/RP ,/, out/IN of/IN proportion/NN ,/, you/PRP know/VBP --/:","[ [ [ I, + I, ] + I, ] + I ] feel that way when movies are {D like } blown up, out of proportion, {D you know -- } /"
b,A,Yeah/UH ./.,Yeah. /
sd,B,"--/: usually/RB people/NNS tell/VBP you/PRP how/WRB good/JJ they/PRP are/VBP ,/,","-- usually people tell you how good they are, /"
sd,B,"and/CC you/PRP always/RB ,/, you/PRP know/VBP ,/, end/VBP up/RP with/IN expectations/NNS too/RB high/JJ or/CC whatever/WP ,/,","{C and } you always, {D you know, } end up with expectations too high or whatever, /"
b,A,"Yeah/UH ,/,","Yeah, /"
b,A,yeah/UH ./.,yeah. /
b,B,Right/UH ./.,Right. /
sd,A,"Well/UH ,/, the/DT ,/, the/DT problem/NN I/PRP had/VBD with/IN the/DT movie/NN was/VBD the/DT problem/NN I/PRP 've/VBP had/VBN with/IN a/DT lot/NN of/IN ,/, uh/UH ,/, I/PRP guess/VBP ,/, Hollywood/NNP movies/NNS --/:","{D Well, } [ the, + the ] problem I had with the movie was the problem I've had with a lot of, {F uh, } I guess, Hollywood movies --"
b,B,Uh-huh/UH ./.,Uh-huh. /
+,A,"--/: which/WDT is/VBZ they/PRP are/VBP ,/, it/PRP 's/BES a/DT formula/NN movie/NN ,/,","-- which is [ they are, + it's a formula movie, /"
sv,A,and/CC they/PRP 're/VBP making/VBG the/DT movie/NN according/VBG to/IN certain/JJ formula/NN that/WDT 's/BES a/DT good/JJ formula/NN --/:,and they're ] making the movie according to certain formula that's a good formula -- /
b,B,Uh-huh/UH ./.,Uh-huh. /
sv,A,"--/: but/CC they/PRP seem/VBP to/TO fall/VB short/JJ of/IN ,/, of/IN being/VBG really/RB creative/JJ with/IN a/DT lot/NN of/IN things/NNS ,/,","-- {C but } they seem to fall short [ of, + of ] being really creative with a lot of things, /"
sd,A,I/PRP mean/VBP --/:,{E I mean -- }
b,B,"Yeah/UH ,/,","Yeah, /"
b,B,uh-huh/UH ./.,uh-huh. /
+,A,"--/: here/RB 's/BES the/DT situation/NN of/IN this/DT kid/NN at/IN home/NN ,/, you/PRP know/VBP ,/,","-- here's the situation of this kid at home, {D you know, } /"
sd,A,it/PRP 's/BES a/DT classic/JJ slapstick/NN situation/NN with/IN these/DT bungling/VBG burglars/NNS trying/VBG to/TO get/VB in/IN --/:,it's a classic slapstick situation with these bungling burglars trying to get in -- /
aa,B,Right/UH ./.,Right. /
sv,A,"--/: and/CC ,/, you/PRP know/VBP ,/, he/PRP did/VBD some/DT clever/JJ things/NNS ,/,","-- {C and, } {D you know, } he did some clever things, /"
sv,A,"but/CC given/VBN the/DT size/NN of/IN the/DT house/NN and/CC how/WRB clever/JJ the/DT kid/NN was/VBD ,/, it/PRP seems/VBZ to/IN me/PRP they/PRP could/MD have/VB done/VBN a/DT lot/NN more/JJR ,/, I/PRP mean/VBP ,/, you/PRP know/VBP ,/, basically/RB stepping/VBG on/IN things/NNS and/CC yelling/VBG in/IN pain/NN --/:","{C but } given the size of the house and how clever the kid was, it seems to me they could have done a lot more, {E I mean, } {D you know, } basically stepping on things and yelling in pain -- /"
b,B,Yeah/UH,Yeah /
x,B,./.,<laughter>.
sv,A,--/: and/CC it/PRP seems/VBZ to/IN me/PRP they/PRP could/MD have/VB been/VBN a/DT lot/NN more/RBR creative/JJ stuff/NN used/VBN ./.,-- {C and } it seems to me they could have been a lot more creative stuff used. /
b,B,Yeah/UH ./.,Yeah. /
sd,B,"I/PRP was/VBD very/RB surprised/VBN that/IN did/VBD do/VBP a/DT slapstick/NN movie/NN ,/, because/IN that/DT 's/BES ,/, uh/UH ,/, not/RB really/RB the/DT way/NN comedies/NNS are/VBP right/RB now/RB --/:","I was very surprised that did do a slapstick movie, because that's, {F uh, } not really the way comedies are right now -- /"
b,A,Uh-huh/UH ./.,Uh-huh. /
sv,B,"--/: you/PRP know/VBP ,/, all/PDT the/DT comedies/NNS are/VBP more/JJR like/IN jokes/NNS and/CC ,/, you/PRP know/VBP ,/, gags/NNS and/CC stuff/NN like/IN that/DT --/:","-- {D you know, } all the comedies are more like jokes and, {D you know, } gags and stuff like that -- /"
b,A,"Uh-huh/UH ,/,","Uh-huh, /"
b,A,uh-huh/UH ./.,uh-huh. /
sv,B,--/: there/EX 's/BES not/RB as/IN much/JJ slapstick/NN anymore/RB ./.,-- there's not as much slapstick anymore. /
sd,A,"Well/UH ,/, I/PRP guess/VBP it/PRP was/VBD a/DT ,/, uh/UH ,/, a/DT very/RB successful/JJ movie/NN financially/RB ,/,","{D Well, } I guess it was [ a, + {F uh, } a ] very successful movie financially, /"
sv,A,so/RB --/:,{C so } --
b,B,Uh-huh/UH ./.,Uh-huh. /
+,A,--/: we/PRP may/MD see/VB more/JJR slapstick/NN ./.,-- we may see more slapstick. /
aa,B,"Yeah/UH ,/,","Yeah, /"
sv,B,"tha-/DT ,/, well/UH ,/, that/DT 's/BES true/JJ ,/,","[ tha-, + {D well, } that's ] true, /"
sv,B,it/PRP 's/BES very/RB cheap/JJ to/TO make/VB a/DT slapstick/NN movie/NN ./.,it's very cheap to make a slapstick movie. /
aa,A,"Yeah/UH ,/,","Yeah, /"
sv,A,"it/PRP is/VBZ ,/, it/PRP is/VBZ ,/,","[ it is, + it is, ] /"
sd,A,"and/CC I/PRP guess/VBP you/PRP do/VBP n't/RB have/VB to/TO ,/, but/CC ,/, you/PRP know/VBP ,/, if/IN you/PRP look/VBP at/IN oh/UH ,/,","{C and } I guess you don't have to, {C but, } {D you know, } if you look at {F oh, } - /"
qy,A,have/VBP you/PRP ever/RB seen/VBD any/DT of/IN the/DT MUMBLEx/XX movies/NNS ?/.,have you ever seen any of the (( )) movies? /
br,B,Excuse/VB me/PRP ?/.,Excuse me? /
sd,A,The/DT French/JJ movies/NNS that/WDT MUMBLEx/XX ./.,The French movies that (( )) . -/
nn,B,"No/UH ,/,","No, /"
ng,B,"not/RB really/RB ,/,","not really, /"
sd,B,"the/DT last/JJ movie/NN I/PRP saw/VBD I/PRP guess/VBP ,/, uh/UH ,/, was/VBD ,/, uh/UH ,/, uh/UH ,/, the/DT one/NN about/IN the/DT French/NNP ,/, the/DT Frenchman/NNP that/WDT leaves/VBZ and/CC comes/VBZ back/RB ,/, and/CC he/PRP 's/BES someone/NN different/JJ ./.","the last movie I saw I guess, {F uh, } was, {F uh, } {F uh, } the one about [ the French, + the Frenchman ] that leaves and comes back, and he's someone different. /"
%,B,"Um/UH ,/, he/PRP 's/BES ,/, uh/UH ,/,","{F Um, } he's, {F uh, } - /"
sd,B,"well/UH ,/, it/PRP 's/BES about/IN a/DT man/NN ,/, uh/UH ,/, that/WDT ,/, uh/UH ,/, leaves/VBZ his/PRP$ home/NN and/CC comes/VBZ back/RB to/IN his/PRP$ wife/NN ,/,","{F well, } it's about a man, {F uh, } that, {F uh, } leaves his home and comes back to his wife, /"
sd,B,and/CC his/PRP$ wife/NN 's/BES all/DT excited/VBN,{C and } his wife's all excited /
sd,B,"but/CC the/DT guy/NN that/WDT comes/VBZ back/RB is/VBZ not/RB her/PRP$ original/JJ husband/NN ,/,","{C but } the guy that comes back is not her original husband, /"
sv,B,"but/CC ,/, um/UH ./.","{C but, } {F um. }"
%,A,Um/UH ./.,{F Um. } /
+,B,"O'Gear/NNP ,/, um/UH ,/, I/PRP 'm/VBP sure/JJ you/PRP 've/VBP heard/VBN of/IN it/PRP ,/,","O'Gear <<phonetically spelled>>, {F um, } I'm sure you've heard of it, /"
sv,B,"it/PRP was/VBD a/DT very/RB famous/JJ ,/, uh/UH ,/, popular/JJ movie/NN ./.","it was a very famous, {F uh, } popular movie. /"
sd,B,"Norman/NNP Gray/NNP ,/,","Norman Gray, /"
sd,B,Norman/NNP Gear/NNP ./.,Norman Gear. /
ar,A,"No/UH ,/,","No, /"
sd,A,"I/PRP 'm/VBP not/RB with/IN you/PRP so/RB far/RB ,/,","I'm not with you so far, /"
sd,B,"Oh/UH ,/, shoot/UH ,/, I/PRP 'm/VBP going/VBG to/TO hit/VB myself/PRP after/IN I/PRP hang/VBP up/RP ./.","{F Oh, } shoot, I'm going to hit myself after I hang up. /"
sd,B,I/PRP 'll/MD remember/VB the/DT name/NN ./.,I'll remember the name. /
x,A,,<Laughter>.
sd,B,"But/CC ,/, uh/UH ,/, anyway/UH ,/, that/DT was/VBD a/DT French/JJ movie/NN --/:","{C But, } {F uh, } anyway, that was a French movie -- /"
b,A,Uh-huh/UH ./.,Uh-huh. /
sd,B,"--/: it/PRP was/VBD ,/, um/UH ,/, that/DT was/VBD the/DT last/JJ one/NN I/PRP saw/VBD downtown/RB ,/,","-- [ it was, + {F um, } that was ] the last one I saw downtown, /"
sd,B,but/CC I/PRP live/VBP in/IN D/NNP C/NNP --/:,{C but } I live in D C --
b,A,Uh-huh/UH ./.,Uh-huh. /
+,B,"--/: well/UH ,/, actually/UH Falls/NNP Church/NNP ,/, Virginia/NNP ,/, outside/IN the/DT city/NN --/:","-- {D well, } {D actually } Falls Church, Virginia, outside the city -- /"
b,A,Uh-huh/UH ./.,Uh-huh. /
sd,B,"--/: and/CC ,/, uh/UH ,/, so/RB a/DT lot/NN of/IN times/NNS they/PRP have/VBP the/DT ,/, the/DT ,/, the/DT ,/, international/JJ films/NNS downtown/RB --/:","-- [ {C and, } + {F uh, } {C so } ] a lot of times they have [ [ the, + the, ] + the, ] international films downtown -- /"
b,A,"Oh/UH ,/, yeah/UH ./.","{F Oh, } yeah. /"
sv,B,"--/: but/CC ,/, uh/UH ,/, so/RB this/DT ,/, uh/UH ,/, French/JJ I/PRP guess/VBP are/VBP into/IN the/DT slapsti-/NN ,/,","-- [ {C but, } + {F uh, } {C so } ] this, {F uh, } French I guess are into the slapsti-, /"
sv,B,"I/PRP guess/VBP they/PRP would/MD like/IN Jerry/NNP Lewis/NNP ,/, too/RB ./.","I guess they would like Jerry Lewis, too. /"
%,A,"They/PRP have/VBP ,/, they/PRP have/VBP a/DT MUMBLEx/XX","[ They have, + they have ] a (( )) - /"
sd,A,"Yes/UH they/PRP like/VBP your/PRP$ Lewis/NNP much/JJ to/IN the/DT chagrin/NN of/IN sophisticated/JJ Am-/NNP ,/, MUMBLEx/XX of/IN sophisticated/JJ American/NNP everywhere/RB ./.","Yes they like your Lewis much to the chagrin [ of sophisticated Am-, + (( )) of sophisticated American ] everywhere. /"
b,B,Right/UH ./.,Right. /
sd,A,"But/CC they/PRP have/VBP this/DT one/CD guy/NN MUMBLEx/XX who/WP does/VBZ slapstick/NN comedy/NN ,/,","{C But } they have this one guy (( )) who does slapstick comedy, /"
sv,A,"and/CC there/EX 's/BES something/NN about/IN it/PRP that/DT 's/BES so/RB innovative/JJ ,/, you/PRP know/VBP ,/,","{C and } there's something about it that's so innovative, {D you know, } /"
sd,A,"he/PRP 'll/MD have/VB trouble/NN picking/VBG up/RP his/PRP$ hat/NN ,/, or/CC catching/VBG his/PRP$ umbrella/NN blowing/VBG in/IN the/DT wind/NN ,/, or/CC something/NN ,/,","he'll have trouble picking up his hat, or catching his umbrella blowing in the wind, or something, /"
sv,A,"but/CC there/EX 's/BES something/NN about/IN it/PRP that/WDT just/RB ,/, it/PRP is/VBZ n't/RB just/RB slapstick/NN ,/,","{C but } there's something about it [ that just, + it isn't just ] slapstick, /"
sv,A,there/EX 's/BES something/NN about/IN the/DT human/JJ character/NN in/IN it/PRP --/:,there's something about the human character in it -- /
b,B,"Oh/UH ,/, uh-huh/UH ./.","{F Oh, } uh-huh. /"
sd,A,"--/: and/CC that/DT 's/BES what/WP I/PRP find/VBP lacking/VBG in/IN a/DT lot/NN of/IN ,/, you/PRP know/VBP ,/, like/IN HOME/NN ALONE/JJ ./.","-- {C and } that's what I find lacking in a lot of, {D you know, } like HOME ALONE. /"
sv,A,There/EX was/VBD a/DT lot/NN of/IN the/DT human/JJ character/NN when/WRB he/PRP was/VBD home/RB alone/JJ and/CC he/PRP was/VBD trying/VBG --/:,There was a lot of the human character when he was home alone and he was trying --
b,B,Right/UH ./.,Right. /
+,A,--/: MUMBLEx/XX,-- (( )) - /
sv,A,"and/CC there/EX was/VBD a/DT lot/NN of/IN human/JJ character/NN there/RB ,/,","{C and } there was a lot of human character there, /"
sv,A,"but/CC when/WRB it/PRP was/VBD ,/, the/DT real/JJ slapstick/NN moments/NNS ,/, him/PRP versus/IN the/DT criminals/NNS kind/NN of/IN thing/NN ,/, it/PRP just/RB sort/RB of/RB lost/VBD the/DT human/JJ element/NN --/:","{C but } when it was, the real slapstick moments, him versus the criminals kind of thing, it just sort of lost the human element --"
b,B,Uh-huh/UH ./.,Uh-huh. /
+,A,--/: and/CC became/VBD purely/RB a/DT caricature/NN --/:,-- and became purely a caricature -- /
b,B,Right/UH ./.,Right. /
qy,A,--/: does/VBZ that/DT make/VBP since/IN to/IN you/PRP ?/.,-- does that make since to you? /
ny,B,"Yeah/UH ,/,","Yeah, /"
ny,B,"uh-huh/UH ,/,","uh-huh, /"
ny,B,"yeah/UH ,/,","yeah, /"
sd,B,"I/PRP see/VBP what/WP you/PRP 're/VBP saying/VBG ,/,","I see what you're saying, /"
bf,B,"there/EX 's/BES less/JJR character/NN development/NN ,/, rather/RB just/RB the/DT ,/, the/DT ,/, the/DT funniness/NN of/IN the/DT gag/NN ,/,","there's less character development, [ rather + just [ [ the, + the, ] + the ] funniness of the gag,"
aa,A,"Yeah/UH ,/,","Yeah, /"
aa,A,yeah/UH ./.,yeah. /
+,B,rather/IN than/IN --/:,rather ] than -- -/
qy,A,Did/VBD you/PRP go/VBP with/IN kids/NNS though/RB ?/.,Did you go with kids though? /
bf,B,"--/: and/CC how/WRB it/PRP fits/VBZ with/IN the/DT character/NN ,/, right/UH ./.","-- {C and } how it fits with the character , right. /"
qy,A,Did/VBD you/PRP go/VBP with/IN kids/NNS ?/.,Did you go with kids? /
br,B,Excuse/VB me/PRP ?/.,Excuse me? /
qy,A,Did/VBD you/PRP take/VBP kids/NNS along/RP ?/.,Did you take kids along? /
nn,B,"No/UH ,/,","No, /"
sd,B,"we/PRP went/VBD ,/, uh/UH ,/, without/IN the/DT kids/NNS ,/,","we went, {F uh, } without the kids, /"
sd,B,"it/PRP 's/BES was/VBD a/DT night/NN out/IN ,/, away/RB from/IN the/DT children/NNS ./.","it's was a night [ out, + away ] from the children. /"
sd,A,"Oh/UH ,/, I/PRP would/MD have/VB liked/VBN to/TO have/VB a/DT kid/NN with/IN me/PRP ,/, I/PRP think/VBP ,/, preferably/RB someone/NN seven/CD or/CC eight/CD --/:","{F Oh, } I would have liked to have a kid with me, I think, preferably someone seven or eight --"
b,B,Oh/UH ./.,Oh. /
+,A,"--/: just/RB ,/, just/RB to/TO get/VB a/DT sense/NN for/IN ,/, you/PRP know/VBP ,/, how/WRB ,/, how/WRB it/PRP affected/VBD them/PRP ./.","-- [ just, + just ] to get a sense for, {D you know, } [ how, + how ] it affected them."
x,B,,<Laughter>.
+,A,especially/RB to/TO come/VB home/RB,especially to come home /
sd,A,"and/CC ,/, you/PRP know/VBP ,/, MUMBLEx/XX I/PRP would/MD have/VB gotten/VBN in/IN trouble/NN the/DT next/JJ day/NN ,/,","{C and, } {D you know, } (( )) I would have gotten in trouble the next day, /"
sd,A,I/PRP 'm/VBP sure/JJ ./.,I'm sure. /
b,B,"Uh-huh/UH ,/,","Uh-huh, /"
aa,B,"yeah/UH ,/,","yeah, /"
sv,B,"that/DT ,/, that/DT 's/BES true/JJ ./.","[ that, + that's ] true. /"
sd,B,"I/PRP ,/, I/PRP was/VBD thinking/VBG about/IN that/DT too/RB ,/,","[ I, + I ] was thinking about that too, /"
sd,B,"I/PRP saw/VBD that/IN ,/, um/UH ,/,","I saw that, {F um, } /"
sd,B,"that/DT 's/BES why/WRB I/PRP watched/VBD another/DT silly/JJ movie/NN ,/, um/UH ,/, um/UH ,/, with/IN my/PRP$ cousin/NN ,/, was/VBD uh/UH ,/, uh/UH ,/, the/DT one/NN about/IN the/DT ,/, um/UH ,/, the/DT turtles/NNS ,/,","that's why I watched another silly movie, {F um, } {F um, } with my cousin, was {F uh, } {F uh, } the one about [ the, + {F um, } the ] turtles, /"
^2,A,"Oh/UH ,/, TEENAGE/NN MUTANT/JJ NINJA/NN TURTLES/NNS ./.","{F Oh, } TEENAGE MUTANT NINJA TURTLES. /"
aa,B,Right/UH --/:,Right -- /
b,A,Uh-huh/UH ./.,Uh-huh. /
b,B,"--/: yeah/UH ,/,","-- yeah, /"
sd,B,"I/PRP saw/VBD that/DT with/IN my/PRP$ cousin/NN ,/, just/RB to/TO see/VB what/WP ,/, you/PRP know/VBP ,/, what/WP the/DT kids/NNS are/VBP into/IN --/:","I saw that with my cousin, just to see what, {D you know, } what the kids are into -- /"
qy^d,A,"And/CC your/PRP$ cousin/NN 's/BES a/DT kid/NN ,/,","{C And } your cousin's a kid, /"
%,B,"--/: and/CC that/DT is/VBZ ,/,","-- {C and } that is, /"
ny,B,"yeah/UH ,/,","yeah, /"
sd,B,he/PRP 's/BES a/DT little/JJ --/:,he's a little -- -/
b,A,Uh-huh/UH ./.,Uh-huh. /
b,B,"--/: yeah/UH ,/,","-- yeah, /"
%,B,"he/PRP 's/BES ,/,","he's, /"
sv,B,"anyway/UH ,/, and/CC that/DT was/VBD just/RB excessively/RB violent/JJ ./.","{D anyway, } {C and } that was just excessively violent. /"
sd,B,I/PRP was/VBD worried/VBN --/:,I was worried -- /
b,A,"Yeah/UH ,/,","Yeah, /"
ba,A,is/VBZ n't/RB it/PRP amazing/JJ ./.,isn't it amazing. /
sv,B,"--/: it/PRP 's/BES like/IN golly/UH ,/,","-- it's like golly, /"
^q,B,if/IN kids/NNS start/VBP imitating/VBG that/DT --/:,if kids start imitating that --
b,A,Yeah/UH ./.,Yeah. /
+,B,"--/: they/PRP 'll/MD knock/VB each/DT others/JJ blocks/NNS off/RP ,/,","-- they'll knock each others blocks off, /"
b,A,"Yeah/UH ,/,","Yeah, /"
sd,A,it/PRP was/VBD all/DT bloodless/JJ --/:,it was all bloodless -- /
b,B,Uh-huh/UH ./.,Uh-huh. /
sd,A,--/: and/CC the/DT good/JJ guys/NNS can/MD get/VB hit/VB all/DT day/NN long/JJ --/:,-- {C and } the good guys can get hit all day long -- /
b,B,Uh-huh/UH ./.,Uh-huh. /
sd,A,--/: and/CC they/PRP have/VBP to/TO shake/VB it/PRP off/RP --/:,-- {C and } they have to shake it off -- /
b,B,Yeah/UH ./.,Yeah. /
sd,A,"--/: they/PRP do/VBP n't/RB ,/, they/PRP do/VBP n't/RB ,/, you/PRP know/VBP ,/, get/VB ,/, uh/UH ,/, epileptics/NNS ,/, that/DT sort/NN of/IN thing/NN from/IN getting/VBG hit/VBN on/IN their/PRP$ head/NN --/:","-- [ they don't, + they don't, ] {D you know, } get, {F uh, } epileptics, that sort of thing from getting hit on their head -- /"
b,B,Right/UH ./.,Right. /
sv,A,"--/: you/PRP know/VBP ,/, it/PRP 's/BES a/DT little/JJ disturbing/VBG the/DT violence/NN in/IN these/DT films/NNS ,/,","-- {D you know, } it's a little disturbing the violence in these films, /"
sd,A,partly/RB MUMBLEx/XX it/PRP 's/BES supposed/VBN to/TO be/VB a/DT little/JJ bit/NN more/RBR okay/JJ because/IN it/PRP 's/BES comic/JJ book/NN --/:,partly (( )) it's supposed to be a little bit more okay because it's comic book --
b,B,Uh-huh/UH ./.,Uh-huh. /
+,A,"--/: on/IN the/DT other/JJ hand/NN it/PRP makes/VBZ it/PRP seem/VBP like/IN ,/,","-- on the other hand it makes it seem like, - /"
sd,A,"I/PRP read/VBP an/DT article/NN one/CD time/NN talking/VBG about/IN even/RB the/DT quote/VB unquote/VB realistic/JJ movies/NNS ,/, do/VBP n't/RB have/VB very/RB realistic/JJ upsets/NNS of/IN the/DT violence/NN ./.","I read an article one time talking about even the quote unquote realistic movies, don't have very realistic upsets of the violence. /"
sd,A,"The/DT violence/NN can/MD seem/VB very/RB realistic/JJ ,/,","The violence can seem very realistic, /"
sd,A,but/CC the/DT aftermath/NN is/VBZ usually/RB not/RB there/RB ./.,{C but } the aftermath is usually not there. /
b,B,Right/UH ./.,Right. /
sd,A,"So/RB you/PRP see/VBP people/NNS who/WP are/VBP severely/RB injured/VBN ,/, very/RB ,/, very/RB badly/RB ,/, lose/VBP control/NN of/IN body/NN functions/NNS --/:","{C So } you see people who are severely injured, very, very badly, lose control of body functions -- /"
b,B,Uh-huh/UH ./.,Uh-huh. /
sd,A,"--/: they/PRP thrash/VBP around/RB ,/,","-- they thrash around, /"
sd,A,"they/PRP scream/VBP ,/, you/PRP know/VBP ,/, uh/UH ,/,","they scream, {D you know, } {F uh, } /"
sv,A,"it/PRP 's/BES just/RB a/DT very/RB ,/, very/RB bad/JJ thing/NN ,/,","it's just a very, very bad thing, /"
sv,A,"and/CC they/PRP never/RB present/JJ that/DT ,/,","{C and } they never present that, /"
sv,A,"even/RB the/DT movies/NNS that/WDT want/VBP to/TO show/VB violence/NN as/IN real/JJ ,/, they/PRP do/VBP n't/RB really/RB show/VBP you/PRP what/WP happens/VBZ with/IN that/DT real/JJ violence/NN --/:","even the movies that want to show violence as real, they don't really show you what happens with that real violence -- /"
b,B,Uh-huh/UH ./.,Uh-huh. /
h,A,--/: and/CC I/PRP 'm/VBP not/RB really/RB sure/JJ how/WRB I/PRP feel/VBP about/IN that/DT ./.,-- {C and } I'm not really sure how I feel about that. /
b,B,Uh-huh/UH ./.,Uh-huh. /
sd,A,"Uh/UH ,/, on/IN the/DT one/CD hand/NN I/PRP 'd/MD like/VB it/PRP to/TO be/VB a/DT warning/NN ,/,","{F Uh, } on the one hand I'd like it to be a warning, /"
sd,A,"on/IN the/DT other/JJ hand/NN I/PRP would/MD n't/RB want/VB people/NNS who/WP currently/RB get/VB sort/RB of/RB enjoy/VBP their/PRP$ violence/NN fixes/VBZ from/IN these/DT movies/NNS to/TO start/VB thinking/VBG gee/UH ,/, now/RB we/PRP want/VBP to/TO see/VB the/DT aftermath/NN all/PDT the/DT time/NN either/RB ./.","on the other hand I wouldn't want people who currently get sort of enjoy their violence fixes from these movies to start thinking gee, now we want to see the aftermath all the time either. /"
sv,B,"You/PRP 're/VBP right/JJ ,/,","You're right, /"
aa,B,"uh-huh/UH ,/,","uh-huh, /"
aa,B,"yeah/UH ,/,","yeah, /"
sv,B,it/PRP 's/BES true/JJ ./.,it's true. /
%,A,But/CC,{C But } - /
b,A,"yeah/UH ,/,","yeah, /"
sv,A,"TEENAGE/NN MUTANT/JJ NINJA/NN TURTLES/NNS was/VBD sort/RB of/RB the/DT same/JJ way/NN ,/,","TEENAGE MUTANT NINJA TURTLES was sort of the same way, /"
sv,A,"they/PRP ,/, I/PRP guess/VBP they/PRP figured/VBD ,/, I/PRP mean/VBP ,/, they/PRP know/VBP what/WP they/PRP 're/VBP doing/VBG ,/,","[ [ they, + I guess they figured, ] + {E I mean, } they know ] what they're doing, /"
sd,A,"and/CC they/PRP make/VBP the/DT movies/NNS good/JJ enough/RB ,/, I/PRP guess/VBP I/PRP 'm/VBP a/DT bit/NN of/IN a/DT snob/NN ,/, they/PRP make/VBP the/DT movies/NNS good/JJ enough/RB to/TO be/VB successful/JJ --/:","{C and } [ they make the movies good enough, + {A I guess I'm a bit of a snob, } they make the movies good enough ] to be successful -- /"
b,B,Uh-huh/UH ./.,Uh-huh. /
sv,A,"--/: and/CC then/RB they/PRP do/VBP n't/RB ,/, and/CC they/PRP ,/, but/CC they/PRP could/MD make/VB them/PRP better/JJR ,/, you/PRP know/VBP --/:","-- [ {C and then } they don't, + {C and } [ they, + {C but } they ] could ] make them better, {D you know -- } /"
b,B,Uh-huh/UH ./.,Uh-huh. /
sv,A,"--/: they/PRP could/MD try/VB to/TO make/VB ,/,","-- they could try to make, - /"
sv,A,"I/PRP mean/VBP ,/, as/RB far/RB as/IN I/PRP was/VBD concerned/VBN ,/, TEENAGE/NN MUTANT/JJ NINJA/NN TURTLES/NNS could/MD have/VB been/VBN a/DT classic/NN of/IN world/NN theater/NN --/:","{E I mean, } as far as I was concerned, TEENAGE MUTANT NINJA TURTLES could have been a classic of world theater -- /"
b,B,Really/UH ./.,<Laughter> Really. /
sv,A,"--/: MUMBLEx/XX ,/, it/PRP could/MD have/VB been/VBN ,/, you/PRP know/VBP ,/,","-- (( )) , it could have been, {D you know, } - /"
sv,A,"it/PRP was/VBD ,/, it/PRP was/VBD innovative/JJ ,/, uh/UH ,/, a/DT completely/RB new/JJ approach/NN to/TO making/VBG a/DT movie/NN in/IN a/DT lot/NN of/IN ways/NNS ,/,","[ it was, + it was ] innovative, {F uh, } a completely new approach to making a movie in a lot of ways, /"
sv,A,"and/CC yet/RB it/PRP ended/VBD up/RP not/RB being/VBG anything/NN particularly/RB memorable/JJ ,/, because/IN the/DT ,/, the/DT story/NN was/VBD stupid/JJ ,/, and/CC ,/, and/CC then/RB things/NNS like/IN that/DT ,/,","{C and } yet it ended up not being anything particularly memorable, because [ the, + the ] story was stupid, [ and, + and ] then things like that, /"
sd,A,"and/CC they/PRP built/VBD up/RP ,/,","{C and } they built up, /"
sd,A,"I/PRP remember/VBP feeling/VBG annoyed/JJ ,/, again/RB ,/, I/PRP did/VBD n't/RB have/VB a/DT kid/NN with/IN me/PRP ,/, and/CC I/PRP remember/VBP feeling/VBG annoyed/VBN that/IN they/PRP had/VBD this/DT whole/JJ thing/NN about/IN the/DT Master/NNP and/CC the/DT passing/NN of/IN wisdom/NN ,/, the/DT ,/, from/IN older/JJR to/IN younger/JJR generation/NN ,/,","[ I remember feeling annoyed, + {A again, I didn't have a kid with me, } {C and } I remember feeling annoyed ] that they had this whole thing about the Master and the passing of wisdom, [ the, + ] from older to younger generation, /"
sv,A,"it/PRP was/VBD ,/, it/PRP was/VBD a/DT classic/JJ Greek/JJ ,/, you/PRP know/VBP ,/, you/PRP know/VBP ,/, a/DT sort/NN of/IN ,/, European/JJ mess/NN going/VBG back/RB three/CD thousand/CD years/NNS that/WDT they/PRP 're/VBP playing/VBG with/IN --/:","[ it was, + it was ] a classic Greek, {D you know, } {D you know, } a sort of, European mess going back three thousand years that they're playing with -- /"
b,B,Uh-huh/UH ./.,Uh-huh. /
%,A,"--/: um/UH ,/, and/CC he/PRP had/VBD to/TO MUMBLEx/XX ,/,","-- {F um, } {C and } he had to (( )) , - /"
sd,A,"and/CC he/PRP told/VBD them/PRP ,/, remember/VB MUMBLEx/XX ,/, remember/VB ,/, you/PRP were/VBD united/VBN ,/, you/PRP can/MD succeed/VB ,/, individually/RB you/PRP will/MD fail/VB --/:","{C and } he told them, [ remember + (( )) , remember, ] you were united, you can succeed, individually you will fail -- /"
b,B,"Yeah/UH ,/,","Yeah, /"
b,B,"right/UH ,/,","right, /"
b,B,right/UH ./.,right. /
sd,A,"--/: and/CC then/RB there/EX was/VBD a/DT big/JJ climactic/JJ fight/NN scene/NN ,/,","-- {C and then } there was a big climactic fight scene, /"
sd,A,"and/CC they/PRP did/VBD n't/RB remember/VB that/DT ,/,","{C and } they didn't remember that, /"
x,B,,<Laughter>.
sd,A,"they/PRP did/VBD n't/RB fight/VB together/RB ,/,","they didn't fight together, /"
sd,A,"they/PRP fought/VBD individually/RB ,/,","they fought individually, /"
sd,A,"and/CC they/PRP failed/VBD individually/RB ,/,","{C and } they failed individually, /"
sd,A,"and/CC then/RB that/WDT was/VBD it/PRP ,/,","{C and } then that was it, /"
sd,A,then/RB they/PRP had/VBD to/TO have/VB the/DT Master/NNP beat/VB him/PRP --/:,then they had to have the Master beat him -- /
b,B,Right/UH ./.,Right. /
sd,A,"--/: and/CC the/DT Master/NNP should/MD ,/, according/VBG to/IN the/DT classic/JJ myth/NN ,/, the/DT sort/NN of/IN Joseph/NNP Campbell/NNP type/NN myth/NN ,/, he/PRP ,/, the/DT Master/NNP should/MD have/VB died/VBN at/IN the/DT end/NN --/:","-- [ {C and } the Master should, + according to the classic myth, the sort of Joseph Campbell type myth, [ he, + the Master ] should ] have died at the end --"
b,B,Right/UH ./.,Right. /
+,A,"--/: because/IN the/DT ,/, the/DT lesson/NN was/VBD passed/VBN to/IN the/DT young/JJ generation/NN","-- because [ the, + the ] lesson was passed to the young generation /"
sd,A,and/CC the/DT older/JJR generation/NN is/VBZ not/RB needed/VBN,{C and } the older generation is not needed /
sd,A,"and/CC is/VBZ reborn/VBN to/IN the/DT younger/JJR generation/NN ,/,","{C and } is reborn to the younger generation, /"
sd,A,"and/CC on/IN and/CC on/IN and/CC on/IN ,/, and/CC all/PDT this/DT wonderful/JJ mess/NN --/:","[ [ [ {C and } on + {C and } on ] + {C and } on, ] + {C and } ] all this wonderful mess -- /"
b,B,Uh-huh/UH ./.,Uh-huh. /
sd,A,"--/: and/CC it/PRP still/RB would/MD have/VB been/VBN every/DT bit/NN as/IN accessible/JJ a/DT movie/NN for/IN the/DT kids/NNS if/IN they/PRP had/VBD included/VBN all/PDT this/DT stuff/NN that/WDT ,/, I/PRP ,/, anyway/RB as/IN an/DT intellectual/JJ adult/NN would/MD appreciate/VB ,/,","-- {C and } it still would have been every bit as accessible a movie for the kids if they had included all this stuff that, I, {D anyway } as an intellectual adult would appreciate, /"
sv,A,"it/PRP would/MD n't/RB have/VB hurt/VBN the/DT movie/NN to/TO do/VB that/DT ,/,","it wouldn't have hurt the movie to do that, /"
sv,A,"and/CC it/PRP would/MD have/VB make/VB it/PRP ,/, uh/UH ,/, broadened/VBD the/DT audience/NN that/WDT it/PRP could/MD have/VB been/VBN targeted/VBN for/IN ,/, I/PRP thought/VBD --/:","{C and } it would have make it, {F uh, } broadened the audience that it could have been targeted for, I thought -- /"
b,B,Uh-huh/UH ./.,Uh-huh. /
sd,A,"--/: but/CC ,/, I/PRP ,/, uh/UH ,/, I/PRP 'm/VBP truly/RB enough/RB ,/, you/PRP know/VBP ,/, I/PRP 'm/VBP truly/RB an/DT intellectual/JJ snob/NN ,/,","-- {C but, } [ [ I, + {F uh, } I'm truly enough, ] + {D you know, } I'm truly ] an intellectual snob,"
x,B,,<Laughter>.
+,A,"to/TO be/VB going/VBG to/IN these/DT kinds/NNS of/IN movies/NNS ,/,","to be going to these kinds of movies, /"
sv,A,"I/PRP realize/VBP that/DT ./. I/PRP mean/VBP ,/, to/TO go/VB to/IN these/DT movies/NNS and/CC expect/VB them/PRP to/TO be/VB ,/, you/PRP know/VBP ,/, other/JJ than/IN just/RB ,/, just/RB good/JJ entertainment/NN --/:","I realize that. {E I mean, } to go to these movies and expect them to be, {D you know, } other than [ just, + just ] good entertainment --"
b,B,Right/UH ./.,Right. /
+,A,--/: kind/NN of/IN thing/NN ./.,-- kind of thing. /
sv,B,That/DT 's/BES true/JJ ./.,That's true. /
aa,B,"Yeah/UH ,/,","Yeah, /"
sv,B,"there/EX 's/BES not/RB too/RB many/JJ that/WDT are/VBP ,/, uh/UH ,/, that/WDT are/VBP good/JJ just/RB on/IN their/PRP$ ,/, you/PRP know/VBP ,/, that/IN ,/, that/IN you/PRP would/MD n't/RB want/VB to/TO change/VB something/NN ,/,","there's not too many [ that are, + {F uh, } that are ] good just [ on their, + ] {D you know, } [ that, + that ] you wouldn't want to change something, /"
sv,B,"and/CC there/EX 's/BES always/RB something/NN that/WDT ,/, uh/UH ,/,","{C and } there's always something that, {F uh, } -/"
b,A,"Yeah/UH ,/,","Yeah, /"
b,A,yeah/UH ./.,yeah. /
b,B,Uh-huh/UH ./.,Uh-huh. /
sd,A,"I/PRP ,/, I/PRP ,/, I/PRP ,/, I/PRP 'm/VBP very/RB ,/, I/PRP 'm/VBP very/RB critical/JJ ,/,","[ [ [ [ I, + I, ] + I, ] + I'm very, ] + I'm ] very critical, /"
sd,A,"I/PRP ,/, I/PRP ,/, I/PRP 'm/VBP actually/RB originally/RB from/IN Hollywood/NNP ,/,","[ [ I, + I, ] + I'm ] actually originally from Hollywood, /"
%,A,"and/CC then/RB ,/, then/RB ,/, then/RB --/:","{C and } [ [ then, + then, ] + then -- ] -/"
sd,A,--/: and/CC my/PRP$ father/NN works/VBZ in/IN films/NNS,-- {C and } my father works in films /
%,A,"and/CC such/JJ ,/,","{C and } such, - /"
sd,A,"and/CC I/PRP tend/VBP to/TO ,/, tend/VBP to/TO be/VB hypercritical/JJ --/:","{C and } I [ tend to, + tend to ] be hypercritical --"
+,A,"--/: of/IN these/DT things/NNS ,/,","-- of these things, /"
sd,A,"and/CC then/RB ,/, perhaps/RB ,/, perhaps/RB it/PRP 's/BES unfair/JJ ,/, because/IN I/PRP ,/, I/PRP ,/, I/PRP must/MD admit/VB I/PRP enjoy/VBP these/DT movies/NNS --/:","{C and then, } [ perhaps, + perhaps ] it's unfair, because [ [ I, + I, ] + I ] must admit I enjoy these movies -- /"
b,B,"Yeah/UH ,/,","Yeah, /"
b,B,right/UH ./.,right. /
sv,A,"--/: and/CC that/DT 's/BES what/WP they/PRP 're/VBP for/IN ,/,","-- {C and } that's what they're for, /"
sd,A,"but/CC I/PRP do/VBP n't/RB ,/, do/VBP n't/RB remember/VB them/PRP ,/,","{C but } I [ don't, + don't ] remember them, /"
sd,A,"and/CC I/PRP think/VBP it/PRP 's/BES ,/, I/PRP think/VBP ,/, I/PRP can/MD think/VB of/IN movies/NNS I/PRP have/VBP less/JJR fun/NN during/IN","{C and } [ [ I think it's, + I think, ] + I can think ] of movies I have less fun during /"
sd,A,"and/CC then/RB after/IN the/DT movie/NN 's/BES over/IN ,/, I/PRP remember/VBP it/PRP so/RB terribly/RB well/RB --/:","{C and then } after the movie's over, I remember it so terribly well --"
b,B,Uh-huh/UH ./.,Uh-huh. /
+,A,"--/: because/IN it/PRP ,/, it/PRP had/VBD some/DT ,/, some/DT meaning/NN to/IN me/PRP or/CC something/NN ./.","-- because [ it, + it ] had [ some, + some ] meaning to me or something. /"
aa,B,"Right/UH ,/,","Right, /"
aa,B,"exactly/UH ,/,","exactly, /"
aa,B,"yeah/UH ,/,","yeah, /"
sd,B,"there/EX ,/, there/EX ,/, there/EX are/VBP several/JJ movies/NNS that/WDT hit/VBD home/NN like/IN that/DT ./.","[ [ there, + there, ] + there ] are several movies that hit home like that. /"
sd,B,"Of/IN course/NN the/DT ones/NNS I/PRP always/RB remember/VBP are/VBP the/DT ,/, the/DT older/JJR ones/NNS --/:","Of course the ones I always remember are [ the, + the ] older ones -- /"
b,A,Uh-huh/UH ./.,Uh-huh. /
sd,B,"--/: I/PRP always/RB like/VBP the/DT musicals/NNS ,/, and/CC uh/UH ,/,","-- I always like the musicals, and {F uh, }"
b,A,"Yeah/UH ,/,","Yeah, /"
b,A,"yeah/UH ,/,","yeah, /"
%,A,"they/PRP leave/VBP ,/,","they leave, -/"
+,B,"those/DT ones/NNS ,/, that/WDT just/RB stick/VBP in/IN your/PRP$ head/NN ./.","those ones, that just stick in your head. /"
aa,A,"yeah/UH ,/,","yeah, /"
sd,A,"they/PRP leave/VBP ,/, they/PRP leave/VBP some/DT songs/NNS with/IN you/PRP ,/,","[ they leave, + they leave ] some songs with you, /"
h,A,I/PRP do/VBP n't/RB know/VB what/WP it/PRP is/VBZ --/:,I don't know what it is -- /
b,B,Uh-huh/UH ./.,Uh-huh. /
%,A,"--/: but/CC it/PRP just/RB ,/,","-- {C but } it just, - /"
h,A,"I/PRP mean/VBP ,/, I/PRP do/VBP n't/RB know/VB if/IN this/DT is/VBZ old/JJ fart/NN talking/VBG here/RB --/:","{E I mean, } I don't know if this is old fart talking here --"
ar,B,"No/UH ,/,","No, /"
aap_am,B,it/PRP could/MD be/VB ./.,it could be. /
+,A,"--/: or/CC something/NN ,/, because/IN I/PRP 'm/VBP not/RB that/DT old/JJ ,/,","-- or something, because I'm not that old <laughter>, /"
x,B,,<Laughter>.
sv,A,"MUMBLEx/XX you/PRP know/VBP ,/, those/DT old/JJ movies/NNS seemed/VBD to/TO have/VB had/VBN something/NN --/:","(( )) {D you know, } those old movies seemed to have had something --"
b,B,Uh-huh/UH ./.,Uh-huh. /
+,A,"--/: that/WDT ,/, uh/UH ,/, that/WDT was/VBD memorable/JJ somehow/RB ,/,","-- [ that, + {F uh, } that ] was memorable somehow, /"
sd,A,I/PRP do/VBP n't/RB know/VB what/WP it/PRP was/VBD ./.,I don't know what it was. /
b,B,"Um/UH ./. Okay/UH ,/,","{F Um. } Okay, /"
fc,B,"well/UH ,/, I/PRP guess/VBP I/PRP got/VBD to/TO get/VB going/VBG ,/,","{D well, } I guess I got to get going, /"
fc,A,"Okay/UH ,/,","Okay, /"
fc,A,"well/UH ,/, um/UH ,/, thanks/UH for/IN hearing/VBG me/PRP rap/VB ,/, I/PRP guess/VBP ./.","{D well, } {F um, } thanks for hearing me rap, I guess <laughter>. /"
fc,B,"Got/VBD to/TO go/VB take/VB care/NN of/IN the/DT children/NNS ,/,","<Laughter> Got to go take care of the children, /"
fc,A,"All/RB right/JJ ,/,","All right, /"
fc,A,nice/JJ talking/VBG with/IN you/PRP ./.,nice talking with you. /
fc,B,"Yeah/UH ,/,","Yeah, /"
fc,B,nice/JJ talking/VBG with/IN you/PRP ./.,nice talking with you. /
qy,B,"Are/VBP you/PRP calling/VBG from/IN Texas/NNP ,/, by/IN the/DT way/NN ?/.","Are you calling from Texas, by the way? /"
nn,A,"No/UH ,/,","No, /"
sd,A,I/PRP 'm/VBP in/IN California/NNP MUMBLEx/XX ./.,I'm in California (( )) . /
bk,B,"Oh/UH ,/, okay/UH ,/,","{F Oh, } okay, /"
sd,B,the/DT first/JJ person/NN I/PRP 've/VBP talked/VBN to/IN outside/IN of/IN Texas/NNP ./.,the first person I've talked to outside of Texas. /
b,A,"Yeah/UH ,/,","Yeah, /"
sd,A,"there/EX must/MD be/VB Texas/NNP people/NNS ,/, as/RB near/RB as/IN I/PRP can/MD tell/VB ./.","there must be Texas people, as near as I can tell. /"
%,A,Well/UH ./.,{D Well. } -/
b,B,"Yeah/UH ,/,","Yeah, /"
b,B,"okay/UH ,/,","okay, /"
ft,B,"well/UH ,/, thank/VB you/PRP very/RB much/RB ./.","{D well, } thank you very much. /"
bd,A,"Okay/UH ,/,","Okay, /"
sd,A,"well/UH ,/, I/PRP 'm/VBP from/IN the/DT MUMBLEx/XX ./.","{D well, } I'm from the (( )) . -/"
fc,B,Bye-bye/UH ./.,Bye-bye. /
fc,A,"All/RB right/JJ ,/,","All right, /"
fc,A,bye-bye/UH ./.,bye-bye. /
