act_tag,speaker,pos,text
"fo_o_fw_""_by_bc",A,"Okay/UH ,/,","Okay, /"
qy,A,do/VBP you/PRP have/VB ./.,do you have <static>. -/
qy,B,Are/VBP you/PRP there/RB ?/.,Are you there? /
ny,A,Yeah/UH ./.,Yeah. /
bk,B,Okay/UH ./.,Okay <laughter>. /
"fo_o_fw_""_by_bc",A,"There/RB ,/, okay/UH ./.","There, okay. /"
b,B,Okay/UH ./.,Okay. /
sd,A,Had/VBD to/TO mess/VB with/IN my/PRP$ phone/NN here/RB ./.,Had to mess with my phone here. /
qy,A,"Um/UH ,/, do/VBP you/PRP have/VB children/NNS ?/.","{F Um, } do you have children? /"
ny,B,"Yes/UH ,/,","Yes, /"
sd,B,I/PRP have/VBP one/CD ./.,I have one. /
bk,A,"Oh/UH ,/, okay/UH ./.","{F Oh, } okay. /"
qo,B,How/WRB about/IN you/PRP ?/.,How about you? /
sd,A,I/PRP have/VBP three/CD ./.,I have three. /
ba,B,"Oh/UH ,/, my/PRP$ goodness/NN ./.","{F Oh, } my goodness <laughter>. /"
b,A,Yeah/UH ./.,Yeah <laughter>. /
b,A,"Yeah/UH ,/,","Yeah, /"
qy,A,"uh/UH ,/, do/VBP you/PRP work/VB ?/.","{F uh, } do you work? /"
ny,B,"Yeah/UH ,/,","Yeah, /"
sd,B,I/PRP do/VBP ./.,I do. /
bk,A,Okay/UH ./.,Okay. /
sd,B,"I/PRP do/VBP ,/,","I do, /"
sd,B,I/PRP work/VBP,I work /
sd,B,"and/CC ,/, and/CC ,/, uh/UH ,/, Brian/NNP 's/BES in/IN a/DT day/NN care/NN center/NN ./.","[ {C and, } + {C and, } ] {F uh, } Brian's in a day care center. /"
sd,B,"He/PRP 's/BES uh/UH ,/, he/PRP was/VBD two/CD in/IN December/NNP ,/,","[ He's + {F uh, } he ] was two in December, /"
b,A,Oh/UH ./.,Oh. /
sd,B,so/RB he/PRP 's/BES not/RB quite/RB two/CD and/CC a/DT half/NN yet/RB ./.,{C so } he's not quite two and a half yet. /
b,A,Uh-huh/UH ./.,Uh-huh. /
%,B,"He/PRP ,/,","He, - /"
sd,B,"uh/UH ,/, I/PRP put/VBD him/PRP ,/,","{F uh, } I put him, - /"
sd,B,"I/PRP 'm/VBP kind/RB of/RB had/VBN different/JJ ,/, different/JJ ideas/NNS from/IN what/WP probably/RB the/DT majority/NN of/IN people/NNS have/VBP ,/,","I'm kind of had [ different, + different ] ideas from what probably the majority of people have, /"
b,A,Uh-huh/UH ./.,Uh-huh. /
sd,B,I/PRP put/VBD him/PRP in/IN a/DT day/NN care/NN center/NN from/IN the/DT very/JJ beginning/NN ./.,I put him in a day care center from the very beginning. /
sd,B,He/PRP started/VBD in/IN day/NN care/NN when/WRB he/PRP was/VBD eight/CD weeks/NNS old/JJ ./.,He started in day care when he was eight weeks old. /
ba,A,"Oh/UH ,/, no/DT kidding/NN ./.","{F Oh, } no kidding. /"
%,B,"And/CC I/PRP just/RB ,/,","{C And } I just, - /"
h,B,"I/PRP do/VBP n't/RB know/VB ,/,","I don't know, /"
sd,B,"I/PRP have/VBP kind/RB of/RB the/DT opposite/JJ opinion/NN of/IN most/JJS people/NNS ,/,","I have kind of the opposite opinion of most people, /"
b,A,Really/UH ./.,Really. /
sd,B,"I/PRP have/VBP had/VBN this/DT real/JJ problem/NN with/IN a/DT ,/, a/DT private/JJ individual/NN ./.","I have had this real problem <children> with [ a, + a ] private individual. /"
sd,B,"I/PRP mean/VBP I/PRP ,/, I/PRP kind/RB of/RB looked/VBD at/IN it/PRP like/IN if/IN you/PRP take/VBP him/PRP to/IN a/DT home/NN with/IN a/DT ,/, with/IN private/JJ individual/NN ,/, when/WRB the/DT door/NN shuts/VBZ ,/,","{E I mean } [ I, + I ] kind of looked at it like if you take him to a home [ with a, + with ] private individual, <child> when the door shuts,"
b,A,Yeah/UH ./.,Yeah. /
+,B,"that/DT one/CD person/NN has/VBZ total/JJ control/NN ,/,","that one person has total control, /"
b,A,Yeah/UH ./.,Yeah. /
sd,B,"and/CC I/PRP always/RB figured/VBD at/IN least/JJS in/IN a/DT day/NN care/NN center/NN there/EX are/VBP other/JJ people/NNS around/IN ,/,","{C and } I always figured at least in a day care center there are other people around, /"
b,A,Yeah/UH ./.,Yeah. /
sd,B,"and/CC if/IN you/PRP get/VBP one/CD bad/JJ apple/NN ,/, there/EX 's/BES are/VBP at/IN least/JJS other/JJ people/NNS that/WDT can/MD see/VB it/PRP ./.","{C and } if you get one bad apple, there's are at least other people that can see it. /"
b,A,Yeah/UH ./.,Yeah. /
sd,B,"They/PRP can/MD watch/VB ,/,","They can watch, /"
sv,B,and/CC --/:,{C and } --
b,A,"Yeah/UH ,/,","Yeah, /"
b,A,yeah/UH ./.,yeah. /
+,B,--/: I/PRP just/RB kind/RB of/RB always/RB felt/VBD that/IN the/DT chances/NNS of/IN something/NN happening/VBG were/VBD less/JJR ./.,-- I just kind of always felt that the chances of something happening were less. /
b,A,Uh-huh/UH ./.,Uh-huh. /
%,A,"Because/IN there/EX 's/BES ,/,","Because there's, -/"
qy^d,B,"You/PRP know/VBP ,/, how/WRB can/MD you/PRP help/VB depending/VBG on/IN the/DT day/NN care/NN center/NN ,/, you/PRP know/VBP ,/,","{D You know, } how can you help depending on the day care center, {D you know, } /"
ny,A,Yeah/UH ./.,Yeah. /
sv,B,"you/PRP got/VBD to/TO when/WRB you/PRP hear/VBP about/IN all/PDT the/DT horrible/JJ things/NNS that/WDT happen/VBP in/IN day/NN care/NN centers/NNS ,/,","you got to when you hear about all the horrible things that happen in day care centers, /"
qy^d,B,"have/VBP you/PRP ever/RB noticed/VBN they/PRP 're/VBP always/RB like/IN a/DT family/NN owned/JJ center/NN where/WRB the/DT mother/NN and/CC the/DT daughter/NN and/CC the/DT son/NN run/VBP it/PRP ,/, you/PRP know/VBP ,/, kind/NN of/IN thing/NN ./.","have you ever noticed they're always {D like } a family owned center where the mother and the daughter and the son run it, {D you know, } kind of thing. /"
^2,A,It/PRP 's/BES like/IN a/DT family/NN thing/NN ./.,It's {D like } a family thing. /
aa,B,"Yeah/UH ,/,","Yeah, /"
aa,B,yeah/UH ./.,yeah. /
sd,B,You/PRP never/RB hear/VBP about/IN it/PRP really/RB in/IN the/DT big/JJ ones/NNS ./.,You never hear about it really in the big ones. /
b,A,Yeah/UH ./.,Yeah. /
sd,B,"So/RB ,/, that/DT 's/BES what/WP I/PRP did/VBD","{C So, } that's what I did /"
sd,B,and/CC I/PRP have/VBP had/VBN just/RB excellent/JJ luck/NN ./.,{C and } I have had just excellent luck. /
ba,A,"Oh/UH ,/, good/UH ./.","{F Oh, } good. /"
sd,B,I/PRP have/VB been/VBN just/RB so/RB happy/JJ ./.,I have been just so happy. /
%,B,"He/PRP 's/BES ,/,","He's, -/"
ba,A,"Oh/UH ,/, good/UH ./.","{F Oh, } good. /"
sd,A,"I/PRP was/VBD just/RB going/VBG to/TO ask/VB you/PRP how/WRB it/PRP ,/, you/PRP know/VBP ,/, if/IN you/PRP liked/VBD the/DT ,/, the/DT ,/,","I was just going to ask you [ how it, + {D you know, } if ] you liked [ the, + the, ] - /"
sd,A,"but/CC obviously/RB you/PRP do/VBP or/CC you/PRP would/MD n't/RB have/VB him/PRP there/RB ,/, I/PRP know/VBP ,/,","{C but } obviously you do or you wouldn't have him there, <laughter> I know, /"
%,A,"but/CC ,/,","{C but, } -/"
b,B,Right/UH ./.,Right. /
b,B,Right/UH ./.,Right. /
sd,B,"Well/UH he/PRP was/VBD in/IN ,/, he/PRP was/VBD in/IN the/DT same/JJ center/NN for/IN two/CD years/NNS ,/,","{D Well } [ he was in, + he was in ] the same center [ for two years, +"
b,A,Uh-huh/UH ./.,<Sniffing> Uh-huh. /
+,B,"for/IN the/DT first/JJ two/CD years/NNS ,/,","for the first two ] years, /"
sd,B,"and/CC ,/, uh/UH ,/, it/PRP was/VBD wonderful/JJ ,/,","{C and, } {F uh, } it was wonderful, /"
sd,B,"and/CC I/PRP loved/VBD it/PRP ,/,","{C and } I loved it, /"
sd,B,and/CC I/PRP was/VBD so/RB happy/JJ there/RB,{C and } I was so happy there /
sd,B,and/CC the/DT woman/NN who/WP owned/VBD it/PRP sold/VBD it/PRP ./.,{C and } the woman who owned it sold it. /
ba,A,"Oh/UH ,/, gosh/UH ./.","{F Oh, } gosh. /"
sd,B,"But/CC ,/, I/PRP thought/VBD okay/UH ,/, I/PRP 'm/VBP going/VBG to/TO keep/VB an/DT open/JJ mind/NN here/RB ,/,","{C But, } I thought okay, I'm going to keep an open mind here, /"
b,A,Right/UH ./.,Right. /
sd,B,"and/CC the/DT people/NNS who/WP came/VBD in/RB ,/, it/PRP just/RB was/VBD n't/RB ,/, it/PRP ,/,","{C and } the people who came in, [ it just wasn't, + it,"
^2,A,Was/VBD n't/RB the/DT same/JJ ./.,Wasn't the same. /
+,B,just/RB was/VBD n't/RB the/DT same/JJ,just wasn't ] the same /
sd,B,"and/CC their/PRP$ ,/,","{C and } [ their, +"
b,A,Uh-huh/UH ./.,Uh-huh. /
+,B,"their/PRP$ attitude/NN and/CC philosophy/NN was/VBD just/RB completely/RB ,/,","their ] attitude and philosophy was just completely,"
b,A,Uh-huh/UH ./.,Uh-huh. /
+,B,"opposite/JJ from/IN mine/PRP ,/,","opposite from mine, /"
sd,B,"and/CC I/PRP left/VBD him/PRP there/RB for/IN about/RB a/DT month/NN and/CC just/RB decided/VBD I/PRP ca/MD n't/RB do/VB this/DT anymore/RB ,/,","{C and } I left him there for about a month and just decided I can't do this anymore, /"
sd,B,"and/CC I/PRP ,/,","{C and } I,"
b,A,Yeah/UH ./.,Yeah. /
+,B,"moved/VBD him/PRP ,/, which/WDT was/VBD an/DT extremely/RB traumatic/JJ experience/NN","moved him, which was an extremely traumatic experience /"
sd,B,but/CC ./.,[ {C but. } +
bh,A,Was/VBD it/PRP ?/.,Was it? /
b,A,Yeah/UH ./.,Yeah. /
+,B,"but/CC ,/, he/PRP 's/HVS done/VBN well/RB ,/,","{C but, } ] he's done well, /"
sd,B,"he/PRP 's/HVS been/VBN there/RB ,/,","he's been there,"
ba,A,Good/UH ./.,Good. /
+,B,"a/DT couple/NN of/IN months/NNS now/RB ,/,","a couple of months now, /"
sd,B,and/CC I/PRP just/RB feel/VBP so/RB lucky/JJ ./.,{C and } I just feel so lucky. /
ba,A,"Oh/UH ,/, good/JJ ./.","{F Oh, } good. /"
b,B,Yeah/UH ./.,Yeah. /
ba,A,"That/DT 's/BES great/JJ ,/,","That's great, /"
ba,A,that/DT 's/BES good/JJ ./.,that's good. /
qo,B,How/WRB about/IN you/PRP ?/.,How about you? /
qy,B,Do/VBP you/PRP work/VB,Do you work /
qrr,B,or/CC do/VBP you/PRP get/VB to/TO stay/VB home/RB with/IN them/PRP ?/.,{C or } do you get to stay home with them? /
sd,A,"Well/UH ,/, I/PRP got/VBD to/TO stay/VB home/RB with/IN my/PRP$ kids/NNS for/IN the/DT first/JJ ten/CD years/NNS ./.","{D Well, } I got to stay home with my kids for the first ten years. /"
sd,A,"My/PRP$ oldest/JJS one/NN is/VBZ ten/CD and/CC a/DT half/NN now/RB ,/,","My oldest one is ten and a half now,"
ba,B,Wonderful/UH ./.,Wonderful. /
+,A,"or/CC she/PRP 's/BES ,/, I/PRP guess/VBP ,/,","{E or } she's, I guess, /"
b,A,"yeah/UH ,/,","yeah, /"
%,A,"it/PRP 's/BES ,/,","it's, - /"
sd,A,was/VBD about/RB ten/CD years/NNS ./.,was about ten years. /
sd,A,"So/RB I/PRP ,/, yeah/UH ,/, I/PRP ,/, I/PRP was/VBD really/RB happy/JJ that/IN I/PRP was/VBD able/JJ to/TO do/VB that/DT ./.","{C So } [ [ I, + {D yeah, } I, ] + I ] was really happy that I was able to do that. /"
%,A,"But/CC ,/, I/PRP ,/,","{C But, } I, - /"
sd,A,"that/DT 's/BES what/WP I/PRP wanted/VBD to/TO ,/, because/IN I/PRP ,/, uh/UH ,/, you/PRP know/VBP I/PRP just/RB could/MD n't/RB wait/VB to/TO have/VB kids/NNS","that's what I wanted to, because [ I, + {F uh, } {D you know } I ] just couldn't wait to have kids /"
%,A,"and/CC so/RB ,/, if/IN I/PRP was/VBD ,/,","{C and so, } if I was, - /"
sd,A,I/PRP was/VBD so/RB anxious/JJ to/TO have/VB them/PRP,I was so anxious to have them /
sd,A,"and/CC I/PRP could/MD n't/RB wait/VB to/TO have/VB them/PRP it/PRP would/MD be/VB kind/RB of/RB silly/JJ ,/, you/PRP know/VBP ,/, to/TO go/VB back/RB to/IN work/NN as/RB soon/RB as/IN I/PRP had/VBD them/PRP ,/,","{C and } I couldn't wait to have them it would be kind of silly, {D you know, } to go back to work as soon as I had them, /"
%,A,"so/RB ,/,","{C so, } -/"
b,B,Right/UH ./.,Right. /
b,B,Right/UH ./.,Right. /
sd,A,"so/RB ,/, it/PRP ,/, it/PRP ,/, it/PRP ,/, it/PRP was/VBD really/RB great/JJ ./.","{C so, } [ [ [ it, + it, ] + it, ] + it ] was really great. /"
sd,A,"By/IN the/DT end/NN of/IN the/DT ten/CD years/NNS I/PRP was/VBD really/RB ready/JJ ,/,","By the end of the ten years I was really ready <laughter>,"
b,B,Yeah/UH ./.,Yeah. /
ba,B,I/PRP bet/VBP ./.,I bet <laughter>. /
+,A,"to/TO go/VB back/RB to/IN work/NN ,/,","to go back to work, /"
sd,A,"and/CC my/PRP$ youngest/JJS was/VBD only/JJ ,/, uh/UH ,/, two/CD and/CC a/DT half/NN ./.","{C and } my youngest was only, {F uh, } two and a half <sniffing>. /"
b,B,Uh-huh/UH ./.,Uh-huh. /
sd,A,"I/PRP mean/VBP she/PRP was/VBD already/RB two/CD and/CC a/DT half/NN ,/,","{E I mean } she was already two and a half, /"
b,B,Uh-huh/UH ./.,Uh-huh. /
sd,A,"so/RB it/PRP was/VBD n't/RB ,/, you/PRP know/VBP ,/, she/PRP was/VBD n't/RB an/DT infant/NN ./.","{C so } [ it wasn't, + {D you know, } she wasn't ] an infant. /"
^2,B,A/DT baby/NN ./.,A baby. /
aa,A,Yeah/UH ./.,Yeah. /
b,B,Yeah/UH ./.,Yeah <child>. /
b,A,Yeah/UH ./.,Yeah. /
b,A,"Yeah/UH ,/,","Yeah, /"
sd,A,"so/RB ,/, I/PRP felt/VBD real/RB good/JJ about/IN that/DT ,/,","{C so, } I felt real good about that, /"
sd,A,"but/CC ,/, uh/UH ,/, boy/UH ,/, I/PRP tell/VBP you/PRP with/IN summer/NN coming/VBG up/RP I/PRP 'm/VBP just/RB pulling/VBG my/PRP$ hair/NN out/RP ,/, in/IN terms/NNS of/IN what/WP I/PRP 'm/VBP going/VBG to/TO do/VB ,/,","{C but, } {F uh, } boy, I tell you with summer coming up I'm just pulling my hair out, in terms of what I'm going to do, /"
sd,A,"I/PRP ,/, I/PRP guess/VBP I/PRP ,/,","[ I, + I ] guess I,"
x,B,./.,<Child>.
+,A,went/VBD back/RB to/IN work/NN about/RB a/DT year/NN and/CC a/DT half/NN ago/RB,went back to work about a year and a half ago /
sd,A,"and/CC ,/, uh/UH ,/, I/PRP worked/VBD full/GW time/^RB all/RB last/JJ year/NN","{C and, } {F uh, } I worked full time all last year /"
sd,A,"and/CC now/RB I/PRP 'm/VBP going/VBG to/IN school/NN part/GW time/^RB and/CC ,/, uh/UH ,/, graduate/NN school/NN ,/,","{C and } now I'm going to school part time and, {F uh, } <lipsmack> graduate school, /"
sd,A,and/CC I/PRP 'm/VBP working/VBG part/GW time/^RB ./.,{C and } I'm working part time <lipsmack>. /
%,A,"And/CC ,/, so/RB I/PRP 'm/VBP still/RB ,/,","{C And, so } I'm still, -/"
sd,B,I/PRP know/VBP how/WRB that/WDT goes/VBZ ./.,I know how that goes <laughter>. /
b,A,Yeah/UH ./.,Yeah. /
sd,A,"I/PRP 'm/VBP still/RB going/VBG full/GW time/^RB ,/,","I'm still going full time, /"
sd,A,"but/CC I/PRP only/RB have/VBP half/RB time/JJ salary/NN ,/,","{C but } I only have half time salary, /"
b,B,Yeah/UH ./.,Yeah. /
sd,A,"and/CC ,/, uh/UH ,/, when/WRB school/NN lets/VBZ out/RP ,/, I/PRP just/RB do/VBP n't/RB ,/,","{C and, } {F uh, } when school lets out, [ [ I just don't, +"
x,B,./.,<Child>.
+,A,"I/PRP have/VBP n't/RB ,/, I/PRP have/VBP no/DT idea/NN what/WP I/PRP 'm/VBP going/VBG to/TO do/VB ,/,","I haven't, ] + I have ] no idea what I'm going to do,"
x,B,./.,<Child>.
+,A,because/IN I/PRP certainly/RB ca/MD n't/RB afford/VB what/WP we/PRP did/VBD last/JJ year/NN --/:,because I certainly can't afford what we did last year <sniffing> --
b,B,"Right/UH ,/,","Right, /"
b,B,right/UH ./.,right. /
+,A,"--/: which/WDT was/VBD ,/,","-- which was, -/"
qy,B,Did/VBD you/PRP have/VB them/PRP in/IN a/DT center/NN or/CC something/NN last/JJ summer/NN ?/.,Did you have them in a center or something last summer? /
na,A,"Well/UH ,/, we/PRP did/VBD ,/,","{D Well, } we did, /"
sd,A,"we/PRP tried/VBD ,/, we/PRP had/VBD all/RB different/JJ things/NNS ,/,","[ we tried, + we had ] all different things, /"
sd,A,we/PRP sent/VBD them/PRP to/IN camp/NN ./.,we sent them to camp. /
%,A,"One/CD ,/,","One, - /"
sd,A,"first/JJ month/NN ,/, in/IN June/NNP ,/, they/PRP went/VBD to/IN summer/NN school/NN ,/, then/RB the/DT second/JJ month/NN they/PRP ,/,","first month, in June, they went to summer school, then the second month they, - /"
%,A,"uh/UH ,/, one/CD ,/,","{F uh, } one, - /"
sd,A,"my/PRP$ daughter/NN went/VBD home/RB to/TO visit/VB my/PRP$ Mom/NNP for/IN a/DT while/NN and/CC my/PRP$ son/NN ,/, uh/UH ,/, went/VBD to/IN camp/NN","my daughter went home to visit my Mom for a while and my son, {F uh, } went to camp /"
sd,A,"and/CC there/RB we/PRP had/VBD ,/, uh/UH ,/, I/PRP do/VBP n't/RB know/VB some/DT ,/,","{C and } there we had, {F uh, } I don't know some, - /"
^h,A,forget/VB what/WP else/RB we/PRP did/VBD,forget what else we did /
sd,A,"but/CC it/PRP was/VBD all/DT ,/, uh/UH ,/, really/RB expensive/JJ ./.","{C but } it was all, {F uh, } really expensive <laughter>. /"
b,B,"Yeah/UH ,/,","Yeah, /"
sd,B,that/DT stuff/NN is/VBZ expensive/JJ ./.,that stuff is expensive. /
sd,B,It/PRP really/RB is/VBZ ./.,It really is. /
sd,A,"So/RB ,/, now/UH they/PRP 're/VBP a/DT year/NN older/JJR ,/,","{C So, } now they're a year older, /"
x,B,./.,<Noise>.
%,A,"and/CC I/PRP ,/,","{C and } I, - /"
sd,A,"my/PRP$ daughter/NN 's/BES eleven/CD ,/, going/VBG to/TO be/VB eleven/CD this/DT summer/NN","my daughter's [ eleven, + going to be eleven ] this summer /"
sd,A,"and/CC my/PRP$ son/NN will/MD be/VB ,/,","{C and } my son will be,"
x,B,./.,<Noise>.
+,A,nine/CD and/CC a/DT half/NN ./.,nine and a half. /
%,A,"And/CC so/RB ,/,","<Lipsmack> {C And so, }"
x,B,./.,<Child>.
+,A,"I/PRP 'm/VBP not/RB ,/,","I'm not, - /"
sd,A,"I/PRP think/VBP I/PRP can/MD leave/VB them/PRP home/RB ,/,","I think I can leave them home, /"
x,B,./.,<Child>.
%,A,"for/IN a/DT ,/,","for a, - /"
sd,A,"if/IN I/PRP can/MD work/VB part/NN of/IN the/DT day/NN ,/, you/PRP know/VBP ,/, I/PRP 'm/VBP going/VBG to/TO leave/VB them/PRP home/NN ./.","if I can work part of the day, {D you know, } I'm going to leave them home. /"
b,B,"Yeah/UH ,/,","Yeah, /"
b,B,yeah/UH ./.,yeah. /
sd,B,"I/PRP was/VBD going/VBG to/TO say/VB they/PRP 're/VBP getting/VBG to/IN the/DT age/NN where/WRB ,/,","I was going to say they're getting to the age where,"
b,A,Right/UH ./.,Right. /
+,B,"you/PRP should/MD be/VB able/JJ to/TO trust/VB that/DT a/DT little/JJ bit/NN ,/,","you should be able to trust that a little bit, /"
b,B,yeah/UH ./.,yeah. /
b,A,Yeah/UH ./.,Yeah. /
b,A,"Yes/UH ,/,","Yes, /"
sd,A,"in/IN fact/NN I/PRP 'm/VBP doing/VBG that/DT right/RB now/RB with/IN their/PRP$ afternoons/NNS ,/, when/WRB they/PRP get/VBP home/RB before/IN I/PRP do/VBP ./. You/PRP know/VBP ,/,","in fact I'm doing that right now with their afternoons, when they get home before I do. {D You know, } /"
x,B,./.,<Child>.
sd,A,that/DT 's/BES okay/JJ ./.,that's okay. /
sd,A,"But/CC ,/, the/DT four/CD year/NN old/NN now/UH I/PRP hav/VBP ,/, I/PRP have/VBP had/VBN her/PRP since/IN I/PRP went/VBD back/RB to/IN work/NN ,/, or/CC before/IN I/PRP went/VBD back/RB to/IN work/NN really/RB ,/, in/IN a/DT home/NN day/NN care/NN situation/NN ,/,","{C But, } the four year old {D now } [ [ I hav-, + I have ] had her since I went back to work, + {E or } before I went back to work ] really, in a home day care situation, /"
b,B,Uh-huh/UH ./.,Uh-huh. /
sd,A,"and/CC ,/, uh/UH ,/, we/PRP 've/VBP just/RB been/VBN really/RB thrilled/JJ ,/,","{C and, } {F uh, } we've just been really thrilled,"
x,B,./.,<Child>.
+,A,with/IN it/PRP too/RB ./.,with it too. /
sd,A,"We/PRP were/VBD what/WP ,/,","We were what, - /"
%,A,"actually/RB we/PRP ,/,","actually we, - /"
sd,A,"it/PRP took/VBD us/PRP two/CD or/CC three/CD different/JJ people/NNS to/TO find/VB ,/,","it took us two or three different people to find, -/"
^2,B,"To/TO find/VB the/DT right/JJ one/NN ,/,","To find the right one, /"
aa,A,Yeah/UH ./.,Yeah. /
sd,B,that/DT 's/BES what/WP we/PRP have/VBP to/TO do/VB though/RB ./.,that's what we have to do though. /
b,A,Right/UH ./.,Right. /
sd,A,"But/CC ,/, I/PRP was/VBD n't/RB embarrassed/JJ to/TO shop/VB around/IN you/PRP know/VBP ,/, --/:","{C But, } I wasn't embarrassed to shop around {D you know, } <laughter> -- /"
aa,B,No/UH ./.,No. /
sd,A,"--/: so/RB ,/, the/DT ,/, the/DT person/NN we/PRP found/VBD it/PRP through/IN the/DT ,/,","-- {C so, } [ the, + the ] person we found it through the, - /"
sd,A,"there/EX 's/BES an/DT association/NN here/RB in/IN town/NN of/IN professional/JJ home/NN ,/,","there's an association here in town of professional home,"
x,B,./.,<Child>.
+,A,care/NN providers/NNS or/CC something/NN like/IN that/DT ./.,care providers or something like that. /
qw,B,"Where/WRB do/VBP ,/, where/WRB do/VBP you/PRP live/VB ?/.","[ Where do, + where do ] you live? /"
sd,A,In/IN Plano/NNP ./.,In Plano. /
qy^d,B,Plano/NNP ?/.,Plano? /
ny,A,"Yeah/UH ,/,","Yeah, /"
sd,A,and/CC they/PRP have/VBP a/DT number/NN you/PRP can/MD call/VB,{C and } they have a number you can call /
sd,A,and/CC all/PDT these/DT people/NNS are/VBP registered/VBN with/IN their/PRP$ association/NN,{C and } all these people are registered with their association /
sd,A,"and/CC ,/, you/PRP know/VBP ,/, go/VB like/IN our/PRP$ ,/, our/PRP$ ,/, uh/UH ,/,","{C and, } {D you know, } go like [ our, + our, ] {F uh, } - /"
sd,A,"I/PRP do/VBP n't/RB want/VB to/TO call/VB her/PRP a/DT baby-sitter/NN ,/,","<lipsmack> I don't want to call her a baby-sitter, /"
sd,A,"she/PRP 's/BES does/VBZ n't/RB like/VB ,/,","she's doesn't like,"
x,B,./.,</Child>.
+,A,"to/TO be/VB called/VBN that/DT ,/,","to be called that, /"
sd,A,care/NN provider/NN ./.,<laughter> care provider. -/
b^m,B,Care/NN provider/NN ./.,<Laughter> Care provider. /
aa,A,Right/UH ./.,Right. /
sd,A,She/PRP goes/VBZ to/IN seminars/NNS,She goes to seminars /
%,A,"and/CC ,/, uh/UH ,/,","{C and, } {F uh, } -/"
ba,B,"Oh/UH ,/, that/DT 's/BES wonderful/JJ ./.","{F Oh, } that's wonderful. /"
sd,A,"she/PRP gets/VBZ home/NN visitations/NNS by/IN the/DT s-/XX ,/, MUMBLEx/XX I/PRP do/VBP n't/RB know/VB ,/, the/DT state/NN boards/NNS ,/, I/PRP guess/VBP ,/, some/DT of/IN them/PRP and/CC then/RB some/DT by/IN the/DT association/NN ,/,","she gets home visitations by the [ s-, + ] (( )) I don't know, the state boards, I guess, some of them and then some by the association, /"
sd,A,and/CC they/PRP have/VBP weekly/JJ meetings/NNS and/CC everything/NN,{C and } they have weekly meetings and everything /
sd,A,"and/CC ,/, so/RB it/PRP 's/BES just/RB really/RB ,/, really/RB well/RB regulated/JJ ./.","{C and, so } it's just really, really well regulated. /"
ba,B,That/DT 's/BES great/JJ ./.,That's great. /
sd,A,"And/CC ,/, she/PRP 's/BES just/RB great/JJ ./.","{C And, } she's just great. /"
sd,A,"In/IN fact/NN ,/, uh/UH ,/, she/PRP 's/BES all/RB upset/JJ because/IN Galen/NNP is/VBZ going/VBG to/TO go/VB to/IN kindergarten/NN next/JJ fall/NN","In fact, {F uh, } she's all upset because Galen is going to go to kindergarten next fall /"
sd,A,"and/CC she/PRP says/VBZ this/DT is/VBZ it/PRP ,/,","{C and } she says this is it, /"
^q,A,"you/PRP know/VBP ,/, I/PRP 'm/VBP not/RB going/VBG to/TO have/VB her/PRP anymore/RB","<throat_clearing> {D you know, } I'm not going to have her anymore /"
sd,A,"and/CC I/PRP said/VBD ,/, Oh/UH ,/, no/RB ,/, do/VBP n't/RB count/VB on/IN that/DT ./.","{C and } I said, {F Oh, } no, don't count on that <laughter>. /"
x,B,./.,<Laughter>.
sd,A,After/GW noon/^NN classes/NNS she/PRP 's/BES going/VBG to/TO be/VB here/RB because/IN she/PRP 's/BES going/VBG to/IN morning/NN kindergarten/NN ./.,After noon classes she's going to be here because she's going to morning kindergarten. /
b,B,"Right/UH ,/,","Right, /"
b,B,right/UH ./.,right. /
sd,A,"So/RB ,/, but/CC ,/, we/PRP ,/, we/PRP 've/VBP tried/VBN ,/, we/PRP 've/VBP tried/VBN everything/NN","[ {C So, } + {C but, } ] [ [ we, + we've tried, ] + we've tried ] everything /"
sd,A,"and/CC one/CD year/NN ,/, I/PRP guess/VBP last/JJ year/NN when/WRB I/PRP went/VBD back/RB to/IN work/NN I/PRP had/VBD","{C and } one year, I guess last year when I went back to work I had - /"
sd,A,"my/PRP$ son/NN was/VBD eight/CD at/IN the/DT time/NN ,/, just/RB barely/RB eight/CD ,/,","my son was eight at the time, just barely eight, /"
sd,A,"and/CC ,/, uh/UH ,/, we/PRP put/VBD him/PRP in/IN Amrein/NNP 's/POS Day/NNP Care/NNP ,/, after/IN ./.","{C and, } {F uh, } we put him in Amrein's Day Care, [ after. +"
b,B,"Uh-huh/UH ,/,","Uh-huh, /"
sd,B,"I/PRP 've/VBP heard/VBN that/IN ,/,","I've heard that,"
+,A,"After/IN ,/,","After, ] -/"
+,B,they/PRP were/VBD very/RB good/JJ ./.,they were very good. /
sd,A,"Well/UH ,/, that/DT 's/BES why/WRB we/PRP picked/VBD it/PRP ,/, because/IN they/PRP were/VBD ,/, were/VBD supposed/VBN to/TO be/VB real/RB great/JJ ,/,","{D Well, } <lipsmack> that's why we picked it, because they [ were, + were ] supposed to be real great, /"
sd,A,"and/CC ,/, you/PRP know/VBP ,/, I/PRP think/VBP they/PRP were/VBD fine/JJ ,/,","{C and, } {D you know, } I think they were fine, /"
sd,A,"but/CC the/DT thing/NN is/VBZ he/PRP was/VBD in/IN school/NN all/DT day/NN ,/,","{C but } the thing is he was in school all day,"
b,B,Uh-huh/UH ./.,Uh-huh. /
+,A,"in/IN second/JJ grade/NN ,/,","in second grade, /"
sd,A,"in/IN ,/, in/IN Plano/NNP ,/, it/PRP 's/BES open/JJ classroom/NN situation/NN where/WRB they/PRP do/VBP n't/RB have/VB walls/NNS ,/,","[ in, + in ] Plano, it's open classroom situation where they don't have walls, /"
b,B,Uh-huh/UH ./.,Uh-huh. /
sd,A,"so/RB there/EX is/VBZ like/IN a/DT hundred/CD and/CC twenty/CD second/JJ graders/NNS ,/,","{C so } there is like a hundred and twenty second graders <laughter>,"
b,B,Oh/UH ./.,<Laughter> Oh. /
+,A,in/IN the/DT same/JJ area/NN with/IN no/DT walls/NNS ./.,in the same area with no walls. /
sd,A,"And/CC ,/, uh/UH ,/, and/CC then/RB he/PRP 'd/MD get/VB on/IN the/DT Amrein/NNP 's/POS Bus/NNP to/TO go/VB to/IN Amrein/NNP 's/POS","[ {C And, } + {F uh, } {C and then } ] he'd get on the Amrein's Bus to go to Amrein's /"
sd,A,"and/CC then/RB there/EX would/MD be/VB a/DT whole/JJ ton/NN of/IN other/JJ kids/NNS ,/, all/DT in/IN the/DT same/JJ room/NN ,/, you/PRP know/VBP ,/,","{C and then } there would be a whole ton of other kids, all in the same room, {D you know, } /"
b,B,Yeah/UH ./.,Yeah. /
sd,A,you/PRP know/VBP what/WP fun/NN they/PRP had/VBD with/IN these/DT computer/NN games/NNS,{D you know } what fun they had with these computer games /
sd,A,"and/CC then/RB they/PRP 'd/MD go/VB outside/RB for/IN awhile/RB ,/,","{C and then } they'd go outside for awhile, /"
sd,A,they/PRP had/VBD snacks/NNS and/CC story/NN time/NN and/CC everything/NN ./.,they had snacks and story time and everything. /
sd,A,"But/CC ,/, it/PRP was/VBD just/RB like/IN going/VBG to/IN school/NN until/IN five/CD thirty/CD at/IN night/NN instead/IN of/IN being/VBG able/JJ to/TO get/VB home/RB at/IN two/CD thirty/CD ./.","{C But, } it was just like going to school until five thirty at night instead of being able to get home at two thirty. /"
bf,B,Poor/JJ kid/NN was/VBD in/IN school/NN all/DT day/NN ./.,Poor kid was in school all day. /
b,B,Yeah/UH ./.,Yeah. /
aa,A,Yeah/UH ./.,Yeah. /
b,B,Yeah/UH ./.,Yeah. /
sd,A,"Because/IN he/PRP was/VBD always/RB around/IN with/IN a/DT crowd/NN of/IN kids/NNS and/CC he/PRP just/RB really/RB missed/VBD being/VBG able/JJ to/TO be/VB by/IN himself/PRP ,/,","Because he was always around with a crowd of kids [ and + ] he just really missed being able to be by himself,"
b,B,Uh-huh/UH ./.,Uh-huh. /
+,A,and/CC having/VBG some/DT peace/NN and/CC quiet/NN,and having some <children> peace and quiet /
%,A,"or/CC ,/, you/PRP know/VBP ./.","{C or, } {D you know. } -/"
b,B,Uh-huh/UH ./.,Uh-huh. /
sv,B,"Even/RB at/IN that/DT age/NN they/PRP need/VBP that/DT time/NN ,/,","Even at that age they need that time, /"
b,A,Yes/UH ./.,Yes. /
sv,B,"we/PRP all/DT need/VBD that/DT time/NN ,/,","we all need that time,"
b,A,Yeah/UH ./.,Yeah. /
+,B,just/RB some/DT quiet/JJ time/NN to/TO wind/VB down/RP from/IN the/DT day/NN ./.,just some quiet time to wind down from the day. /
b,A,Right/UH ./.,Right. /
aa,A,That/DT 's/BES exactly/RB it/PRP ./.,That's exactly it. /
sd,A,"So/RB ,/, another/DT thing/NN that/WDT we/PRP tried/VBD to/TO do/VB ,/,","{C So, } another thing that we tried to do, - /"
sd,A,"I/PRP ,/, I/PRP know/VBP your/PRP$ son/NN 's/BES too/RB young/JJ right/RB now/RB ,/,","[ I, + I ] know your son's too young right now, /"
sd,A,"but/CC we/PRP 're/VBP trying/VBG ,/, we/PRP tried/VBD to/TO sign/VB him/PRP up/RP for/IN after/IN school/NN scouts/NNS and/CC ,/,","{C but } [ we're trying, + we tried ] to sign him up for after school scouts and,"
b,B,"Yeah/UH ,/,","Yeah, /"
b,B,yeah/UH ./.,yeah. /
+,A,stuff/NN like/IN that/DT,stuff like that /
%,A,"and/CC ,/,","{C and, } -/"
sv,B,"I/PRP think/VBP that/DT 's/BES really/RB important/JJ ,/,","I think that's really important, /"
b,A,Yeah/UH ./.,Yeah. /
sd,B,"and/CC we/PRP 've/VBP already/RB started/VBN about/RB ,/,","{C and } we've already started about, - /"
qh,B,"you/PRP know/VBP ,/, I/PRP mean/VBP ,/, how/WRB young/JJ can/MD they/PRP start/VB T-Ball/NN and/CC soccer/NN ?/. ./.","{D you know, } {E I mean, } how young can they start T-Ball and soccer? <Laughter>. /"
b,A,Right/UH ./.,Right <laughter>. /
%,B,"You/PRP know/VBP ,/, I/PRP mean/VBP ,/, I/PRP just/RB ,/,","{D You know, } {E I mean, } I just, - /"
sd,B,"you/PRP know/VBP ,/, we/PRP both/DT think/VBP of/IN that/DT that/DT as/RB just/RB so/RB important/JJ ,/,","{D you know, } we both think of [ that + that ] as just so important,"
aa,A,It/PRP is/VBZ ./.,It is. /
+,B,to/TO get/VB him/PRP involved/JJ in/IN stuff/NN like/IN that/DT,to get him involved in stuff like that /
sd,B,"and/CC ,/,","{C and, }"
aa,A,It/PRP is/VBZ ./.,It is. /
%,A,"And/CC ,/,","{C And, } -/"
+,B,"you/PRP could/MD hardly/RB wait/VB ,/,","you could hardly wait, /"
sd,B,"I/PRP mean/VBP ,/, he/PRP 's/BES ,/, he/PRP 's/BES so/RB much/JJ fun/NN now/RB ,/,","{E I mean, } [ he's, + he's ] so much fun now, /"
b,A,Yeah/UH ./.,Yeah. /
sd,B,"he/PRP 's/BES really/RB ,/, he/PRP 's/BES really/RB starting/VBG to/TO get/VB lots/NNS of/IN fun/NN","[ he's really, + he's really ] starting to get lots of fun /"
sd,B,and/CC I/PRP ca/MD n't/RB wait/VB until/IN stuff/NN like/IN that/DT starts/VBZ happening/VBG --/:,{C and } I can't wait until stuff like that starts happening -- /
ba,A,"I/PRP bet/VBP ,/,","I bet, /"
b,A,yeah/UH ./.,yeah. /
sd,B,"--/: you/PRP know/VBP ,/, and/CC ,/, you/PRP know/VBP ,/, we/PRP did/VBD the/DT Easter/NNP egg/NN hunts/NNS ,/,","-- {D you know, } {C and, } {D you know, } we did the Easter egg hunts,"
b,A,Uh-huh/UH ./.,Uh-huh. /
+,B,which/WDT was/VBD really/RB the/DT first/JJ year/NN he/PRP was/VBD really/RB able/JJ to/TO --/:,which was really the first year he was really able to -- -/
%,A,"Un/VB ,/, understand/VB ./.","[ Un-, + understand. ] -/"
sd,B,"--/: and/CC to/TO know/VB what/WP we/PRP wan/VBP ,/, know/VB what/WP he/PRP was/VBD doing/VBG --/:","-- {C and } to [ know what we wan-, + know what he was ] doing --"
b,A,Yeah/UH ./.,Yeah. /
+,B,"--/: you/PRP know/VBP ,/, and/CC enjoy/VB it/PRP ,/,","-- {D you know, } and enjoy it, - /"
sd,B,and/CC it/PRP was/VBD so/RB much/JJ fun/NN,{C and } it was so much fun /
sd,B,and/CC gosh/UH he/PRP went/VBD a/DT couple/NN of/IN weekends/NNS ago/RB and/CC rode/VBD an/DT elephant/NN,{C and } {D gosh } he went a couple of weekends ago and rode an elephant /
sd,B,"and/CC ,/, God/UH --/:","{C and, } God --"
ba,A,"Oh/UH ,/, my/PRP$ gosh/UH ./.","{F Oh, } my gosh. /"
ba,A,You/PRP 're/VBP kidding/VBG ./.,You're kidding. /
+,B,--/: he/PRP got/VBD up/IN on/IN this/DT elephant/NN all/DT by/IN himself/PRP,-- he got up on this elephant all by himself /
sd,B,"and/CC Lord/UH ,/, I/PRP could/MD n't/RB believe/VB it/PRP ./.","{C and } Lord, I couldn't believe it. /"
ba,A,You/PRP 're/VBP kidding/VBG ./.,You're kidding. /
sd,B,They/PRP had/VBD so/RB much/JJ fun/NN ./. ./.,They had so much fun. <Laughter>. /
ba,A,"Oh/UH ,/, that/DT 's/BES great/JJ ./.","{F Oh, } that's great. /"
sd,B,I/PRP bought/VBD us/PRP tickets/NNS and/CC stood/VBD there/RB in/IN line/NN,I bought us tickets and stood there in line /
sd,B,"and/CC I/PRP thought/VBD ,/, I/PRP 'm/VBP going/VBG to/TO end/VB up/RP on/IN this/DT elephant/NN with/IN him/PRP ,/,","{C and } I thought, I'm going to end up on this elephant with him <laughter>,"
x,A,./.,<Laughter>.
+,B,"you/PRP know/VBP ,/, ./.","{D you know, } <laughter>. /"
sd,B,"He/PRP did/VBD it/PRP by/IN himself/PRP ,/,","He did it by himself, /"
ba,A,"Well/UH ,/, good/JJ for/IN him/PRP ./.","<Laughter>. {D Well, } good for him. /"
sd,B,"so/RB stuff/NN like/IN that/DT is/VBZ starting/VBG to/TO come/VB along/RP where/WRB it/PRP 's/BES really/RB ,/,","{C so } stuff like that is starting to come along where it's really,"
b,A,Uh-huh/UH ./.,Uh-huh. /
+,B,"getting/VBG fun/JJ ,/,","getting fun,"
b,A,Uh-huh/UH ./.,Uh-huh. /
+,B,you/PRP know/VBP ./.,{D you know. } -/
b,A,Yeah/UH ./.,Yeah. /
sd,B,Day/NN care/NN has/VBZ just/RB done/VBN just/RB incredible/JJ stuff/NN with/IN him/PRP,Day care has just done just incredible stuff with him /
sd,B,"and/CC he/PRP like/UH comes/VBZ home/RB with/IN something/NN new/JJ everyday/RB ,/, you/PRP know/VBP","{C and } he {D like } comes home with something new everyday, {D you know } /"
sd,B,"and/CC so/RB ,/,","{C and so, }"
ba,A,"Well/UH ,/, that/DT 's/BES great/JJ ./.","{D Well, } that's great. /"
ba,A,That/DT 's/BES so/RB good/JJ ./.,That's so good. /
+,B,"I/PRP know/VBP ,/, I/PRP know/VBP they/PRP 're/VBP working/VBG with/IN him/PRP","[ I know, + I know ] they're working with him /"
sd,B,"and/CC he/PRP 's/BES excited/JJ to/TO get/VB there/RB in/IN the/DT morning/NN ,/,","{C and } he's excited to get there in the morning,"
b,A,Uh-huh/UH ./.,Uh-huh. /
+,B,and/CC just/RB does/VBZ n't/RB even/RB want/VB to/TO kiss/VB me/PRP good-bye/RB ./.,and just doesn't even want to kiss me good-bye. /
sd,B,"It/PRP 's/BES just/RB like/IN bye/UH ,/,","It's just like bye, /"
sd,B,"and/CC he/PRP goes/VBZ running/VBG ,/,","{C and } he goes running,"
^2,A,He/PRP 's/BES out/IN of/IN there/RB ./.,He's out of there. /
+,B,"you/PRP know/VBP ,/,","{D you know, } /"
sd,B,and/CC he/PRP 's/BES always/RB having/VBG fun/NN when/WRB I/PRP pick/VBP him/PRP up/RP,{C and } he's always having fun when I pick him up /
%,B,"so/RB ,/, you/PRP know/VBP ./. Yeah/UH ,/,","{C so, } {D you know. } Yeah, /"
sd,B,"this/DT ,/, this/DT day/NN care/NN is/VBZ ,/, is/VBZ ,/,","[ this, + this ] day care [ is, + is, ] -/"
b,A,Uh-huh/UH ./.,Uh-huh. /
sd,B,it/PRP 's/BES Bright/NNP Steps/NNPS in/IN Lewisville/NNP ./.,it's Bright Steps in Lewisville. /
%,B,"And/CC ,/,","{C And, } -/"
b,A,Uh-huh/UH ./.,Uh-huh. /
sd,B,"whenever/WRB you/PRP say/VBP Bright/NNP Steps/NNPS ,/, everybody/NN goes/VBZ ,/, oh/UH ,/, I/PRP 've/VBP heard/VBN that/DT 's/BES the/DT best/JJS day/NN care/NN in/IN town/NN ,/, you/PRP know/VBP ,/,","whenever you say Bright Steps, everybody goes, {F oh, } I've heard that's the best day care in town, {D you know, } /"
bh,A,Yeah/UH ?/.,Yeah? /
ba,A,Good/UH ./.,Good. /
sd,B,"and/CC it/PRP 's/BES ,/, it/PRP 's/BES one/CD of/IN those/DT that/WDT 's/BES very/RB hard/JJ to/TO get/VB into/IN ./.","{C and } [ it's, + it's ] one of those that's very hard to get into. /"
b,A,Uh-huh/UH ./.,Uh-huh. /
sd,B,"and/CC they/PRP have/VBP ,/, this/DT ,/, this/DT ,/, this/DT woman/NN owns/VBZ three/CD day/NN cares/NNS ,/, two/CD in/IN Lewisville/NNP and/CC one/CD in/IN Irving/NNP ./.","{C and } [ they have, + [ [ this, + this, ] + this ] woman owns ] three day cares, two in Lewisville and one in Irving. /"
b,A,Uh-huh/UH ./.,Uh-huh. /
sd,B,"and/CC she/PRP had/VBD to/TO open/VB the/DT second/JJ one/NN up/RP in/IN Lewisville/NNP because/IN ,/,","{C and } she had to open the second one up in Lewisville because,"
b,A,Uh-huh/UH ./.,Uh-huh. /
+,B,"her/PRP$ waiting/NN list/NN was/VBD just/RB like/IN ,/, you/PRP know/VBP ,/, like/IN a/DT year/NN old/JJ ,/,","her waiting list was just {D like, } {D you know, } {D like } a year old, /"
sd,B,it/PRP was/VBD ridiculous/JJ ./.,it was ridiculous. /
ba,A,"Oh/UH ,/, my/PRP$ gosh/UH ./.","{F Oh, } my gosh. /"
sd,B,"And/CC ,/, she/PRP 's/HVS got/VBN two/CD day/NN cares/NNS within/IN like/IN three/CD blocks/NNS of/IN each/DT other/JJ ./.","{C And, } she's got two day cares within {D like } three blocks of each other. /"
ba,A,No/DT kidding/NN ./.,No kidding. /
b,B,"Yes/UH ,/,","Yes, /"
%,B,"so/RB it/PRP 's/BES ,/,","{C so } its, -/"
sd,A,"She/PRP knows/VBZ something/NN right/RB ,/, that/WDT she/PRP MUMBLEx/XX","She knows something right, that she (( )) - /"
%,A,"and/CC ,/,","{C and, } -/"
sd,B,"She/PRP knows/VBZ what/WP she/PRP 's/BES doing/VBG ,/,","She knows what she's doing, /"
sd,B,"all/PDT the/DT teachers/NNS ,/, like/UH about/RB half/PDT the/DT teachers/NNS are/VBP degreed/JJ teachers/NNS ./.","[ all the teachers, + {D like } about half the teachers ] are degreed teachers. /"
b,A,"Yeah/UH ,/,","Yeah, /"
sv,A,that/DT makes/VBZ such/PDT a/DT difference/NN ./.,that makes such a difference. /
sv,B,"Oh/UH ,/, it/PRP makes/VBZ a/DT huge/JJ difference/NN ./.","{F Oh, } it makes a huge difference. /"
sd,A,That/DT 's/BES the/DT way/NN it/PRP is/VBZ at/IN my/PRP$ daughter/NN 's/POS nursery/NN school/NN too/RB ./.,That's the way it is at my daughter's nursery school too. /
b,B,Uh-huh/UH ./.,Uh-huh. /
sv,A,And/CC I/PRP think/VBP that/DT really/RB makes/VBZ a/DT difference/NN ./.,{C And } I think that really makes a difference. /
b,B,Yeah/UH ./.,Yeah. /
sd,A,"They/PRP 're/VBP in/IN it/PRP because/IN it/PRP 's/BES a/DT profession/NN ,/,","They're in it because it's a profession,"
ba,B,That/DT 's/BES right/JJ ./.,That's right. /
ba,B,That/DT 's/BES right/JJ ./.,That's right. /
+,A,"not/RB because/IN it/PRP 's/BES a/DT job/NN they/PRP could/MD get/VB because/IN they/PRP did/VBD n't/RB qualify/VB for/IN anything/NN else/RB ,/, you/PRP know/VBP ./.","not because it's a job they could get because they didn't qualify for anything else, {D you know } . /"
ba,B,That/DT 's/BES right/JJ ./.,That's right. /
sd,B,"And/CC ,/, his/PRP$ old/JJ day/NN care/NN as/RB much/RB as/IN I/PRP loved/VBD it/PRP ,/, you/PRP know/VBP ,/,","{C And, } his old day care as much as I loved it, {D you know, } -/"
b,A,Uh-huh/UH ./.,Uh-huh. /
sd,B,"and/CC the/DT owner/NN ,/, I/PRP really/RB liked/VBD her/PRP","{C and } the owner, I really liked her /"
sd,B,"and/CC she/PRP worked/VBD really/RB hard/RB to/TO get/VB good/JJ people/NNS ,/,","{C and } she worked really hard to get good people, /"
sd,B,but/CC the/DT people/NNS that/WDT she/PRP got/VBD --/:,{C but } the people that she got --
b,A,Uh-huh/UH ./.,Uh-huh. /
+,B,--/: were/VBD there/RB because/IN they/PRP were/VBD n't/RB qualified/JJ to/TO do/VB anything/NN else/RB --/:,-- were there because they weren't qualified to do anything else --
b,A,Uh-huh/UH ./.,Uh-huh. /
+,B,--/: you/PRP know/VBP ./.,-- {D you know. } /
b,A,Right/UH ./.,Right. /
sd,B,"And/CC ,/, and/CC I/PRP got/VBD lucky/JJ","[ {C And, } + {C and } ] I got lucky /"
sd,B,"and/CC all/DT of/IN his/PRP$ teachers/NNS were/VBD ,/,","{C and } all of his teachers were,"
%,A,"Because/IN ,/, because/IN ,/,","<Laughter> [ Because, + because, ] -/"
+,B,very/RB good/JJ ./.,very good. /
b,A,Right/UH ./.,Right. /
sv,A,"Some/RB ,/, sometimes/RB that/DT 's/BES fine/JJ ,/,","[ Some, + sometimes ] that's fine, /"
ba,A,"that/DT 's/BES great/JJ ,/, you/PRP know/VBP ./.","that's great, {D you know. } /"
b,B,"Yeah/UH ,/,","Yeah, /"
%,B,"but/CC then/RB sometimes/RB ,/, you/PRP know/VBP ,/,","{C but } then sometimes, {D you know, } -/"
^2,A,Sometimes/RB it/PRP is/VBZ n't/RB ./.,Sometimes it isn't. /
%,A,You/PRP just/RB have/VBP to/TO ./.,You just have to. -/
b,B,Yeah/UH ./.,Yeah. /
qy,A,"Well/UH ,/, is/VBZ it/PRP real/RB expensive/JJ then/RB ?/.","{D Well, } is it real expensive then? /"
no,B,"Um/UH ,/, it/PRP just/RB went/VBD up/RB the/DT first/NN of/IN this/DT month/NN ./.","{F Um, } it just went up the first of this month. /"
sd,B,"I/PRP 'm/VBP paying/VBG ,/,","I'm paying,"
b,A,Uh-huh/UH ./.,Uh-huh. /
+,B,"uh/UH ,/, seventy/CD nine/CD dollars/NNS a/DT week/NN for/IN now/RB ./.","{F uh, } seventy nine dollars a week for now. /"
%,B,"So/UH ,/,","{C So, } -/"
ba,A,Wow/UH ./.,Wow. /
sd,B,"It/PRP 's/BES a/DT little/RB high/JJ ,/,","It's a little high, /"
b,A,Yeah/UH ./.,Yeah. /
sd,B,"but/CC ,/, but/CC it/PRP 's/BES ,/, you/PRP know/VBP ,/, it/PRP 's/BES like/IN where/WRB he/PRP was/VBD before/RB I/PRP was/VBD only/RB paying/VBG sixty/CD three/CD ,/,","[ {C but, } + {C but } ] [ it's, + {D you know, } it's ] like where he was before I was only paying sixty three, /"
sd,B,"so/RB there/EX 's/BES quite/PDT a/DT little/JJ jump/NN there/RB ,/,","{C so } there's quite a little jump there, /"
b,A,Right/UH ./.,Right. /
b,A,Right/UH ./.,Right. /
sd,B,"but/CC ,/, I/PRP looked/VBD all/DT over/IN Lewisville/NNP ,/,","{C but, } I looked all over Lewisville, /"
sd,B,I/PRP looked/VBD in/IN every/DT day/NN care/NN there/EX was/VBD --/:,I looked in every day care there was --
b,A,Uh-huh/UH ./.,Uh-huh. /
+,B,"--/: in/IN Lewisville/NNP ,/,","-- in Lewisville, /"
sd,B,"and/CC ,/,","[ {C and, } +"
b,A,Uh-huh/UH ./.,Uh-huh. /
+,B,"you/PRP know/VBP ,/, and/CC there/EX were/VBD places/NNS that/WDT were/VBD cheaper/JJR ,/,","{D you know, } {C and } ] there were places that were cheaper, /"
%,B,"but/CC is/VBZ it/PRP ,/,","{C but } is it, -/"
aa,A,No/UH ./.,No. /
sv,B,"you/PRP know/VBP ,/, your/PRP$ peace/NN of/IN mind/NN is/VBZ worth/JJ a/DT little/JJ bit/NN of/IN money/NN ,/,","{D you know, } your peace of mind is worth a little bit of money,"
b,A,Yeah/UH ./.,Yeah. /
+,B,"you/PRP know/VBP ,/,","{D you know, } /"
sd,B,"and/CC I/PRP have/VBP peace/NN of/IN mind/NN ,/,","{C and } I have peace of mind,"
x,A,./.,<Noise>.
+,B,where/WRB he/PRP is/VBZ --/:,where he is -- /
b,A,Uh-huh/UH ./.,Uh-huh. /
sd,B,--/: and/CC some/DT of/IN those/DT other/JJ places/NNS I/PRP would/MD n't/RB have/VB ./.,-- {C and } some of those other places I wouldn't have. /
ba,A,That/DT 's/BES exactly/RB it/PRP ./.,That's exactly it. /
sd,A,"See/UH ,/, we/PRP do/VBP the/DT same/JJ thing/NN ,/,","{D See, } we do the same thing, /"
sd,A,"since/IN Galen/NNP goes/VBZ to/IN nursery/NN school/NN ,/,","since Galen goes to nursery school,"
x,B,./.,<Child>.
+,A,"we/PRP pay/VBP our/PRP$ ,/, our/PRP$ home/NN care/NN provider/NN ,/, for/IN our/PRP$ day/NN care/NN provider/NN ,/, full/GW time/^RB for/IN a/DT whole/JJ week/NN ,/,","we pay [ [ our, + our ] home care provider, + for our day care provider, ] full time for a whole week, /"
sd,A,"but/CC she/PRP ,/, she/PRP 's/HVS gone/VBN three/CD mornings/NNS ./.","{C but } [ she, + she's ] gone three mornings. /"
sd,A,Galen/NNP just/RB does/VBZ n't/RB go/VB there/RB three/CD mornings/NNS a/DT week/NN ./.,Galen just doesn't go there three mornings a week. /
b,B,"Yeah/UH ,/,","Yeah, /"
b,B,yeah/UH ./.,yeah. /
sd,A,"But/CC ,/, I/PRP said/VBD to/IN her/PRP ,/, I/PRP said/VBD ,/, you/PRP know/VBP ,/, it/PRP does/VBZ n't/RB matter/VB if/IN for/IN whatever/WDT re-/NN ,/,","{C But, } I said to her, I said, {D you know, } it doesn't matter if for whatever re-, - /"
sd,A,"when/WRB school/NN holidays/NNS come/VBP around/RP ,/, I/PRP used/VBD to/TO have/VB such/PDT a/DT problem/NN with/IN that/DT ./.","when school holidays come around, I used to have such a problem with that. /"
b,B,Uh-huh/UH ./.,Uh-huh. /
sd,A,They/PRP would/MD n't/RB have/VB anything/NN to/TO do/VB ./.,They wouldn't have anything to do. /
sd,A,"I/PRP 'd/MD either/RB have/VB to/TO ,/,","I'd either have to <<voices fade>>, -/"
