act_tag,speaker,pos,text
fp,A,"Hi/UH ,/,","Hi, /"
qo,A,what/WP do/VBP you/PRP do/VB with/IN your/PRP$ credit/NN cards/NNS ?/.,what do you do with your credit cards? /
b,B,Oh/UH ./.,Oh <laughter>. /
x,A,,<Laughter>.
sd,B,"Well/UH ,/, my/PRP$ husband/NN and/CC I/PRP have/VBP gotten/VBN into/IN some/DT ,/, some/DT problems/NNS with/IN credit/NN cards/NNS ./.","{D Well, } my husband and I have gotten into [ some, + some ] problems with credit cards. /"
sd,B,We/PRP do/VBP n't/RB handle/VB them/PRP very/RB well/RB ./.,We don't handle them very well <laughter>. /
x,A,,<Laughter>.
sd,B,"We/PRP ,/, we/PRP tend/VBP to/TO run/VB them/PRP up/RP to/IN the/DT maximum/NN and/CC then/RB ask/VB for/IN more/JJR ./.","[ We, + we ] tend to run them up to the maximum and then ask for more. /"
ba,A,"Oh/UH ,/, jeez/UH ./.","{F Oh, } jeez. /"
sd,B,"They/PRP ,/, they/PRP 're/VBP ,/, they/PRP 're/VBP really/RB bad/JJ for/IN us/PRP ./.","[ [ They, + they're, ] + they're ] really bad for us. /"
sd,B,"Um/UH ,/, matter/NN of/IN fact/NN ,/, we/PRP 've/VBP gotten/VBN rid/VBN of/IN all/DT of/IN our/PRP$ credit/NN cards/NNS except/IN for/IN a/DT MasterCard/NNP and/CC a/DT Visa/NNP ,/,","{F Um, } matter of fact, we've gotten rid of all of our credit cards except for a MasterCard and a Visa, /"
x,A,,<Laughter>.
sd,B,and/CC we/PRP pretty/RB much/RB keep/VBP those/DT maxed/VBN out/RP ./.,{C and } we pretty much keep those maxed out. /
sd,A,"Oh/UH ,/, I/PRP was/VBD going/VBG to/TO say/VB that/IN ,/, that/DT sounds/VBZ like/IN ,/, like/IN pretty/RB many/JJ ./.","{F Oh, } I was going to say that, that sounds [ like, + like ] pretty many. /"
sd,A,"But/CC I/PRP see/VBP what/WP you/PRP meant/VBD ,/,","{C But } I see what you meant, /"
bf,A,you/PRP had/VBD them/PRP for/IN each/DT of/IN the/DT individual/JJ stores/NNS ./.,you had them for each of the individual stores. /
aa,B,"Yeah/UH ,/,","Yeah, /"
sd,B,"we/PRP had/VBD cre-/NN ,/, I/PRP had/VBD probably/RB twenty/CD credit/NN cards/NNS --/:","[ we had cre-, + I had ] probably twenty credit cards --"
b,A,"Uh-huh/UH ,/,","Uh-huh, /"
b,A,uh-huh/UH ./.,uh-huh. /
+,B,"--/: for/IN ,/,","-- for, - /"
sd,B,"I/PRP had/VBD ,/, I/PRP had/VBD an/DT American/NNP Express/NNP ,/, American/NNP Express/NNP Gold/NNP ,/, an/DT Optima/NNP ,/, all/PDT the/DT different/JJ department/NN stores/NNS ,/, um/UH ,/, two/CD Visas/NNPS ,/, two/CD MasterCards/NNPS ./.","[ I had, + I had ] an American Express, American Express Gold, an Optima, all the different department stores, {F um, } two Visas, two MasterCards <laughter>. /"
ba,A,"Oh/UH ,/, gee/UH ./.","{F Oh, } gee. /"
sd,B,"I/PRP mean/VBP ,/, I/PRP had/VBD ,/,","{E I mean, } I had, - /"
sd,B,"any/DT time/NN anybody/NN would/MD ,/, you/PRP know/VBP ,/, send/VB me/PRP an/DT application/NN ,/, you/PRP know/VBP ,/, preapproved/VBN or/CC whatever/WP ,/, I/PRP went/VBD ,/, I/PRP took/VBD it/PRP ,/,","any time anybody would, {D you know, } send me an application, {D you know, } preapproved or whatever, [ I went, + I took ] it, /"
sd,B,and/CC it/PRP really/RB ended/VBD up/RP getting/VBG us/PRP in/IN some/DT real/RB serious/JJ trouble/NN ./.,{C and } it really ended up getting us in some real serious trouble. /
aa,A,"Oh/UH ,/, sure/UH ./.","{F Oh, } sure. /"
sv,B,"Um/UH ,/, because/IN ,/, see/VB ,/, the/DT more/JJR credit/NN cards/NNS you/PRP have/VBP ,/, the/DT more/RBR people/NNS offer/VBP them/PRP to/IN you/PRP ./.","{F Um, } {C because, } see, the more credit cards you have, the more people offer them to you. /"
aa,A,"Uh-huh/UH ,/,","Uh-huh, /"
aa,A,uh-huh/UH ./.,uh-huh. /
sv,B,"And/CC the/DT more/RBR you/PRP use/VBP them/PRP ,/, the/DT more/RBR they/PRP send/VBP them/PRP to/IN you/PRP ./.","{C And } the more you use them, the more they send them to you. /"
qy,A,"But/CC each/DT of/IN these/DT had/VBD an/DT annual/JJ fee/NN also/RB ,/, right/JJ ./.","{C But } each of these had an annual fee also, right. /"
na,B,Exactly/UH ./.,Exactly. /
sd,B,"The/DT American/NNP Express/NNP was/VBD probably/RB the/DT worst/JJS ,/, um/UH ,/, because/IN with/IN the/DT Gold/NNP card/NN ,/,","The American Express was probably the worst, {F um, } because with the Gold card, - /"
sd,B,I/PRP ca/MD n't/RB remember/VB how/WRB much/JJ it/PRP was/VBD because/IN I/PRP did/VBD n't/RB even/RB have/VB it/PRP very/RB long/RB before/IN I/PRP gave/VBD it/PRP up/RP --/:,I can't remember how much it was because I didn't even have it very long before I gave it up -- /
b,A,Uh-huh/UH ./.,Uh-huh. /
sd,B,"--/: but/CC I/PRP know/VBP the/DT Green/NNP card/NN was/VBD like/IN thirty-five/CD ,/, forty-/CD five/CD dollars/NNS a/DT year/NN ./.","-- {C but } I know the Green card was like thirty-five, forty- five dollars a year. /"
b,A,"Yeah/UH ,/,","Yeah, /"
ar,A,forty/CD five/CD ./.,forty five. /
%,A,"Right/UH ,/, uh/UH ,/,","Right, {F uh, } <laughter> /"
%,A,"I/PRP ,/,","I, -/"
sv,B,"Which/WDT was/VBD a/DT lot/NN ,/,","Which was a lot, /"
sd,B,"because/IN I/PRP mean/VBP ,/, you/PRP had/VBD to/TO pay/VB it/PRP in/IN full/JJ every/DT month/NN ./.","{C because } {E I mean, } you had to pay it in full every month. /"
aa,A,"Exactly/UH ,/, you/PRP know/VBP ,/,","Exactly, {D you know, } /"
aa,A,"I/PRP ,/, that/DT 's/BES it/PRP ,/,","[ I, + that's it, /"
sd,A,"I/PRP really/RB resented/VBD the/DT fact/NN that/WDT they/PRP were/VBD charging/VBG me/PRP for/IN cards/NNS ,/,","I ] really resented the fact that they were charging me for cards, /"
sd,A,"so/IN I/PRP sent/VBD back/RB all/DT of/IN mine/PRP ,/, except/IN the/DT ones/NNS that/WDT were/VBD free/JJ ./.","{C so } I sent back all of mine, except the ones that were free. /"
b,B,Uh-huh/UH ./.,Uh-huh. /
sd,A,"And/CC ,/, um/UH ,/, then/RB ,/, then/RB I/PRP also/RB limited/VBD it/PRP to/IN one/CD of/IN each/DT ,/, one/CD MasterCard/NNP and/CC one/CD Visa/NNP ,/,","{C And, } {F um, } [ then, + then ] I also limited it to one of each, one MasterCard and one Visa, /"
sd,A,"and/CC here/RB ,/, most/JJS of/IN the/DT stores/NNS will/MD accept/VB those/DT ,/,","{C and } here, most of the stores will accept those, /"
sd,A,and/CC actually/UH I/PRP then/RB got/VBD a/DT Discover/NNP card/NN since/IN they/PRP pay/VBP you/PRP back/RB ./.,{C and } {D actually } I then got a Discover card since they pay you back. /
b,B,"Uh-huh/UH ,/,","Uh-huh, /"
b,B,"yeah/UH ,/,","yeah, /"
sd,B,"I/PRP had/VBD a/DT Discover/NNP ,/,","I had a Discover, /"
sd,B,"and/CC that/DT was/VBD one/CD of/IN the/DT ones/NNS in/IN the/DT group/NN that/WDT I/PRP ended/VBD up/RP ,/, um/UH ,/, closing/VBG ./.","{C and } that was one of the ones in the group that I ended up, {F um, } closing. /"
sd,B,"Um/UH ,/, it/PRP really/RB was/VBD n't/RB my/PRP$ choice/NN ,/, though/RB ./.","{F Um, } it really wasn't my choice, though. /"
sd,B,"I/PRP mean/VBP ,/, I/PRP ended/VBD up/RP having/VBG ,/, I/PRP ended/VBD up/RP actually/RB losing/VBG my/PRP$ credit/NN cards/NNS ./.","{E I mean, } [ I ended up having, + I ended up actually losing ] my credit cards. /"
b,A,Oh/UH ./.,Oh. /
sd,B,"Um/UH ,/, I/PRP ended/VBD up/RP going/VBG through/IN a/DT credit/NN counseling/NN service/NN --/:","{F Um, } I ended up going through a credit counseling service --"
b,A,"Uh-huh/UH ,/,","Uh-huh, /"
b,A,uh-huh/UH ./.,uh-huh. /
+,B,"--/: um/UH ,/, because/IN my/PRP$ husband/NN and/CC I/PRP just/RB do/VBP n't/RB handle/VB credit/NN very/RB well/RB --/:","-- {F um, } because my husband and I just don't handle credit very well -- /"
b,A,"Uh-huh/UH ,/,","Uh-huh, /"
b,A,yeah/UH ./.,yeah. /
sd,B,"--/: and/CC ,/, um/UH ,/, when/WRB ,/, when/WRB you/PRP do/VBP that/DT ,/, they/PRP automatically/RB ,/, once/RB you/PRP start/VBP with/IN their/PRP$ service/NN ,/, they/PRP close/VBP your/PRP$ accounts/NNS out/RP ./.","-- {C and, } {F um, } [ [ when, + when ] you do that, they automatically, + once you start with their service, they ] close your accounts out. /"
b,A,"Oh/UH ,/, I/PRP see/VBP ./.","{F Oh, } I see. /"
sd,B,"So/RB ,/, I/PRP 'm/VBP still/RB paying/VBG on/IN all/PDT these/DT accounts/NNS ,/,","{C So, } I'm still paying on all these accounts, /"
sd,B,but/CC my/PRP$ accounts/NNS are/VBP closed/JJ ./.,{C but } my accounts are closed. /
b,A,Yeah/UH ./.,Yeah. /
sd,B,"So/RB ,/, and/CC I/PRP would/MD prefer/VB to/TO keep/VB it/PRP that/DT way/NN ./.","[ {C So, } + {C and } ] I would prefer to keep it that way. /"
sd,B,"Once/RB we/PRP ,/, once/RB we/PRP 're/VBP paid/VBN off/RP --/:","[ Once we, + once we're ] paid off --"
b,A,Uh-huh/UH ./.,Uh-huh. /
+,B,"--/: um/UH ,/, I/PRP would/MD prefer/VB just/RB to/TO have/VB one/CD MasterCard/NNP and/CC one/CD Visa/NNP","-- {F um, } I would prefer just to have one MasterCard and one Visa /"
sd,B,and/CC that/DT 's/BES it/PRP ./.,{C and } that's it. /
b,A,"Yeah/UH ,/,","Yeah, /"
b,A,yeah/UH ./.,yeah. /
sd,A,Actually/UH I/PRP pay/VBP off/RP my/PRP$ cards/NNS every/DT month/NN ./.,{D Actually } I pay off my cards every month. /
sd,A,Only/RB once/RB in/IN my/PRP$ life/NN have/VBP I/PRP not/RB paid/VBN ./.,Only once in my life have I not paid. /
sv,B,"I/PRP think/VBP that/DT 's/BES a/DT really/RB good/JJ way/NN to/TO handle/VB it/PRP ,/, because/IN that/DT way/NN ,/, if/IN you/PRP ,/, if/IN you/PRP paid/VBD off/RP every/DT month/NN ,/, you/PRP never/RB have/VBP to/TO worry/VB about/IN ,/, well/UH ,/, how/WRB much/JJ do/VBP I/PRP have/VB to/TO pay/VB these/DT guys/NNS ,/, you/PRP know/VBP ,/, this/DT month/NN ,/, you/PRP know/VBP ./.","I think that's a really good way to handle it, because that way, [ if you, + if you ] paid off every month, you never have to worry about, {D well, } how much do I have to pay these guys, {D you know, } this month, {D you know. } /"
sv,B,"This/DT ,/, you/PRP buy/VBP what/WP you/PRP can/MD afford/VB ./.","[ This, + ] you buy what you can afford. /"
sv,B,I/PRP mean/VBP --/:,{E I mean } --
b,A,Right/UH ./.,Right. /
+,B,--/: if/IN you/PRP handle/VBP it/PRP just/RB like/IN you/PRP would/MD like/IN a/DT check/NN or/CC cash/NN --/:,-- if you handle it just like you would like a check or cash --
aa,A,"Uh-huh/UH ,/,","Uh-huh, /"
aa,A,uh-huh/UH ./.,uh-huh. /
+,B,--/: it/PRP 's/BES a/DT lot/NN easier/JJR to/TO keep/VB it/PRP in/IN check/NN ./.,-- it's a lot easier to keep it in check. /
sd,A,"Well/UH ,/, and/CC also/RB in/IN a/DT sense/NN ,/, they/PRP 're/VBP giving/VBG you/PRP a/DT loan/NN for/IN a/DT month/NN","{D Well, } {C and } also in a sense, they're giving you a loan for a month /"
sd,A,so/RB that/DT --/:,{C so } that --
b,B,Yeah/UH ./.,Yeah. /
+,A,"--/: you/PRP know/VBP ,/, if/IN I/PRP were/VBD smarter/JJR ,/, I/PRP would/MD have/VB that/DT same/JJ amount/NN in/IN savings/NNS and/CC get/VB the/DT interest/NN ,/, which/WDT I/PRP do/VBP n't/RB --/:","-- {D you know, } if I were smarter, I would have that same amount in savings and get the interest, which I don't --"
b,B,Uh-huh/UH ./.,Uh-huh. /
+,A,"--/: do/VB ,/,","-- do, /"
%,A,"but/CC ,/, but/CC yeah/UH ,/,","[ {C but, } + {C but } ] yeah, /"
sd,A,"the/DT ,/, the/DT thought/NN of/IN adding/VBG ,/, you/PRP know/VBP ,/, X/SYM percent/NN to/IN ,/, to/IN the/DT price/NN of/IN what/WP I/PRP buy/VBP ,/,","[ the, + the ] thought of adding, {D you know, } X percent [ to, + to ] the price of what I buy,"
b,B,"Yeah/UH ,/,","Yeah, /"
sv,B,"and/CC I/PRP ,/,","[ {C and } I, +"
+,A,"I/PRP just/RB ,/, I/PRP ca/MD n't/RB accept/VB ./.","[ I just, + I can't ] accept. /"
+,B,"and/CC I/PRP think/VBP at/IN this/DT ,/, at/IN this/DT point/NN in/IN time/NN with/IN the/DT economy/NN the/DT way/NN it/PRP is/VBZ ,/, I/PRP think/VBP that/IN ,/, um/UH ,/, it/PRP 's/BES going/VBG to/TO get/VB even/RB worse/JJR ./.","{C and } I ] think [ at this, + at this ] point in time with the economy the way it is, I think that, {F um, } it's going to get even worse. /"
sd,B,"Um/UH ,/, I/PRP 'm/VBP ,/, I/PRP 'm/VBP glad/JJ that/IN we/PRP 're/VBP starting/VBG to/TO pay/VB our/PRP$ debts/NNS off/RP ,/, now/RB ,/, um/UH ,/, you/PRP know/VBP ,/,","{F Um, } [ I'm, + I'm ] glad that we're starting to pay our debts off, now, {F um, } {D you know, } /"
sd,B,"we/PRP ,/, only/RB we/PRP started/VBD this/DT last/JJ year/NN --/:","[ we, + only we ] started this last year -- /"
b,A,"Uh-huh/UH ,/,","Uh-huh, /"
b,A,uh-huh/UH ./.,uh-huh. /
sd,B,--/: and/CC we/PRP probably/RB still/RB have/VBP about/IN another/DT year/NN to/TO go/VB --/:,-- {C and } we probably still have about another year to go --
b,A,Uh-huh/UH ./.,Uh-huh. /
+,B,--/: before/IN we/PRP 're/VBP completely/RB out/IN of/IN the/DT hole/NN ./.,-- before we're completely out of the hole. /
sv,B,"But/CC I/PRP think/VBP this/DT ,/, they/PRP way/NN the/DT whole/JJ economy/NN is/VBZ going/VBG right/RB now/RB ,/, it/PRP 's/BES just/RB not/RB good/JJ to/TO be/VB in/IN debt/NN ./.","{C But } I think [ this, + they ] way the whole economy is going right now, it's just not good to be in debt. /"
aa,A,"That/DT 's/BES right/JJ ,/,","That's right, /"
aa,A,that/DT 's/BES right/JJ ./.,that's right. /
aa,A,"Yeah/UH ,/,","Yeah, /"
aa,A,"yeah/UH ,/,","yeah, /"
sd,A,"that/DT ,/, I/PRP would/MD ,/, that/DT would/MD be/VB a/DT very/RB scary/JJ feeling/NN for/IN me/PRP to/TO know/VB that/IN I/PRP was/VBD ,/, you/PRP know/VBP ,/, juggling/VBG payments/NNS to/IN different/JJ people/NNS --/:","[ [ that, + I would, ] + that would ] be a very scary feeling for me to know that I was, {D you know, } juggling payments to different people --"
b,B,Uh-huh/UH ./.,Uh-huh. /
+,A,--/: I/PRP guess/VBP because/IN I/PRP never/RB experienced/VBD it/PRP ./.,-- I guess because I never experienced it. /
sd,A,"And/CC it/PRP 's/BES not/RB ,/, because/IN you/PRP know/VBP ,/, I/PRP 'm/VBP rich/JJ or/CC anything/NN ,/,","{C And } it's not, because {D you know, } I'm rich or anything, /"
sd,A,"it/PRP 's/BES just/RB ,/, a/DT mental/JJ concept/NN that/WDT I/PRP have/VBP ./.","it's just, a mental concept that I have."
b,B,Yeah/UH ./.,Yeah. /
+,A,"Yeah/UH ,/,","Yeah, /"
%,A,that/WDT I/PRP just/RB ./.,that I just. -/
sd,B,"Well/UH ,/, when/WRB you/PRP ,/, when/WRB you/PRP 're/VBP getting/VBG rid/VBN of/IN the/DT whole/JJ credit/NN card/NN cycle/NN ,/, and/CC if/IN you/PRP really/RB get/VBP into/IN the/DT mind/NN set/NN ,/, I/PRP got/VBD really/RB good/JJ at/IN juggling/VBG money/NN and/CC basically/RB robbing/VBG Peter/NNP to/TO pay/VB Paul/NNP ,/,","{D Well, } [ when you, + when you're ] getting rid of the whole credit card cycle, and if you really get into the mind set, I got really good at juggling money and basically robbing Peter to pay Paul, /"
sd,B,"and/CC it/PRP was/VBD scary/JJ ,/, because/IN I/PRP was/VBD so/RB good/JJ at/IN it/PRP ./.","{C and } it was scary, because I was so good at it. /"
b,A,"Uh-huh/UH ,/,","Uh-huh, /"
b,A,uh-huh/UH ./.,uh-huh. /
sd,B,"And/CC I/PRP thought/VBD ,/, this/DT is/VBZ not/RB right/JJ ./.","{C And } I thought, this is not right. /"
^q,B,"I/PRP mean/VBP ,/, this/DT has/VBZ got/VBN to/TO stop/VB ,/, because/IN eventually/RB it/PRP 'd/MD end/VB up/RP catching/VBG up/IN at/IN ,/, catching/VBG up/IN with/IN me/PRP","{E I mean, } this has got to stop, because eventually it'd end up [ catching up at, + catching up with ] me /"
sd,B,and/CC it/PRP hit/VBD me/PRP in/IN the/DT face/NN ./.,{C and } it hit me in the face. /
b,A,"Right/UH ,/,","Right, /"
b,A,right/UH ./.,right. /
b,B,Um/UH ./.,{F Um. } /
bf,A,"But/CC it/PRP sounds/VBZ like/IN ,/, you/PRP know/VBP ,/, you/PRP ,/, you/PRP learned/VBD from/IN it/PRP","{C But } it sounds like, {D you know, } [ you, + you ] learned from it /"
bf,A,and/CC you/PRP 're/VBP coming/VBG out/IN of/IN it/PRP all/RB right/JJ ./.,{C and } you're coming out of it all right. /
aa,B,"I/PRP ,/, yeah/UH ,/,","[ I, + yeah, /"
aa,B,"I/PRP have/VBP ,/,","I ] have, /"
aa,B,I/PRP 've/VBP learned/VBN a/DT lot/NN from/IN it/PRP ./.,I've learned a lot from it. /
b,A,Uh-huh/UH ./.,Uh-huh. /
sd,B,I/PRP 've/VBP learned/VBN that/IN credit/NN cards/NNS are/VBP extremely/RB dangerous/JJ in/IN my/PRP$ hand/NN --/:,I've learned that credit cards are extremely dangerous in my hand --
b,A,"Uh-huh/UH ,/,","Uh-huh, /"
b,A,uh-huh/UH ./.,uh-huh. /
+,B,"--/: and/CC my/PRP$ husband/NN 's/POS too/RB ,/, because/IN he/PRP 's/BES ,/, he/PRP 's/BES the/DT same/JJ way/NN I/PRP am/VBP ./.","-- <Laughter> and my husband's too, because [ he's, + he's ] the same way I am. /"
b,A,Uh-huh/UH ./.,Uh-huh. /
%,B,"I/PRP do/VBP n't/RB ,/, I/PRP do/VBP n't/RB think/VB that/IN ,/,","[ I don't, + I don't ] think that, - /"
sd,B,"well/UH ,/, when/WRB we/PRP buy/VBP on/IN credit/NN we/PRP just/RB do/VBP n't/RB have/VB a/DT concept/NN of/IN how/WRB much/JJ money/NN we/PRP 're/VBP spending/VBG --/:","{D well, } when we buy on credit we just don't have a concept of how much money we're spending --"
b,A,Uh-huh/UH ./.,Uh-huh. /
+,B,--/: until/IN the/DT bill/NN comes/VBZ in/RB ./.,-- until the bill comes in. /
b,A,Uh-huh/UH ./.,Uh-huh. /
sv,B,And/CC then/RB all/DT of/IN a/DT sudden/JJ you/PRP look/VBP at/IN the/DT bill/NN,{C And then } all of a sudden you look at the bill /
sv,B,"and/CC you/PRP go/VBP ,/, Oh/UH my/PRP$ gosh/UH ,/,","{C and } you go, {F Oh } my gosh, /"
^q,B,I/PRP spent/VBD this/DT much/JJ ./.,I spent this much. /
%,A,"But/CC now/RB ,/, the/DT fact/NN that/IN you/PRP still/RB have/VBP two/CD cards/NNS ,/,","{C But } now, the fact that you still have two cards, - /"
qy,A,"are/VBP you/PRP ,/, do/VBP you/PRP use/VB them/PRP ,/, more/RBR judiciously/RB ?/.","[ are you, + do you ] use them, more judiciously? /"
ny,B,"Yeah/UH ,/,","Yeah, /"
sd,B,we/PRP pretty/RB much/RB use/VBP them/PRP for/IN emergency/NN type/NN things/NNS like/IN transmission/NN fell/VBD out/RB on/IN our/PRP$ car/NN --/:,we pretty much use them for emergency type things like transmission fell out on our car -- /
b,A,Yeah/UH ./.,Yeah. /
sd,B,--/: and/CC that/DT paid/VBD for/IN a/DT new/JJ transmission/NN --/:,-- {C and } that paid for a new transmission -- /
b,A,Uh-huh/UH ./.,Uh-huh. /
sd,B,"--/: um/UH ,/, and/CC ,/, and/CC things/NNS like/IN that/DT ./.","-- {F um, } [ and, + and ] things like that. /"
sd,B,"Um/UH ,/, and/CC we/PRP try/VBP not/RB to/TO use/VB them/PRP for/IN --/:","{F Um, } {C and } we try not to use them for --"
^2,A,Purchases/NNS ./.,Purchases. /
+,B,"--/: incidental/JJ type/NN things/NNS ,/, like/IN ,/, you/PRP know/VBP ,/, gas/NN and/CC stuff/NN like/IN that/DT ./.","-- incidental type things, like, {D you know, } gas and stuff like that. /"
b,A,"Uh-huh/UH ,/,","Uh-huh, /"
b,A,uh-huh/UH ./.,uh-huh <laughter>. /
qy^d,A,"Clothing/NN ,/, sales/NNS ./.","Clothing, sales. /"
ny,B,Yeah/UH ./.,Yeah. /
sd,A,Sales/NNS I/PRP find/VBP are/VBP a/DT pain/NN ./.,Sales I find are a pain. /
b,B,Yeah/UH ./.,Yeah. /
sd,B,"I/PRP 've/VBP ,/, I/PRP 've/VBP gotten/VBN ,/, I/PRP 've/VBP gotten/VBN a/DT lot/NN more/RBR away/RB from/IN ,/, from/IN credit/NN cards/NNS ,/,","[ [ I've, + I've gotten, ] + I've gotten ] a lot more away [ from, + from ] credit cards, /"
sd,B,and/CC I/PRP pay/VBP by/IN check/NN a/DT lot/NN more/RBR now/RB ./.,{C and } I pay by check a lot more now. /
b,A,"Uh-huh/UH ,/,","Uh-huh, /"
b,A,uh-huh/UH ./.,uh-huh. /
ba,A,"Well/UH ,/, it/PRP sounds/VBZ good/JJ ,/, you/PRP know/VBP ./.","{D Well, } it sounds good, {D you know. } /"
bf,A,"Like/IN I/PRP said/VBD ,/, it/PRP sounds/VBZ like/IN you/PRP 're/VBP ,/, you/PRP 've/VBP really/RB got/VBN it/PRP under/IN control/NN ./.","Like I said, it sounds like [ you're, + you've ] really got it under control. /"
sd,B,"I/PRP ,/, I/PRP admire/VBP you/PRP for/IN having/VBG ,/, having/VBG that/DT mind/NN set/NN for/IN not/RB ,/, not/RB even/RB getting/VBG ,/, you/PRP know/VBP ,/, past/IN the/DT thirty/CD days/NNS ,/,","[ I, + I ] admire you for [ having, + having ] that mind set for [ not, + not even getting, {D you know, } past the thirty days, /"
sd,B,"I/PRP would/MD ,/, that/DT 's/BES ideally/RB the/DT where/WRB ,/, where/WRB I/PRP would/MD like/VB to/TO be/VB ./.","[ I would, + that's ] ideally [ [ the + where, ] + where ] I would like to be. /"
b,A,"Uh-huh/UH ,/,","Uh-huh, /"
b,A,uh-huh/UH ./.,uh-huh. /
b,A,"Yeah/UH ,/,","Yeah, /"
sd,A,"and/CC like/IN I/PRP said/VBD ,/, once/RB ,/, once/RB it/PRP ,/, it/PRP happened/VBD I/PRP could/MD n't/RB because/IN my/PRP$ son/NN 's/POS tuition/NN came/VBD due/JJ ,/,","{C and } like I said, [ once, + once ] [ it, + it ] happened I couldn't because my son's tuition came due, /"
sd,A,"and/CC I/PRP guess/VBP I/PRP had/VBD ,/, you/PRP know/VBP ,/, not/RB really/RB counted/VBN on/IN it/PRP quite/RB at/IN that/DT point/NN --/:","{C and } I guess I had, {D you know, } not really counted on it quite at that point -- /"
b,B,Uh-huh/UH ./.,Uh-huh. /
b,A,"--/: but/CC ,/, um/UH ,/, yeah/UH ,/,","-- {C but, } {F um, } yeah, /"
sd,A,I/PRP did/VBD n't/RB like/VB it/PRP at/IN all/DT ./.,I didn't like it at all. /
sd,A,I/PRP was/VBD very/RB uncomfortable/JJ ./.,I was very uncomfortable. /
%,A,"So/RB ,/,","{C So, } -/"
ba,B,I/PRP can/MD imagine/VB ./.,I can imagine. /
sd,A,"You/PRP know/VBP ,/, and/CC ,/, and/CC I/PRP mean/VBP ,/, it/PRP was/VBD ,/, I/PRP thought/VBD a/DT lot/NN ,/,","{D You know, } [ {C and, } + {C and } ] {E I mean, } it was, I thought a lot, /"
sd,A,"sixty/CD dollars/NNS interest/NN or/CC something/NN for/IN ,/, for/IN just/RB a/DT couple/NN of/IN months/NNS ,/,","sixty dollars interest or something [ for, + for ] just a couple of months, /"
sd,A,and/CC I/PRP 'm/VBP going/VBG --/:,{C and } I'm going --
b,B,Yeah/UH ./.,Yeah. /
+,A,"--/: jeez/UH ,/, that/DT 's/BES outrageous/JJ ,/,","-- jeez, that's outrageous, /"
sv,A,"but/CC in/IN ,/, in/IN ,/, you/PRP know/VBP ,/, retrospect/NN it/PRP was/VBD n't/RB all/DT that/RB much/JJ ,/,","{C but } [ in, + in, ] {D you know, } retrospect it wasn't all that much, /"
sv,A,I/PRP mean/VBP a/DT lot/NN of/IN people/NNS pay/VBP a/DT lot/NN more/JJR,{E I mean } a lot of people pay a lot more /
sd,A,and/CC --/:,[ [ {C and } -- +
b,B,"Oh/UH ,/, yeah/UH ./.","{F Oh, } yeah. /"
+,A,"--/: and/CC ,/, you/PRP know/VBP ,/, but/CC still/RB ,/, I/PRP mean/VBP ,/, I/PRP figured/VBD I/PRP did/VBD n't/RB need/VB those/DT items/NNS if/IN it/PRP cost/VBD me/PRP sixty/CD dollars/NNS more/JJR to/TO have/VB them/PRP ./.","-- {C and, } ] + {D you know, } {C but ] } still, {E I mean, } I figured I didn't need those items if it cost me sixty dollars more to have them. /"
b,B,Uh-huh/UH ./.,Uh-huh. /
ad,B,Think/VB about/IN what/WP you/PRP can/MD buy/VB for/IN sixty/CD dollars/NNS ./.,Think about what you can buy for sixty dollars. /
aa,A,Exactly/UH ./.,Exactly <laughter>. /
sv,A,Groceries/NNS for/IN a/DT week/NN ./.,Groceries for a week. /
aa,B,"Yeah/UH ,/,","Yeah, /"
aa,B,yeah/UH ./.,yeah. /
b^m,A,Yeah/UH ./.,Yeah. /
sd,B,"I/PRP ,/, I/PRP think/VBP about/IN all/PDT ,/, all/PDT the/DT money/NN that/WDT ,/, that/WDT we/PRP 've/VBP spent/VBN on/IN interest/NN --/:","[ I, + I ] think about [ all, + all ] the money [ that, + that ] we've spent on interest --"
b,A,Uh-huh/UH ./.,Uh-huh. /
+,B,"--/: on/IN all/DT of/IN our/PRP$ credit/NN cards/NNS ,/,","-- on all of our credit cards, /"
sd,B,and/CC it/PRP 's/BES just/RB incredible/JJ ./.,{C and } it's just incredible. /
qy,A,But/CC now/RB did/VBD you/PRP use/VB to/TO not/RB feel/VB so/RB badly/RB because/IN you/PRP could/MD take/VB it/PRP off/IN your/PRP$ income/NN tax/NN ?/.,{C But } {D now } did you use to not feel so badly because you could take it off your income tax? /
arp_nd,B,We/PRP 've/VBP never/RB been/VBN able/JJ to/TO take/VB it/PRP off/IN our/PRP$ income/NN tax/NN ./.,We've never been able to take it off our income tax. /
sd,B,"I/PRP 'm/VBP ,/, I/PRP 'm/VBP fairly/RB newly/RB married/JJ ./.","[ I'm, + I'm ] fairly newly married. /"
sd,B,I/PRP 've/VBP only/RB been/VBN married/VBN less/JJR than/IN two/CD years/NNS --/:,I've only been married less than two years -- /
b,A,Uh-huh/UH ./.,Uh-huh. /
sd,B,"--/: and/CC before/IN that/DT ,/, I/PRP never/RB owned/VBD a/DT home/NN or/CC anything/NN ,/,","-- {C and } before that, I never owned a home or anything, /"
sd,B,so/RB I/PRP never/RB had/VBD any/DT deductions/NNS ./.,{C so } I never had any deductions. /
b,A,"Right/UH ,/,","Right, /"
b,A,right/UH ./.,right. /
sd,B,"So/RB ,/, really/RB ,/, it/PRP was/VBD always/RB just/RB money/NN --/:","{C So, } really, it was always just money --"
^2,A,Thrown/VBN away/RB ./.,Thrown away. /
+,B,--/: thrown/VBN away/RB ./.,-- thrown away. /
b,A,"Yeah/UH ,/,","Yeah, /"
ba,A,jeez/UH ./.,jeez. /
sd,B,"And/CC I/PRP never/RB really/RB thought/VBD about/IN it/PRP because/IN ,/,","{C And } I never really thought about it because, -/"
bf,A,You/PRP were/VBD good/JJ at/IN it/PRP ./.,You were good at it <laughter>. /
aa,B,"Yeah/UH ,/,","Yeah, /"
sd,B,I/PRP was/VBD so/RB good/JJ at/IN it/PRP that/IN it/PRP just/RB kind/RB of/RB got/VBD stuck/VBN in/IN the/DT back/RB of/IN my/PRP$ mind/NN and/CC just/RB never/RB --/:,I was so good at it that it just kind of got stuck in the back of my mind and just never --
b,A,Uh-huh/UH ./.,Uh-huh. /
+,B,"--/: um/UH ,/, became/VBD a/DT real/JJ problem/NN until/IN all/DT of/IN a/DT sudden/JJ it/PRP came/VBD an/DT insurmountable/JJ problem/NN ./.","-- {F um, } became a real problem until all of a sudden it came an insurmountable problem. /"
b,A,Yeah/UH ./.,Yeah. /
sd,A,"I/PRP suspect/VBP that/IN ,/, you/PRP know/VBP ,/, thinking/VBG about/IN it/PRP and/CC looking/VBG at/IN my/PRP$ friends/NNS and/CC the/DT number/NN of/IN credit/NN cards/NNS that/WDT they/PRP use/VBP and/CC ,/, you/PRP know/VBP ,/, the/DT amount/NN that/WDT I/PRP know/VBP they/PRP buy/VBP ,/, I/PRP guess/VBP probably/RB a/DT lot/NN of/IN them/PRP are/VBP in/IN a/DT similar/JJ situation/NN ,/, and/CC ,/, you/PRP know/VBP ,/, just/RB do/VBP n't/RB talk/VB about/IN it/PRP ./.","I suspect that, {D you know, } thinking about it and looking at my friends and the number of credit cards that they use and, {D you know, } the amount that I know they buy, I guess probably a lot of them are in a similar situation, and, {D you know, } just don't talk about it. /"
aa,B,Yeah/UH ./.,Yeah. /
sv,B,"Most/JJS ,/, most/JJS people/NNS do/VBP n't/RB like/VB to/TO talk/VB about/IN money/NN ./.","[ Most, + most ] people don't like to talk about money. /"
sv,B,"They/PRP feel/VBP uncomfortable/JJ ,/, I/PRP think/VBP ./.","They feel uncomfortable, I think. /"
aa,A,"Uh-huh/UH ,/,","Uh-huh, /"
aa,A,"uh-huh/UH ,/,","uh-huh, /"
sv,B,"You/PRP know/VBP ,/,","{D You know, }"
sv,A,very/RB personal/JJ ./.,very personal. /
+,B,for/IN a/DT lot/NN of/IN people/NNS it/PRP is/VBZ very/RB personal/JJ ./.,for a lot of people it is very personal. /
aa,A,"Uh-huh/UH ,/,","Uh-huh, /"
aa,A,"yeah/UH ,/,","yeah, /"
sv,A,"and/CC especially/RB if/IN you/PRP ,/, if/IN you/PRP do/VBP n't/RB feel/VB you/PRP 're/VBP handling/VBG it/PRP quite/RB right/JJ --/:","and especially [ if you, + if you ] don't feel you're handling it quite right --"
b,B,Yeah/UH ./.,Yeah. /
+,A,"--/: or/CC that/IN somebody/NN might/MD make/VB fun/NN of/IN you/PRP or/CC that/IN it/PRP would/MD be/VB ,/,","-- or that somebody might make fun of you or that it would be, -/"
sv,B,"But/CC I/PRP think/VBP the/DT ,/, the/DT average/JJ American/NNP is/VBZ probably/RB pretty/RB heavily/RB in/IN debt/NN ./. Not/RB ,/, not/RB including/VBG like/UH a/DT mortgage/NN ./.","{C But } I think [ the, + the ] average American is probably pretty heavily in debt. [ Not, + not ] including {D like } a mortgage. /"
sv,B,A/DT mortgage/NN is/VBZ an/DT understandable/JJ debt/NN --/:,A mortgage is an understandable debt --
b,A,Uh-huh/UH ./.,Uh-huh. /
+,B,"--/: because/IN that/DT 's/BES ,/, you/PRP have/VBP ,/, you/PRP have/VBP to/TO have/VB a/DT roof/NN over/IN your/PRP$ head/NN ./.","-- because [ [ that's, + you have, ] + you have ] to have a roof over your head. /"
b,A,Right/UH ./.,Right. /
sd,B,"And/CC I/PRP would/MD much/RB rather/RB own/VB my/PRP$ own/JJ home/NN than/IN ,/, than/IN be/VB renting/VBG it/PRP like/IN we/PRP 're/VBP doing/VBG ./.","{C And } I would much rather own my own home [ than, + than ] be renting it like we're doing. /"
sd,B,"I/PRP mean/VBP ,/, we/PRP 're/VBP basically/RB ,/, you/PRP know/VBP ,/, kind/RB of/RB throwing/VBG seven/CD hundred/CD dollars/NNS a/DT month/NN away/RB ./.","{E I mean, } we're basically, {D you know, } kind of throwing seven hundred dollars a month away. /"
aa,A,"Uh-huh/UH ,/,","Uh-huh, /"
aa,A,uh-huh/UH ./.,uh-huh. /
sd,B,We/PRP 're/VBP renting/VBG a/DT house/NN ./.,We're renting a house. /
b,A,Uh-huh/UH ./.,Uh-huh. /
sd,B,"But/CC ,/, you/PRP know/VBP ,/, right/RB now/RB with/IN the/DT way/NN our/PRP$ credit/NN card/NN situation/NN is/VBZ ,/, there/EX 's/BES nobody/NN in/IN the/DT world/NN that/WDT 's/BES going/VBG to/TO give/VB us/PRP a/DT mortgage/NN on/IN a/DT house/NN ./.","{C But, } {D you know, } right now with the way our credit card situation is, there's nobody in the world that's going to give us a mortgage on a house. /"
aa,A,"Right/UH ,/,","Right, /"
aa,A,right/UH ./.,right. /
sv,A,"But/CC ,/, but/CC ,/, once/RB I/PRP suppose/VBP you/PRP ,/, you/PRP prove/VBP yourself/PRP by/IN paying/VBG this/DT off/RP next/JJ year/NN --/:","[ {C But, } + {C but, } ] once I suppose [ you, + you ] prove yourself by paying this off next year --"
b,B,Yeah/UH ./.,Yeah. /
+,A,--/: you/PRP 'll/MD be/VB in/IN very/RB good/JJ shape/NN ./.,-- you'll be in very good shape. /
aa,B,Yeah/UH ./.,Yeah. /
sv,B,"It/PRP 's/BES ,/, it/PRP 's/BES going/VBG to/TO ,/, it/PRP 's/BES going/VBG to/TO take/VB quite/PDT a/DT while/NN ./.","[ [ It's, + it's going to, ] + it's going to ] take quite a while. /"
b,A,Uh-huh/UH ./.,Uh-huh. /
sd,B,Hopefully/RB within/IN five/CD years/NNS we/PRP 'll/MD be/VB in/IN our/PRP$ own/JJ home/NN ./.,Hopefully within five years we'll be in our own home. /
b,A,Uh-huh/UH ./.,Uh-huh. /
sd,B,"But/CC ,/, um/UH ,/, I/PRP 'm/VBP not/RB really/RB counting/VBG on/IN it/PRP real/RB soon/RB ./.","{C But, } {F um, } I'm not really counting on it real soon. /"
