act_tag,speaker,pos,text
"fo_o_fw_""_by_bc",A,"Okay/UH ,/,","Okay, /"
qy,A,do/VBP you/PRP vote/VB regular/RB ?/. ./.,do you vote regular? <TV> <Baby>. /
ny,B,"Yeah/UH ,/,","Yeah, /"
b^m,A,Every/DT one/NN ./.,Every one. /
sd,B,"But/CC ,/, uh/UH ,/, that/WDT 's/BES just/RB since/IN ,/, in/IN the/DT past/NN say/VB about/RB six/CD years/NNS ./.","{C But, } {F uh, } <laughter> that's just since, in the past say about six years. /"
sd,B,Before/IN that/DT I/PRP really/RB did/VBD n't/RB pay/VB any/DT attention/NN at/IN all/DT ./.,Before that I really didn't pay any attention at all. /
sd,A,"Well/UH see/UH ,/, that/DT 's/BES me/PRP ./.","{D Well } {D see, } that's me. /"
sd,A,I/PRP 've/VBP never/RB paid/VBN any/DT attention/NN to/IN voting/NN ./.,I've never paid any attention to voting. /
bh,B,"Oh/UH ,/, you/PRP have/VBP n't/RB ?/.","{F Oh, } you haven't? /"
nn,A,Huh-uh/UH ./.,Huh-uh. /
b,B,Yeah/UH ./.,Yeah. /
sd,B,"I/PRP did/VBD n't/RB use/VB to/TO ,/,","I didn't use to, /"
%,B,"but/CC now/RB I/PRP really/RB ,/,","{C but } now I really, - /"
sd,B,because/IN I/PRP get/VBP so/RB angry/JJ about/IN what/WP goes/VBZ on/RP,{C because } I get so angry about what goes on /
sv,B,"and/CC then/RB I/PRP feel/VBP like/IN I/PRP ca/MD n't/RB really/RB complain/VB too/RB much/RB ,/, unless/IN ,/,","{C and then } I feel like I can't really complain too much, unless <laughter>, -/"
^2,A,Unless/IN you/PRP have/VBP something/NN to/TO do/VB with/IN it/PRP ./.,Unless you have something to do with it. /
aa,B,Yeah/UH ./.,Yeah. /
aa,A,Right/UH ./.,Right. /
sd,B,"But/CC the/DT problem/NN is/VBZ ,/, that/IN I/PRP am/VBP very/RB liberal/JJ politically/RB","{C But } the problem is, that I am very liberal politically /"
sd,B,and/CC so/RB I/PRP hardly/RB ever/RB have/VBP anybody/NN that/WDT wins/VBZ that/WDT I/PRP vote/VBP for/IN ./.,{C and so } I hardly ever have anybody that wins that I vote for <laughter>. /
b^m,A,"Oh/UH ,/, liberal/JJ ,/,","{F Oh, } liberal, /"
qw,A,"by/IN ,/, what/WP do/VBP you/PRP mean/VB by/IN liberal/JJ ,/, um/UH ./.","[ by, + what do you mean by ] liberal, {F um. } /"
sd,B,"Liberal/JJ politically/RB ,/,","Liberal politically, /"
sd,B,"I/PRP 'm/VBP ,/, you/PRP know/VBP ,/, like/IN pretty/RB left/JJ wing/NN Demo-/NNP ,/, Democrat/NNP ,/,","I'm, {D you know, } {D like } pretty left wing [ Demo-, + Democrat, ] /"
%,B,so/RB ./.,{C so. } -/
sd,A,"Well/UH see/UH ,/, I/PRP do/VBP n't/RB know/VB anything/NN about/IN politics/NNS ./.","{D Well } {D see, } I don't know anything about politics. /"
bh,B,"Oh/UH ,/, you/PRP do/VBP n't/RB ?/.","{F Oh, } you don't? /"
qw,A,"Uh/UH ,/, what/WP 's/BES the/DT main/JJ ,/, what/WP 's/BES the/DT main/JJ difference/NN between/IN Republicans/NNP and/CC Democrats/NNP ?/.","{F Uh, } [ what's the main, + what's the main ] difference between Republicans and Democrats? /"
bk,B,"Okay/UH ,/,","Okay, /"
sd,B,"well/UH ,/, there/EX 's/BES a/DT lot/NN of/IN them/PRP ,/, um/UH ,/,","{D well, } <breathing> there's a lot of them, {F um, } /"
sd,B,it/PRP depends/VBZ on/IN what/WP issue/NN you/PRP 're/VBP talking/VBG about/IN ./.,it depends on what issue you're talking about. /
sd,B,"But/CC Democrats/NNP are/VBP ,/, on/IN a/DT lot/NN of/IN issues/NNS are/VBP more/RBR liberal/JJ than/IN Republicans/NNP ,/,","{C But } Democrats [ are, + on a lot of issues are ] more liberal than Republicans, /"
sd,B,"and/CC well/UH it/PRP used/VBD to/TO be/VB ,/, it/PRP 's/BES kind/RB of/RB hard/RB to/TO say/VB now/RB ,/, especially/RB after/IN Desert/NNP Storm/NNP ,/,","{C and } {D well } [ it used to be, + <sigh> it's ] kind of hard to say now, especially after Desert Storm, /"
sd,B,"but/CC ,/, um/UH ,/, I/PRP think/VBP back/RB in/IN the/DT ei-/NNS ,/, times/NNS when/WRB ,/, uh/UH ,/, my/PRP$ political/JJ opinions/NNS were/VBD being/VBG formed/VBN like/UH in/IN Viet-/NNP ,/, during/IN the/DT Vietnam/NNP war/NN and/CC stuff/NN ,/,","{C but, } {F um, } I think back in the [ ei-, + times ] when, {F uh, } my political opinions were being formed {D like } [ in Viet-, + during the Vietnam ] war and stuff,"
b,A,Uh-huh/UH ./.,Uh-huh. /
+,B,"the/DT Republicans/NNP were/VBD more/RBR ,/, you/PRP know/VBP ,/, what/WP they/PRP called/VBD Hawks/NNPS ,/, which/WDT is/VBZ more/RBR like/IN aggressive/JJ in/IN war/NN and/CC more/RBR pro/GW war/^JJ ,/,","the Republicans were more, {D you know, } what they called Hawks, which is more {D like } aggressive in war and more pro war,"
b,A,Uh-huh/UH ./.,Uh-huh. /
+,B,and/CC pro/GW aggression/^JJ,and pro aggression /
sd,B,"and/CC ,/, um/UH ,/, the/DT Democrats/NNPS were/VBD the/DT Doves/NNPS ,/,","{C and, } {F um, } the Democrats were the Doves, /"
sd,B,they/PRP were/VBD more/RBR for/IN peace/NN ./.,they were more for peace. /
h,B,"And/CC I/PRP 'm/VBP not/RB sure/JJ how/WRB much/RB that/WDT holds/VBZ true/JJ anymore/RB ,/,","{C And } I'm not sure how much that holds true anymore, /"
%,B,"I/PRP think/VBP ,/, you/PRP know/VBP ,/, the/DT issues/NNS are/VBP ,/,","I think, {D you know, } the issues are, -/"
bk,A,"Okay/UH ,/,","Okay, /"
qy^d,A,and/CC you/PRP vote/VBP for/IN the/DT Democrats/NNPS,{C and } you vote for the Democrats /
%,A,"or/CC ,/,","{C or, } -/"
ny,B,"Yeah/UH ,/,","Yeah, /"
qy^d,A,Usually/RB ./.,Usually. /
ny,B,yeah/UH,yeah /
sd,B,"and/CC Democrats/NNPS usually/RB are/VBP su/JJ ,/, more/RBR supportive/JJ of/IN public/JJ assistance/NN programs/NNS ,/,","{C and } Democrats usually are [ su-, + more supportive ] of public assistance programs, /"
b,A,Uh-huh/UH ./.,Uh-huh. /
%,B,"and/CC ,/, and/CC programs/NNS to/TO ,/, um/UH ,/,","[ {C and, } + {C and } ] programs to, {F um, } - /"
sd,B,"the/DT big/JJ Republican/NNP thing/NN is/VBZ that/IN they/PRP do/VBP n't/RB ,/, they/PRP vote/VBP for/IN less/JJR government/NN ,/,","the big Republican thing is that [ they don't, + they vote ] for less government, /"
sd,B,"they/PRP want/VBP less/JJR government/NN involvement/NN ,/,","they want less government involvement,"
b,A,Uh-huh/UH ./.,Uh-huh. /
+,B,in/IN society/NN,in society /
sd,B,"and/CC so/RB they/PRP 're/VBP more/RBR ,/, less/RBR apt/JJ to/TO vote/VB in/IN ,/, you/PRP know/VBP ,/, more/JJR aid/NN to/IN people/NNS ,/,","{C and so } they're [ more, + less ] apt to vote in, {D you know, } more aid to people, /"
sd,B,"or/CC more/RBR ,/, uh/UH ,/, they/PRP 're/VBP less/RBR apt/JJ to/TO vote/VB in/IN programs/NNS that/WDT involve/VBP the/DT government/NN running/VBG things/NNS ./.","{C or } [ more, + {F uh, } they're less ] apt to vote in programs that involve the government running things. /"
bk,A,"Huh/UH ,/, okay/UH ./.","{F Huh, } okay. /"
%,B,"So/UH ,/,","{D So, } /"
qy,B,so/UH have/VBP you/PRP ever/RB voted/VBD at/IN all/DT ?/.,{D so } have you ever voted at all? /
nn,A,"No/UH ,/,","No, /"
sd,A,I/PRP never/RB have/VBP ./.,I never have. /
qy,B,You/PRP have/VBP n't/RB ?/.,You haven't? /
nn,A,Huh-uh/UH ./.,Huh-uh. /
qw,B,How/WRB old/JJ are/VBP you/PRP ?/.,How old are you? /
sd,A,I/PRP 'm/VBP twenty-six/CD ./.,<Laughter> I'm twenty-six. /
ba,B,"Oh/UH ,/, gosh/UH ./.","<Laughter> {F Oh, } gosh. /"
sd,A,"I/PRP know/VBP ,/, I/PRP sho/MD ,/, I/PRP ,/,","I know, [ I sho-, + I, ] -/"
%,B,Well/UH ./.,{D Well. } /
sd,A,"well/UH ,/, I/PRP do/VBP n't/RB know/VB mu-/RB ,/, that/RB much/RB about/IN it/PRP ./.","{D well, } I don't know [ mu-, + that much ] about it. /"
b,B,"Uh-huh/UH ,/,","Uh-huh, /"
b,B,uh-huh/UH ./.,uh-huh. /
sd,A,I/PRP do/VBP n't/RB keep/VB up/RP on/IN it/PRP,I don't keep up on it /
sd,A,"and/CC I/PRP do/VBP n't/RB feel/VB like/IN I/PRP ha/VBP ,/, have/VBP enough/JJ knowledge/NN on/IN it/PRP to/TO even/VB ,/, you/PRP know/VBP ,/,","{C and } I don't feel like I [ ha-, + have ] enough knowledge on it [ to even, + {D you know, }"
b,B,Yeah/UH ./.,Yeah. /
+,A,to/TO pick/VB the/DT right/JJ person/NN ./.,to ] pick the right person. /
b,B,"Yeah/UH ,/,","Yeah, /"
sv,A,"So/RB that/DT 's/BES what/WP they/PRP need/VBP ,/, well/UH ,/,","{C So } that's what they need, {D well, }"
+,B,Uh-huh/UH ./.,Uh-huh. /
+,A,"it/PRP ,/, uh/UH ,/, they/PRP said/VBD something/NN to/TO improve/VB voting/NN ./.","[ it, + {F uh, } they ] said something to improve voting. /"
b,B,Uh-huh/UH ./.,Uh-huh. /
sv,A,"If/IN they/PRP could/MD make/VB it/PRP more/RBR ,/, oh/UH ,/, easier/RBR to/TO find/VB out/RP ,/, you/PRP know/VBP ,/, what/WP 's/BES going/VBG on/RP ./.","If they could <<pause>> make it [ more, + {F oh, } easier ] to find out, {D you know, } what's going on. /"
qy,A,Do/VBP you/PRP know/VBP what/WP I/PRP mean/VBP ?/.,Do you know what I mean? /
ny,B,"Yeah/UH ,/,","Yeah, /"
ny,B,yeah/UH ./.,yeah. /
sd,A,"Like/IN ,/, uh/UH ,/, like/IN to/IN me/PRP ,/, I/PRP do/VBP n't/RB ,/, I/PRP did/VBD n't/RB know/VB what/WP would/MD have/VB been/VBN wrong/JJ with/IN ,/,","[ {D Like, } + {F uh, } {D like } ] to me, [ I don't, + I didn't ] know what would have been wrong with, - /"
sd,A,I/PRP ca/MD n't/RB even/RB remember/VB who/WP ran/VBD for/IN president/NN against/IN Bush/NNP ./.,I can't even remember who ran for president against Bush. /
sd,A,"I/PRP think/VBP it/PRP was/VBD ,/, uh/UH ,/, that/DT woman/NN ,/,","I think it was, {F uh, } that woman, /"
%,B,"Du-/NNP ,/,","Du-, -/"
qy,A,was/VBD n't/RB it/PRP a/DT woman/NN ./.,wasn't it a woman. /
nn,B,"No/UH ,/,","No, /"
sd,B,"it/PRP was/VBD Dukakis/NNP ,/,","it was Dukakis,"
b^m,A,Dukakis/NNP ./.,Dukakis. /
+,B,from/IN Massachusetts/NNP ./.,from Massachusetts. /
bk,A,"Okay/UH ,/,","Okay, /"
qy,A,"did/VBD n't/RB he/PRP have/VB a/DT woman/NN ,/,","didn't he have a woman, /"
qrr,A,"or/CC was/VBD n't/RB ,/, or/CC was/VBD that/DT Reagan/NNP ./.","[ {C or } wasn't, + {C or } was ] that Reagan. /"
sd,A,There/EX was/VBD a/DT woman/NN that/WDT was/VBD running/VBG for/IN vice/NN president/NN for/IN a/DT while/NN ./.,There was a woman that was running for vice president for a while. /
aa,B,"Oh/UH yeah/UH ,/,","{F Oh } yeah, /"
%,B,"that/DT was/VBD ,/,","that was, -/"
sd,A,Ferraro/NNP ./.,Ferraro. /
aa,B,yeah/UH,yeah /
b^m,B,Ferraro/NNP ./.,Ferraro. /
sd,B,"That/DT was/VBD a/DT while/NN ago/RB ,/,","That was a while ago, /"
sd,B,"that/DT was/VBD a/DT couple/NN elections/NNS ago/RB ,/,","that was a couple elections ago, /"
%,B,yeah/UH ./.,yeah. /
bk,A,Okay/UH ./.,Okay <laughter>. /
b,B,"Yeah/UH ,/,","Yeah, /"
ba,B,that/DT 's/BES okay/JJ ./.,that's okay. /
sd,A,"Well/UH ,/, that/DT 's/BES what/WP I/PRP mean/VBP ,/,","{D Well, } that's what I mean, /"
sd,A,like/UH I/PRP did/VBD n't/RB know/VB what/WP the/DT difference/NN between/IN Dukakis/NNP and/CC Bush/NNP was/VBD ./.,{D like } I didn't know what the difference between Dukakis and Bush was. /
b,B,Uh-huh/UH ./.,Uh-huh. /
sd,A,"You/PRP know/VBP ,/, I/PRP did/VBD n't/RB know/VB anything/NN about/IN Bush/NNP or/CC Dukakis/NNP ./.","{D You know, } I didn't know anything about Bush or Dukakis. /"
qw,B,"So/UH what/WP do/VBP you/PRP think/VB about/IN ,/, uh/UH ,/, what/WP do/VBP you/PRP think/VB about/IN what/WP you/PRP see/VBP on/IN T/NN V/NN about/IN them/PRP ,/, like/IN in/IN the/DT news/NN or/CC on/IN the/DT ads/NNS ,/,","{D So } [ what do you think about, + {F uh, } what do you think about ] what you see on T V about them, like in the news or on the ads, /"
%,B,"do/VBP you/PRP kind/RB of/RB just/RB ,/,","do you kind of just, -/"
b,A,"Okay/UH ,/,","Okay, /"
sd,A,"I/PRP do/VBP n't/RB remember/VB anything/NN about/IN Dukakis/NNP ,/,","I don't remember <baby> anything about Dukakis, /"
qy,B,You/PRP do/VBP n't/RB ?/.,You don't? /
sd,A,"but/CC ,/, well/UH they/PRP 're/VBP all/DT saying/VBG that/IN they/PRP 're/VBP going/VBG to/TO do/VB ,/, you/PRP know/VBP ,/, whatever/WP is/VBZ best/JJS for/IN their/PRP$ campaign/NN anyway/RB ./.","{C but, } {D well } they're all saying that they're going to do, {D you know, } whatever is best for their campaign anyway. /"
b,B,"Uh-huh/UH ,/,","Uh-huh, /"
b,B,uh-huh/UH ./.,uh-huh. /
sd,A,"That/DT 's/BES what/WP I/PRP mean/VBP ,/,","That's what I mean, /"
sv,A,"if/IN they/PRP had/VBD some/DT kind/NN of/IN public/JJ programs/NNS where/WRB you/PRP can/MD just/RB go/VB out/RB and/CC ,/,","if they had some kind of public programs where you can just go out and, -/"
b,B,Uh-huh/UH ./.,Uh-huh. /
h,A,"I/PRP do/VBP n't/RB know/VB ,/,","I don't know, /"
sd,A,"like/UH you/PRP know/VBP ,/, in/IN school/NN they/PRP did/VBD n't/RB teach/VB you/PRP about/IN demo-/NN ,/, uh/UH ,/, the/DT government/NN ,/,","{D like } {D you } know, in school they didn't teach you about [ demo-, + {F uh, } the government, ]"
b,B,Right/UH ./.,Right. /
+,A,not/RB really/RB ./.,not really. /
qy,B,You/PRP did/VBD n't/RB get/VB any/DT government/NN classes/NNS ?/.,You didn't get any government classes? /
nn,A,Huh-uh/UH ./.,Huh-uh. /
b,B,"Yeah/UH ,/,","Yeah, /"
sv,B,"it/PRP 's/BES really/RB hard/JJ too/RB ,/,","it's really hard too, /"
%,B,"because/IN before/IN they/PRP used/VBD to/TO have/VB ,/, um/UH ,/, a/DT lot/NN of/IN ,/,","{C because } before they used to have, {F um, } a lot of, <sigh> - /"
sv,B,"it/PRP seems/VBZ like/IN the/DT stuff/NN that/WDT they/PRP put/VBP out/RP now/RB ,/, it/PRP ,/, I/PRP mean/VBP ,/, I/PRP ,/, does/VBZ n't/RB just/RB seem/VB like/IN it/PRP ,/,","it seems like the stuff that they put out now, it, {E I mean, } [ I, + ] doesn't just seem like it, /"
sd,B,"I/PRP know/VBP for/IN a/DT fact/NN that/IN the/DT ,/, any/DT kind/NN of/IN stuff/NN that/WDT if/IN you/PRP ,/, wrote/VBD and/CC asked/VBD for/IN material/NN ,/,","I know for a fact that [ the, + any ] kind of stuff that if you, wrote and asked for material, - /"
qh,B,"well/UH what/WP do/VBP you/PRP believe/VB in/IN ,/,","{D well } what do you believe in, /"
qh,B,"what/WP do/VBP you/PRP believe/VB in/IN ,/,","what do you believe in, /"
sv,B,they/PRP do/VBP n't/RB take/VB any/DT stands/NNS on/IN anything/NN ./.,they don't take any stands on anything. /
sv,B,"They/PRP kind/RB of/RB say/VBP ,/, well/UH what/WP do/VBP you/PRP want/VB me/PRP to/TO believe/VB ./.","They kind of say, {D well } what do you want me to believe. /"
b,A,Yeah/UH ./.,Yeah. /
sv,B,Or/CC they/PRP word/VBP it/PRP so/IN that/IN it/PRP 's/BES really/RB hard/JJ to/TO tell/VB where/WRB they/PRP 're/VBP standing/VBG on/IN certain/JJ issues/NNS ./.,{C Or } they word it so that it's really hard to tell where they're standing on certain issues. /
%,A,"Well/UH I/PRP 'm/VBP not/RB sure/JJ they/PRP 're/VBP ,/,","{D Well } I'm not sure they're, - /"
b,A,yeah/UH ./.,yeah. /
sd,A,I/PRP know/VBP how/WRB they/PRP do/VBP it/PRP ./.,I know how they do it. /
b,B,Uh-huh/UH ./.,Uh-huh. /
%,A,"It/PRP ,/,","It, - /"
sd,A,"like/UH i-/PRP ,/, with/IN the/DT abortion/NN issues/NNS and/CC stuff/NN ./.","like [ i-, + ] with the abortion issues and stuff. /"
b,B,Uh-huh/UH ./.,Uh-huh. /
b,B,Yeah/UH,Yeah /
sv,B,"they/PRP have/VBP to/TO kind/RB of/RB take/VB a/DT stand/NN on/IN some/DT things/NNS ,/, like/IN abortion/NN and/CC things/NNS like/IN that/DT ,/,","they have to kind of take a stand on some things, like abortion and things like that, /"
sd,B,"so/RB that/DT 's/BES kind/RB of/RB ,/, how/WRB I/PRP judge/VBP ./.","{C so } that's kind of, how I judge. /"
sd,B,"There/EX 's/BES a/DT few/JJ things/NNS where/WRB they/PRP have/VBP to/TO say/VB yes/UH or/CC no/UH ,/, like/IN abortion/NN or/CC gun/NN control/NN ,/,","There's a few things where they have to say yes or no, like abortion or gun control, /"
^h,B,"or/CC let/VB me/PRP see/VB ,/,","{C or } let me see, /"
sd,B,"I/PRP try/VBP to/TO look/VB at/IN what/WP ,/, if/IN some/DT of/IN the/DT newspaper/NN articles/NNS ,/, or/CC the/DT ,/,","I try to look at [ what, + <sigh> if ] some of the newspaper articles, or the, - /"
sd,B,"I/PRP do/VBP n't/RB trust/VB T/NN V/NN as/IN much/RB ,/,","I don't trust T V as much, /"
sd,B,"but/CC newspaper/NN articles/NNS can/MD show/VB wha/WP ,/, how/WRB they/PRP voted/VBD in/IN the/DT past/NN","{C but } newspaper articles can show [ wha-, + how ] they voted in the past /"
%,B,"and/CC ,/,","[ {C and, } +"
b,A,Right/UH ./.,Right. /
+,B,"but/CC you/PRP get/VBP ,/, you/PRP know/VBP ,/,","{C but } ] you get, {D you know, } - /"
sv,B,"it/PRP all/DT depends/VBZ again/RB on/IN who/WP 's/BES writing/NN it/PRP and/CC who/WP they/PRP 're/VBP for/IN ,/, because/IN they/PRP can/MD slant/VB that/DT too/RB ./.","it all depends again on who's writing it and who they're for, because they can slant that too. /"
b,A,"Right/UH ,/,","Right, /"
%,A,"and/CC like/IN I/PRP said/VBD most/RBS of/IN the/DT poli-/NNS ,/, the/DT politicians/NNS ,/, I/PRP 'm/VBP MUMBLEx/XX ,/,","{C and } like I said most of [ the poli-, + the politicians, ] I'm (( )) , - /"
sv,A,also/RB the/DT politicians/NNS put/VBP out/RP what/WP makes/VBZ them/PRP look/VB good/JJ anyway/RB ./.,also the politicians put out what makes them look good anyway. /
b,B,"Uh-huh/UH ,/,","Uh-huh, /"
b,B,"yeah/UH ,/,","yeah, /"
b,B,yeah/UH ./.,yeah. /
sv,A,"And/CC everybody/NN 's/HVS got/VBN ,/, you/PRP know/VBP ,/, stuff/NN they/PRP do/VBP n't/RB want/VB known/VBN ./.","{C And } everybody's got, {D you know, } stuff they don't want known. /"
aa,B,"Right/UH ,/,","Right, /"
sv,B,everybody/NN 's/HVS got/VBN a/DT secret/NN ./.,everybody's got a secret <laughter>. /
%,B,"So/RB ,/,","{C So, } -/"
fa,A,"Well/UH anyway/RB ,/, I/PRP 'm/VBP sorry/JJ","<Laughter> {D Well } anyway, I'm sorry /"
sd,A,"I/PRP did/VBD n't/RB ,/, I/PRP did/VBD n't/RB have/VB much/JJ knowledge/NN ./.","[ I didn't, + I didn't ] have much knowledge. /"
bd,B,Well/UH that/DT 's/BES okay/JJ ./.,{D Well } that's okay. /
%,B,"Do/VBP you/PRP think/VB ,/,","[ Do you think, +"
sd,A,I/PRP do/VBP n't/RB even/RB remember/VB this/DT being/VBG on/IN there/RB ./.,I don't even remember this being on there. /
+,B,"do/VBP you/PRP think/VB ,/, um/UH ,/,","do you think, ] {F um, } - /"
%,B,"I/PRP mean/VBP ,/, what/WP would/MD it/PRP take/VB ,/,","{E I mean, } what would it take, - /"
sv,B,"like/UH ,/, God/UH ,/, this/DT is/VBZ really/RB good/JJ actually/RB ,/, tha-/XX ,/, for/IN to/TO talk/VB to/IN somebody/NN who/WP has/VBZ n't/RB voted/VBD ,/,","{D like, } God, this is really good actually, [ tha-, + for ] to talk to somebody who hasn't voted, /"
%,B,"I/PRP mean/VBP ,/, what/WP kind/NN of/IN ,/,","{E I mean, } what kind of, -/"
^2,A,Incentive/NN ?/.,Incentive? /
qw,B,"how/WRB would/MD it/PRP ,/, how/WRB ,/, what/WP kind/NN of/IN stuff/NN would/MD they/PRP ,/, would/MD you/PRP like/VB them/PRP to/TO do/VB so/IN that/IN ,/, that/IN you/PRP would/MD know/VB more/JJR about/IN it/PRP ./.","[ how would it, + [ how, + what kind of stuff ] [ would they, + would you ] ] like them to do so [ that, + that ] you would know more about it. /"
qy,B,Like/UH send/VB stuff/NN in/IN the/DT mail/NN or/CC have/VB it/PRP at/IN the/DT library/NN,Like send stuff in the mail or have it at the library /
%,B,"or/CC ,/,","{C or, } -/"
aap_am,A,"I/PRP guess/VBP that/DT would/MD be/VB good/JJ ,/,","I guess that would be good, /"
sd,A,"now/RB I/PRP 'm/VBP sure/JJ they/PRP 've/VBP got/VBN it/PRP at/IN the/DT library/NN ,/,","{D now } I'm sure they've got it at the library,"
b,B,Uh-huh/UH ./.,Uh-huh. /
+,A,you/PRP know/VBP ./.,{D you know. } /
b,B,Uh-huh/UH ./.,Uh-huh. /
sd,A,I/PRP mean/VBP if/IN I/PRP get/VBP to/IN the/DT library/NN ./.,{E I mean } if I get to the library. /
sd,A,"I/PRP 've/VBP got/VBN two/CD babies/NNS ,/, so/RB ,/, I/PRP do/VBP n't/RB ,/,","I've got two babies, so, I don't, /"
%,A,"yeah/UH ,/,","yeah, /"
qy,B,Oh/UH do/VBP you/PRP ?/.,{F Oh } do you? /
b,B,"Yeah/UH ,/,","Yeah, /"
sv,B,that/DT will/MD tie/VB you/PRP down/RP a/DT little/JJ bit/NN ./.,that will tie you down a little bit. /
h,A,"But/CC I/PRP ,/, I/PRP do/VBP n't/RB know/VB ./.","{C But } [ I, + I ] don't know. /"
qy,B,"Or/CC do/VBP you/PRP just/RB not/RB ,/, do/VBP you/PRP feel/VB like/IN it/PRP 's/BES not/RB really/RB going/VBG to/TO make/VB that/RB much/JJ difference/NN if/IN you/PRP do/VBP n't/RB vote/VB","{C Or } [ do you just not, + do you ] feel like it's not really going to make that much difference if you don't vote /"
%,B,"or/CC ,/,","{C or, } -/"
sd,A,"Oh/UH ,/, I/PRP know/VBP if/IN enough/JJ people/NNS think/VBP like/IN that/DT it/PRP ,/, you/PRP know/VBP ,/, would/MD make/VB a/DT difference/NN ,/,","{F Oh, } I know if enough people think like that it, {D you know, } would make a difference,"
b,B,Yeah/UH ./.,Yeah. /
+,A,if/IN people/NNS stopped/VBD thinking/VBG like/IN that/DT ./.,if people stopped thinking like that. /
b,B,Yeah/UH ./.,Yeah. /
sd,A,"Um/UH ,/, well/UH a/DT lot/NN of/IN people/NNS ,/, they/PRP 'll/MD vote/VB the/DT way/NN their/PRP$ family/NN votes/VBZ ,/, you/PRP know/VBP ,/,","{F Um, } {D well } a lot of people, they'll vote the way their family votes, {D you know, } /"
b,B,Uh-huh/UH ./.,Uh-huh. /
ny,B,"Uh-huh/UH ,/,","Uh-huh, /"
ny,B,yeah/UH ./.,yeah. /
+,A,"Then/RB like/UH your/PRP$ kids/NNS or/CC whatever/WDT will/MD follow/VB you/PRP and/CC just/RB vote/VB Democrat/NNP ,/,","Then {D like } your kids or whatever will follow you and just vote Democrat, /"
aa,A,right/UH ./.,right. /
b,B,"Uh-huh/UH ,/,","Uh-huh, /"
%,A,"I/PRP mean/VBP ,/,","{E I mean, } -/"
sd,B,"Well/UH ,/, not/RB in/IN my/PRP$ family/NN ./.","{D Well, } not in my family <laughter>. /"
aa,A,No/UH ./.,No. /
sd,B,"We/PRP 're/VBP kind/RB of/RB ,/, we/PRP 're/VBP really/RB independent/JJ ./.","[ We're kind of, + <laughter> we're really ] independent. /"
bf,A,All/RB split/JJ ./.,All split. /
sd,B,But/CC a/DT lot/NN of/IN families/NNS do/VBP that/DT ./.,{C But } a lot of families do that. /
sd,B,I/PRP know/VBP a/DT lot/NN of/IN wives/NNS feel/VBP like/IN they/PRP have/VBP to/TO vote/VB the/DT way/NN that/WDT their/PRP$ husbands/NNS vote/VBP ./.,I know a lot of wives feel like they have to vote the way that their husbands vote. /
b,A,Right/UH ./.,Right. /
sv,B,And/CC that/DT kind/RB of/RB keeps/VBZ from/IN getting/VBG a/DT lot/NN of/IN issues/NNS resolved/VBN ./.,{C And } that kind of keeps from getting a lot of issues resolved <breathing> <laughter>. /
ba,B,Golly/UH ./.,Golly. /
sd,A,I/PRP lie/VBP ./. Huh/UH ./.,I lie. {F Huh. } /
%,B,"But/CC well/UH ,/,","{C But } {D well, } -/"
h,A,"I/PRP do/VBP n't/RB know/VB ,/,","I don't know, /"
sd,A,"if/IN I/PRP did/VBD understand/VB politics/NNS I/PRP probably/RB would/MD vote/VB more/RB ,/,","if I did understand politics I probably would vote more, /"
b,B,Uh-huh/UH ./.,Uh-huh. /
%,A,"But/CC like/IN I/PRP said/VBD if/IN I/PRP voted/VBD for/IN Bush/NNP ,/,","{C But } like I said if I voted for Bush, <<noise surge>> - /"
sd,A,"or/CC like/UH when/WRB ,/, uh/UH ,/, Gary/NNP --/:","{C or } like when, {F uh, } Gary --"
^2,B,Hart/NNP ?/.,Hart? /
+,A,"--/: Hart/NNP was/VBD running/VBG ,/,","-- Hart was running,"
b,B,Uh-huh/UH ./.,Uh-huh. /
+,A,"a/DT lot/NN of/IN women/NNS would/MD have/VB voted/VBN for/IN him/PRP just/RB because/IN he/PRP was/VBD nicer/RB looking/VBG ,/,","a lot of women would have voted for him just because he was nicer looking, /"
sd,A,"not/RB that/IN I/PRP think/VBP he/PRP was/VBD good/JJ looking/VBG ,/,","not that I think he was good looking, /"
sd,A,"but/CC ,/,","{C but, }"
b,B,Yeah/UH ./.,Yeah. /
+,A,he/PRP was/VBD young/JJ ./.,he was young. /
b,B,Yeah/UH ./.,Yeah. /
sv,A,"And/CC then/RB ,/, I/PRP did/VBD n't/RB think/VB that/DT was/VBD right/JJ ,/, because/IN he/PRP may/MD have/VB been/VBN a/DT good/JJ president/NN ,/, or/CC whatever/WP ./.","{C And then, } I didn't think that was right, because he may have been a good president, or whatever. /"
b,B,Uh-huh/UH ./.,Uh-huh. /
%,A,"But/CC because/IN it/PRP ,/,","[ {C But } + {C because } ] it, - /"
%,A,"what/WP ,/,","what, - /"
sd,A,"he/PRP had/VBD an/DT affair/NN ,/,","he had an affair, /"
b,B,"Yeah/UH ,/,","Yeah, /"
b,B,yeah/UH ./.,yeah. /
sd,A,and/CC it/PRP just/RB threw/VBD him/PRP out/IN of/IN the/DT whole/JJ running/NN ./.,{C and } it just threw him out of the whole running. /
b,B,Yeah/UH ./.,Yeah. /
sd,A,"And/CC a/DT lot/NN of/IN people/NNS go/VBP by/IN their/PRP$ ,/, uh/UH ,/, personal/JJ life/NN when/WRB they/PRP vote/VBP","{C And } a lot of people go by their, {F uh, } personal life when they vote /"
%,A,"and/CC ,/,","{C and, } -/"
b,B,"Uh-huh/UH ,/,","Uh-huh, /"
b,B,yeah/UH ./.,yeah. /
sv,A,"Which/WDT I/PRP guess/VBP if/IN you/PRP got/VBD turmoil/NN in/IN your/PRP$ personal/JJ life/NN ,/, you/PRP 're/VBP going/VBG to/TO let/VB it/PRP come/VB into/IN work/NN","Which I guess if you got turmoil in your personal life, you're going to let it come into work /"
%,A,"but/CC ,/,","{C but, }"
b,B,Uh-huh/UH ./.,Uh-huh. /
+,A,"I/PRP 'm/VBP sure/JJ there/EX 's/BES a/DT lot/NN of/IN people/NNS that/WDT have/VBP had/VBN ,/,","I'm sure there's a lot of people that have had, -/"
sv,B,"I/PRP think/VBP everybody/NN does/VBZ ,/,","I think everybody does, /"
sv,B,it/PRP just/RB depends/VBZ on/IN how/WRB well/RB you/PRP can/MD hide/VB it/PRP ./.,it just depends on how well you can hide it. /
b,A,Yeah/UH ./.,Yeah. /
%,B,"You/PRP know/VBP ,/, and/CC I/PRP ,/,","{D You know, } {C and } I, - /"
aa,B,"that/DT 's/BES very/RB true/JJ ,/,","that's very true, /"
sv,B,"I/PRP ,/, I/PRP think/VBP that/DT does/VBZ n't/RB really/RB have/VB that/RB much/JJ to/TO do/VB with/IN ,/, um/UH ,/, unless/IN they/PRP 've/VBP done/VBN something/NN really/RB horrible/JJ ,/, you/PRP know/VBP ,/,","[ I, + I ] think that doesn't really have that much to do with, {F um, } unless they've done something really horrible, {D you know, }"
arp_nd,A,"Well/UH ,/,","{D Well, } /"
+,B,or/CC something/NN real/RB abnormal/JJ ./.,or something real abnormal. /
sv,A,"Well/UH ,/, criminal/JJ or/CC something/NN like/IN that/DT 's/BES different/JJ ,/,","{D Well, } criminal or something like that's different, /"
aa,B,"Yeah/UH ,/,","Yeah, /"
aa,B,"right/UH ,/,","right, /"
sv,A,"but/CC ,/,","{C but, }"
%,B,but/CC otherwise/RB ./.,{C but } otherwise. /
+,A,"if/IN him/PRP and/CC his/PRP$ wife/NN were/VBD n't/RB getting/VBG along/RP ,/,","if him and his wife weren't getting along, -/"
b,B,Uh-huh/UH ./.,Uh-huh. /
qh,A,"I/PRP mean/VBP ,/, what/WP is/VBZ ,/, what/WP effect/NN does/VBZ that/DT have/VB on/IN him/PRP running/VBG for/IN president/NN ./.","{E I mean, } [ what is, + what effect does ] that have on him running for president. /"
qy,A,Do/VBP you/PRP know/VBP what/WP I/PRP mean/VBP ?/.,Do you know what I mean? /
ny,B,"Yeah/UH ,/,","Yeah, /"
ny,B,yeah/UH ./.,yeah. /
sv,A,"It/PRP 's/BES all/DT so/RB secretive/JJ ,/,","It's all so secretive, /"
sv,A,"see/UH we/PRP really/RB do/VBP n't/RB see/VB the/DT ,/,","{D see } we really don't see [ the, +"
aa,B,That/DT 's/BES right/JJ ./.,That's right. /
+,A,the/DT true/JJ person/NN anyway/RB ./.,the ] true person anyway. /
sv,B,"I/PRP think/VBP that/DT 's/BES ,/, that/WDT 's/BES having/VBG a/DT big/JJ effect/NN on/IN how/WRB poorly/RB that/DT the/DT country/NN is/VBZ being/VBG run/VBN ,/, is/VBZ that/IN ,/, um/UH ,/, the/DT ,/, the/DT election/NN ,/, the/DT people/NNS that/WDT want/VBP to/TO get/VB elected/VBN are/VBP turning/VBG it/PRP into/IN a/DT popularity/NN contest/NN by/IN advertising/VBG the/DT things/NNS that/WDT ,/,","I think [ that's, + that's ] having a big effect on how poorly that the country is being run, is that, {F um, } [ [ the, + the election, ] + the people that want to get elected ] are turning it into a popularity contest by advertising the things [ that, +"
b,A,Right/UH ./.,Right. /
+,B,"you/PRP know/VBP ,/, that/DT really/RB do/VBP n't/RB have/VB anything/NN to/TO do/VB with/IN how/WRB well/RB they/PRP do/VBP the/DT job/NN ./.","<Noise> {D you know, } that ] really don't have anything to do with how well they do the job. /"
sv,B,"But/CC see/VB they/PRP 're/VBP trying/VBG to/TO find/VB an/DT excuse/NN not/RB to/TO deal/VB with/IN what/WP ,/, you/PRP know/VBP ,/, the/DT issues/NNS that/WDT people/NNS really/RB want/VBP to/TO know/VB about/IN ,/, because/IN on/IN those/DT issues/NNS you/PRP have/VBP to/TO say/VB yes/UH or/CC no/UH ./.","{C But } see they're trying to find an excuse not to deal with [ what, + {D you know, } the issues that ] people really want to know about, because on those issues you have to say yes or no. /"
sv,B,"And/CC if/IN they/PRP do/VBP n't/RB say/VB yes/UH or/CC no/UH ,/, then/RB maybe/RB somebody/NN will/MD vote/VB for/IN them/PRP that/WDT would/MD n't/RB have/VB if/IN they/PRP had/VBD come/VBN down/RP on/IN the/DT wrong/JJ side/NN ./.","{C And } if they don't say yes or no, then <ringing> maybe somebody will vote for them that wouldn't have if they had come down on the wrong side. /"
qy,B,Do/VBP you/PRP know/VBP what/WP I/PRP 'm/VBP saying/VBG ?/.,Do you know what I'm saying? /
b,A,Right/UH ./.,Right. /
sv,B,"So/UH they/PRP just/RB try/VB and/CC make/VB it/PRP a/DT personal/JJ thing/NN ,/,","{C So } they just try and make it a personal thing, /"
sd,B,"I/PRP mean/VBP ,/, if/IN you/PRP remember/VBP any/DT of/IN the/DT T/NN V/NN commercials/NNS from/IN the/DT last/JJ presidential/JJ campaign/NN ,/, they/PRP all/DT had/VBD ,/, uh/UH ,/, pictures/NNS of/IN Bush/NNP with/IN his/PRP$ grandchildren/NNS ,/, walking/VBG around/RP with/IN his/PRP$ grandchildren/NNS","{E I mean, } if you remember any of the T V commercials from the last presidential campaign, <<voices in background>> they all had, {F uh, } pictures of Bush [ with his grandchildren, + walking around with his grandchildren ] /"
sd,B,"and/CC even/RB from/IN Reagan/NNP ,/, it/PRP was/VBD all/DT just/RB like/IN ,/, looks/VBZ like/IN a/DT McDonald/NNP 's/POS commercial/JJ ,/, you/PRP know/VBP ./.","{C and } even from Reagan, it [ was all just like, + looks like ] a McDonald's commercial, {D you know. } /"
b,A,Uh-huh/UH ./.,Uh-huh <laughter>. /
sd,B,That/DT 's/BES about/IN what/WP it/PRP looked/VBD like/JJ ./.,<Laughter> That's about what it looked like. /
qw,A,Well/UH what/WP did/VBD you/PRP think/VB of/IN Reagan/NNP as/IN a/DT president/NN ?/.,{D Well } what did you think of Reagan as a president? /
sv,B,I/PRP just/RB thought/VBD he/PRP was/VBD really/RB inept/JJ ./.,I just thought he was really inept. /
sv,B,I/PRP do/VBP n't/RB think/VB he/PRP did/VBD anything/NN at/IN all/DT ./.,I don't think he did anything at all. /
sv,B,"He/PRP ,/, they/PRP just/RB kind/RB of/RB sat/VBD him/PRP up/RP there/RB like/IN a/DT puppet/NN","[ He, + they ] just kind of sat him up there like a puppet /"
%,B,"and/CC the/DT people/NNS that/WDT were/VBD ,/,","{C and } the people that were, -/"
qy,A,"Do/VBP you/PRP think/VB he/PRP won/VBD from/IN Carter/NNP because/IN of/IN the/DT ,/, um/UH ,/, the/DT hostages/NNS that/WDT were/VBD held/VBN at/IN that/DT time/NN ?/.","Do you think he won from Carter <beep> because of [ the, + {F um, } the ] hostages that were held at that time? /"
no,B,"Well/UH I/PRP think/VBP that/DT was/VBD part/NN of/IN it/PRP ,/,","<Children> {D Well } I think that was part of it, /"
sv,B,"I/PRP think/VBP there/EX 's/BES a/DT lot/NN of/IN thin-/NNS ,/, the/DT economic/JJ problems/NNS that/WDT the/DT country/NN was/VBD having/VBG at/IN the/DT time/NN and/CC the/DT ,/, the/DT recession/NN and/CC stuff/NN ,/,","I think there's a lot of [ thin-, + the economic problems ] that the country was having at the time and [ the, + the ] recession and stuff, /"
b,A,Uh-huh/UH ./.,Uh-huh. /
sv,B,"people/NNS just/RB had/VBD a/DT picture/NN of/IN Carter/NNP as/IN not/RB being/VBG real/RB capable/JJ ,/,","people just had a picture of Carter as not being real capable, /"
%,B,"but/CC he/PRP ,/, actually/RB ,/,","{C but } he, actually, - /"
%,B,"all/RB right/JJ ,/,","all right, /"
%,B,this/DT,this <laughter> - /
sd,B,I/PRP thought/VBD he/PRP was/VBD great/JJ ./.,I thought he was great. /
sd,A,"I/PRP thought/VBD Carter/NNP was/VBD good/JJ too/RB ,/,","I thought Carter was good too, /"
%,A,"and/CC that/DT was/VBD ,/,","{C and } that was, - /"
%,A,"yeah/UH ,/,","yeah, /"
qy,B,Did/VBD you/PRP ?/.,Did you? /
sd,B,"I/PRP always/RB liked/VBD him/PRP ,/,","I always liked him, /"
sd,B,I/PRP thought/VBD he/PRP was/VBD great/JJ at/IN the/DT time/NN,I thought he was great at the time /
sd,B,"and/CC I/PRP ,/, I/PRP just/RB could/MD n't/RB get/VB over/IN the/DT fact/NN that/IN Reagan/NNP beat/VBD him/PRP ./.","{C and } [ I, + I ] just couldn't get over the fact that Reagan beat him. /"
sd,B,"I/PRP ,/, you/PRP know/VBP ,/, that/IN I/PRP just/RB could/MD n't/RB believe/VB that/IN he/PRP got/VBD voted/VBN out/RP ./.","[ I, + {D you know, } that I ] just couldn't believe that he got voted out. /"
%,A,"But/CC ,/, I/PRP think/VBP I/PRP was/VBD n't/RB ,/,","{C But, } I think I wasn't, - /"
^h,A,"well/UH let/VB 's/PRP see/VB ,/,","{D well } let's see, /"
qy,A,"that/DT 's/HVS been/VBN about/RB ten/CD years/NNS ago/RB ,/, right/UH ?/.","that's been about ten years ago, right? /"
ny,B,"Uh-huh/UH ,/,","Uh-huh, /"
ny,B,yeah/UH ./.,yeah. /
^h,A,"Okay/UH ,/,","Okay, /"
sd,A,"so/RB I/PRP was/VBD only/RB fifteen/CD or/CC sixteen/CD ,/,","{D so } I was only fifteen or sixteen, /"
sd,A,but/CC I/PRP remember/VBP Carter/NNP,{C but } I remember Carter /
sd,A,and/CC I/PRP liked/VBD him/PRP ./.,{C and } I liked him. /
qy,B,You/PRP did/VBD ?/.,You did? /
qy,B,"Have/VBP you/PRP heard/VBN stuff/NN about/IN him/PRP lately/RB ,/,","Have you heard stuff about him lately, /"
qy,B,do/VBP you/PRP know/VBP what/WP he/PRP 's/BES doing/VBG ?/.,do you know what he's doing? /
nn,A,"No/UH ,/,","No, /"
sd,A,I/PRP sure/RB do/VBP n't/RB ./.,I sure don't. /
sd,B,"Well/UH he/PRP is/VBZ just/RB ,/, he/PRP is/VBZ really/RB active/JJ still/RB politically/RB ./.","{D Well } [ he is just, + he is really ] active still politically. /"
sd,B,He/PRP 's/HVS been/VBN overseas/RB ./.,He's been overseas. /
qy^d,B,"You/PRP remember/VBP when/WRB he/PRP was/VBD in/IN office/NN he/PRP did/VBD a/DT lot/NN of/IN stuff/NN for/IN the/DT Middle/NNP East/NNP ,/, for/IN pe-/NN ,/,","You remember when he was in office he did a lot of stuff for the Middle East, for pe-, -/"
