act_tag,speaker,pos,text
ad,A,"Oh/UH ,/, go/VB ahead/RB","{F Oh, } go ahead /"
sd,A,"I/PRP ,/, I/PRP am/VBP glad/JJ to/TO talk/VB to/IN an/DT expert/NN ./.","[ I, + I ] am glad to talk to an expert. /"
sd,A,I/PRP always/RB wanted/VBD to/TO know/VB who/WP an/DT expert/NN was/VBD ./.,I always wanted to know who an expert was. /
sd,B,"Oh/UH ,/, well/UH ,/, I/PRP 'm/VBP not/RB an/DT expert/NN ,/,","{F Oh, } {D well, } I'm not an expert, /"
sd,B,"I/PRP just/RB had/VBD a/DT little/JJ ,/, I/PRP 've/VBP ,/, I/PRP 've/VBP seen/VBN a/DT little/JJ pollution/NN in/IN my/PRP$ time/NN ./.","[ I just had a little, + [ I've, + I've ] seen a little ] pollution in my time. /"
%,B,"It/PRP 's/BES ,/, uh/UH ,/,","It's, {F uh, } - /"
sd,B,"the/DT ,/, the/DT chemicals/NNS we/PRP were/VBD dealing/VBG with/IN were/VBD ,/, uh/UH ,/, a/DT Raid/NNP repellent/JJ","[ the, + the ] chemicals we were dealing with were, {F uh, } a Raid repellent /"
sd,B,"and/CC ,/, uh/UH ,/, that/DT was/VBD really/RB quite/RB dangerous/JJ ,/,","{C and, } {F uh, } that was really quite dangerous, /"
sd,B,"I/PRP 'm/VBP not/RB certain/JJ that/IN that/DT was/VBD ,/,","I'm not certain that that was, - /"
sd,B,"that/IN ,/, that/DT 's/BES really/RB a/DT pollution/NN issue/NN ./.","[ that, + that's ] really a pollution issue. /"
sd,B,"I/PRP think/VBP pollution/NN issue/NN is/VBZ ,/, is/VBZ ,/, uh/UH ,/, is/VBZ ,/, is/VBZ the/DT argument/NN over/IN ,/, over/IN people/NNS catching/VBG ,/, uh/UH ,/, things/NNS like/IN ,/, uh/UH ,/, respiratory/JJ disease/NN ./.","I think pollution issue [ [ [ is, + is, ] + {F uh, } is, ] + is ] the argument [ over, + over ] people catching, {F uh, } things like, {F uh, } respiratory disease. /"
sd,A,"Uh/UH ,/, well/UH ,/, there/EX ,/, there/EX 's/BES two/CD things/NNS ,/, uh/UH ,/,","{F Uh, } {D well, } [ there, + there's ] two things, {F uh, } /"
sd,A,"the/DT one/CD I/PRP 'm/VBP interested/JJ the/DT most/RBS ,/, I/PRP guess/VBP ,/, myself/PRP ,/, uh/UH ,/, would/MD be/VB the/DT ,/, the/DT Freons/NNS I/PRP mean/VBP ,/, for/IN air/NN cond-/XX ,/,","the one I'm interested the most, I guess, myself, {F uh, } would be [ the, + the ] Freons (( {E I mean } )) , for (( air cond-, )) - /"
sd,A,"the/DT one/CD ,/, I/PRP guess/VBP ,/, that/DT 's/BES the/DT one/CD I/PRP 'm/VBP most/RBS curious/JJ about/IN is/VBZ how/WRB they/PRP 're/VBP going/VBG to/TO replace/VB the/DT Freons/NNS in/IN air-conditioning/NN ./.","the one, I guess, that's the one I'm most curious about is how they're going to replace the Freons in air-conditioning. /"
sd,A,That/DT seemed/VBD to/TO be/VB the/DT biggest/JJS surprise/NN to/IN me/PRP,That seemed to be the biggest surprise to me /
%,A,"and/CC whether/IN ,/,","{C and } whether, - /"
sd,A,"when/WRB they/PRP replace/VBP it/PRP ,/, you/PRP know/VBP ,/, they/PRP 're/VBP going/VBG to/TO really/RB come/VB up/RP with/IN something/NN that/WDT is/VBZ not/RB just/RB as/RB bad/JJ ./.","when they replace it, {D you know, } they're going to really come up with something that is not just as bad. /"
%,B,"Well/UH ,/, the/DT ,/, you/PRP know/VBP ,/,","{D Well, } the, {D you know, } - /"
sv,B,"that/DT ,/, that/DT 's/BES another/DT arguable/JJ issue/NN","[ that, + that's ] another arguable issue /"
sd,B,"and/CC I/PRP ,/, I/PRP 've/VBP seen/VBN the/DT ,/, uh/UH ,/, uh/UH ,/, uh/UH ,/,","{C and } [ I, + I've ] seen the, {F uh, } {F uh, } {F uh, } - /"
sv,B,"assuming/VBG you/PRP can/MD buy/VB into/IN global/JJ warming/NN I/PRP bi-/XX ,/,","assuming you can buy into global warming I bi-, -/"
b,A,"Yeah/UH ,/,","Yeah, /"
%,A,"I/PRP ,/, uh/UH ,/, was/VBD ,/, uh/UH ,/, you/PRP know/VBP ,/,","I, {F uh, } was, {F uh, } {D you know, } - /"
sd,A,"where/WRB they/PRP were/VBD all/RB concerned/JJ about/IN that/DT ,/,","where they were all concerned about that, - /"
sd,A,"but/CC that/IN ,/, that/IN it/PRP seems/VBZ to/TO be/VB ,/,","{C but } [ that, + that ] it seems to be, -/"
qy,B,"Well/UH ,/, did/VBD you/PRP see/VBP Carl/NNP Sagan/NNP on/IN SIXTY/NNP MINUTES/NNPS on/IN ,/, uh/UH ,/, when/WRB he/PRP was/VBD talking/VBG about/IN when/WRB if/IN ,/, if/IN the/DT ,/, if/IN the/DT war/NN started/VBD in/IN ,/, in/IN Kuwait/NNP and/CC they/PRP 'd/MD set/VB those/DT ,/, uh/UH ,/, all/DT th-/XX ,/,","{D Well, } did you see Carl Sagan on SIXTY MINUTES [ on, + ] {F uh, } when he was talking about [ when + ] [ [ if, + if ] the, + if the ] war started [ in, + in ] Kuwait and they'd set those, {F uh, } all th-, -/"
nn,A,"No/UH ,/,","No, /"
sd,A,I/PRP heard/VBD about/IN it/PRP though/RB ./.,I heard about it though. /
sd,B,"uh/UH ,/, it/PRP was/VBD ,/, it/PRP was/VBD ,/, it/PRP was/VBD interesting/JJ","{F uh, } [ [ it was, + it was, ] + it was ] interesting /"
sd,B,"but/CC ,/, uh/UH ,/, I/PRP 'm/VBP just/RB curious/JJ what/WP he/PRP has/VBZ to/TO say/VB now/RB that/IN they/PRP 've/VBP got/VBN them/PRP all/RB lit/VBN ./.","{C but, } {F uh, } I'm just curious what he has to say now that they've got them all lit. /"
qy,A,"Was/VBD that/DT before/RB ,/,","Was that before, - /"
sd,A,"I/PRP did/VBD n't/RB see/VB it/PRP ,/,","I didn't see it, /"
qy,A,was/VBD that/DT before/IN they/PRP actually/RB did/VBD that/DT,was that before they actually did that /
qrr,A,"or/CC it/PRP was/VBD w-/XX ,/,","{C or } it was w-, -/"
ny,B,Yes/UH ./.,Yes. /
sd,B,"And/CC his/PRP$ argument/NN was/VBD ,/, uh/UH ,/, was/VBD that/IN ,/, that/IN you/PRP would/MD see/VB a/DT ,/, uh/UH ,/, a/DT year/NN with/IN no/DT summer/NN ./.","{C And } his argument [ was, + {F uh, } was ] [ that, + that ] you would see [ a, + {F uh, } a ] year with no summer."
^2,A,"Because/IN of/IN that/DT ,/,","Because of that,"
+,B,Which/WDT actually/RB happened/VBD ./.,Which actually happened. /
+,A,you/PRP know/VBP ./.,{D you know. } -/
%,B,"And/CC it/PRP ,/, it/PRP ac-/XX ,/,","{C And } [ it, + it ] ac-, - /"
b,B,"yes/UH ,/,","yes, /"
sd,B,"it/PRP actually/RB happened/VBD ,/,","it actually happened, /"
sd,B,"uh/UH ,/, it/PRP was/VBD a/DT volcano/NN erupted/VBD","{F uh, } it was a volcano erupted /"
sd,B,and/CC it/PRP was/VBD high/JJ enough/RB up/RB,{C and } it was high enough up /
sd,B,"but/CC ,/, uh/UH ,/, they/PRP had/VBD some/DT people/NNS from/IN the/DT national/JJ meteorological/JJ center/NN I/PRP think/VBP it/PRP was/VBD MUMBLEx/XX which/WDT is/VBZ the/DT national/NN ,/, anyway/UH ,/, research/NN people/NNS","{C but, } {F uh, } they had some people from the national meteorological center I think it was (( )) which is the national, {D anyway, } research people /"
sd,B,"and/CC they/PRP said/VBD that/IN the/DT ,/, uh/UH ,/, that/IN the/DT pollution/NN would/MD not/RB go/VB high/JJ enough/RB ./.","{C and } they said [ that the, + {F uh, } that the ] pollution would not go high enough. /"
sd,B,"And/CC it/PRP 's/BES going/VBG to/TO be/VB interesting/JJ to/TO see/VB if/IN Carl/NNP Sagan/NNP and/CC his/PRP$ billions/NNS and/CC billions/NNS of/IN stars/NNS ,/,","{C And } it's going to be interesting to see if Carl Sagan and his billions and billions of stars,"
b,A,Right/UH ./.,Right. /
+,B,"may/MD have/VB once/RB made/VBN a/DT mistake/NN ,/,","may have once made a mistake, /"
sd,B,"but/CC th-/DT ,/, th-/DT ,/, th-/DT ,/, the/DT ,/, the/DT com-/XX ,/, the/DT general/NN ,/, the/DT opinion/NN among/IN ,/, among/IN the/DT ,/, uh/UH ,/, meteorologists/NNS at/IN ,/, uh/UH ,/,","{C but } [ [ [ [ [ [ th-, + th-, ] + th-, ] + the, ] + the com-, ] + the general, ] + the ] opinion [ among, + among ] the, {F uh, } meteorologists at, {F uh, } - /"
sd,B,"I/PRP 'm/VBP ,/, uh/UH ,/, member/NN of/IN the/DT American/NNP Meteorological/NNP Society/NNP ,/,","I'm, {F uh, } member of the American Meteorological Society, /"
%,B,"and/CC an-/XX ,/,","{C and } an-, -/"
qy,A,"Are/VBP you/PRP d-/XX ,/,","Are you d-, - /"
qy^d,A,you/PRP did/VBD n't/RB work/VB at/IN T/NNP I/NNP ?/.,you didn't work at T I? /
ny,B,"Yeah/UH ,/,","Yeah, /"
sd,B,I/PRP do/VBP ./.,I do. /
bk,A,"Oh/UH ,/, okay/UH ./.","{F Oh, } okay. /"
sd,B,"But/CC I/PRP 'm/VBP ,/, uh/UH ,/, I/PRP ,/, th-/XX ,/, I/PRP did/VBD that/DT in/IN my/PRP$ MUMBLEx/XX ./.","{C But } [ [ I'm, + {F uh, } I, ] + [ th-, + ] I ] did that in my (( )) . -/"
qy,A,"Where/WRB do/VBP you/PRP work/VB in/IN research/NN ,/,","Where do you work in research, /"
%,A,or/CC,{C or } -/
ng,B,"No/UH ,/, I/PRP 'm/VBP a/DT planner/NN ,/, a/DT production/NN planner/NN ./.","No, I'm [ a planner, + a production planner. ] /"
bk,A,"Oh/UH ,/, okay/UH ./.","{F Oh, } okay. /"
sd,B,"But/CC I/PRP ,/, I/PRP ,/, I/PRP 'm/VBP in/IN the/DT active/JJ reserves/NNS as/IN a/DT weatherman/NN ,/,","{C But } [ [ I, + I, ] + I'm ] in the active reserves as a weatherman, /"
%,B,so/RB ./.,{C so. } -/
bk,A,"Oh/UH ,/, okay/UH ,/,","{F Oh, } okay, /"
b,A,yeah/UH ./.,yeah. /
sd,B,"Uh/UH ,/, I/PRP ,/, I/PRP keep/VBP up/RP from/IN time/NN to/IN time/NN ,/,","{F Uh, } [ I, + I ] keep up from time to time, /"
sd,B,"but/CC what/WP the/DT ,/, the/DT argument/NN is/VBZ that/IN ,/, uh/UH ,/, that/IN ,/, uh/UH ,/, maybe/RB there/EX is/VBZ n't/RB global/JJ warming/NN and/CC maybe/RB there/EX is/VBZ ./.","{C but } what [ [ the, + the ] argument is [ that, + {F uh, } that, ] {F uh, } maybe there isn't global warming and maybe there is. /"
sd,B,"But/CC ,/, um/UH ,/, if/IN there/EX is/VBZ ,/, uh/UH ,/, we/PRP probably/RB could/MD do/VB something/NN about/IN it/PRP now/RB ,/,","{C But, } {F um, } if there is, {F uh, } we probably could do something about it now, /"
b,A,Yeah/UH ./.,Yeah. /
sd,B,"and/CC if/IN there/EX is/VBZ n't/RB ,/, if/IN there/EX is/VBZ n't/RB and/CC we/PRP do/VBP some/DT the/DT right/JJ things/NNS ,/, I/PRP think/VBP ,/,","{C and } [ if there isn't, + if there isn't ] and we do some the right things, I think, - /"
qo,B,"how/WRB do/VBP you/PRP feel/VB about/IN ,/, about/IN all/PDT this/DT smog/NN and/CC th-/XX ,/, stuff/NN on/IN cars/NNS ./.","how do you feel [ about, + about ] all this smog and [ th-, + ] stuff on cars. /"
sd,A,"Uh/UH ,/, well/UH ,/, I/PRP 'm/VBP kind/RB of/RB a/DT car/NN buff/NN myself/PRP ,/,","{F Uh, } {D well, } I'm kind of a car buff myself, /"
sd,A,"I/PRP was/VBD going/VBG to/TO ask/VB you/PRP another/DT question/NN ,/,","I was going to ask you another question, /"
sd,A,"but/CC ,/, uh/UH ,/, I-/XX ,/, I/PRP 'll/MD do/VB that/DT in/IN a/DT minute/NN ./.","{C but, } {F uh, } [ I-, + I'll ] do that in a minute. /"
sv,A,"I/PRP ,/, I/PRP think/VBP that/IN the/DT changing/NN ,/, you/PRP know/VBP ,/, from/IN leaded/VBN fuel/NN was/VBD a/DT tremendous/JJ advantage/NN ,/, you/PRP know/VBP ,/, no-/XX ,/, not/RB using/VBG .../:","[ I, + I ] think that the changing, {D you know, } from leaded fuel was a tremendous advantage, {D you know, } [ no-, + not ] using ... -/"
qy,B,"Well/UH ,/, do/VBP you/PRP have/VB an/DT older/JJR car/NN ?/.","{D Well, } do you have an older car? /"
nn,A,"No/UH ,/,","No, /"
nn,A,"no/UH ,/,","no, /"
nn,A,no/UH ./.,no. /
sd,B,"I/PRP ,/, I/PRP have/VBP been/VBN working/VBG on/IN an/DT older/JJR car/NN","[ I, + I ] have been working on an older car /"
%,B,"but/CC it/PRP to-/XX ,/,","{C but } it to-, - /"
%,B,yeah/UH ./.,yeah. /
bh,A,Really/UH ?/.,Really? /
sd,A,"Oh/UH ,/, I/PRP 'm/VBP a/DT car/NN buff/NN too/RB ,/,","{F Oh, } I'm a car buff too, /"
ad,A,"we/PRP ought/MD to/TO wor-/XX ,/, talk/VB about/IN that/DT one/CD day/NN ,/, uh/UH ,/, uh/UH ,/,","we ought to [ wor-, + ] talk about that one day, {F uh, } {F uh, } /"
sd,B,"Well/UH ,/, I/PRP 'm/VBP restoring/VBG one/CD ./.","{D Well, } I'm restoring one. /"
sd,A,"I/PRP think/VBP you/PRP can/MD use/VB the/DT ,/, you/PRP can/MD use/VB high/JJ ,/, you/PRP know/VBP ,/, the/DT ninety-two/CD percent/NN ,/, uh/UH ,/, ninety-two/CD octane/NN I/PRP do/VBP n't/RB think/VB you/PRP 'll/MD have/VB any/DT trouble/NN ./.","I think [ you can use the, + you can use ] [ high, + ] {D you know, } the [ ninety-two percent, + {F uh, } ninety-two ] octane I don't think you'll have any trouble. /"
sd,B,I/PRP 'm/VBP not/RB having/VBG any/DT problem/NN it/PRP 's/BES a/DT seventy/CD ./.,I'm not having any problem it's a seventy. /
b,A,"Oh/UH ,/, yeah/UH ./.","{F Oh, } yeah. /"
b,A,Yeah/UH ./.,Yeah. /
%,B,And/CC the/DT ./.,{C And } the. -/
"fo_o_fw_""_by_bc",A,"No/UH ,/,","No, /"
%,A,"I/PRP ,/, I/PRP think/VBP ,/, uh/UH ,/,","[ I, + I ] think, {F uh, } - /"
sd,A,"I/PRP ,/, uh/UH ,/, work/VBP on/IN my/PRP$ own/JJ cars/NNS","I, {F uh, } work on my own cars /"
sd,A,"and/CC ,/, uh/UH ,/, I/PRP do/VBP n't/RB think/VB that/DT 's/BES a/DT problem/NN ./.","{C and, } {F uh, } I don't think that's a problem. /"
%,A,"I/PRP thought/VBD ,/,","I thought, - /"
sd,A,"I/PRP 'm/VBP saying/VBG ,/, I/PRP was/VBD glad/JJ to/TO get/VB rid/VBN of/IN leaded/VBN gasoline/NN ,/,","I'm saying, I was glad to get rid of leaded gasoline, /"
%,A,'n/XX ./.,'n. -/
qy,B,"But/CC did/VBD you/PRP have/VB another/DT ques-/NN ,/,","{C But } did you have another ques-, - /"
sd,B,"you/PRP said/VBD you/PRP had/VBD another/DT quest-/NN ,/,","you said you had another quest-, -/"
%,A,"Uh/UH ,/, oh/UH ,/, ye-/XX ,/,","{F Uh, } {F oh, } ye-, - /"
%,A,"i-/XX ,/,","i-, - /"
na,A,"the/DT same/JJ thing/NN about/IN the/DT war/NN ,/, uh/UH ,/, or/CC related/VBD to/IN the/DT war/NN on/IN ,/,","the same thing about the war, {F uh, } or related to the war on, - /"
sd,A,I/PRP was/VBD watching/VBG C/NNP N/NNP N/NNP,I was watching C N N /
sd,A,"and/CC I/PRP can/MD not/RB remember/VB what/WP station/NN it/PRP was/VBD ,/,","{C and } I cannot remember what station it was, /"
%,A,"what/WP ,/,","what, - /"
qy,A,"did/VBD you/PRP see/VB the/DT advertisements/NNS ,/, uh/UH ,/, where/WRB they/PRP talked/VBD about/IN nuclear/JJ war/NN ,/, what/WP that/DT would/MD have/VB been/VBN like/IN in/IN changing/VBG the/DT atmosphere/NN ,/,","did you see the advertisements, {F uh, } where they talked about nuclear war, what that would have been like in changing the atmosphere, /"
sv,A,"it/PRP is/VBZ so/RB scary/JJ that/IN I/PRP hope/VBP that/IN every/DT one/CD of/IN the/DT government/NN officials/NNS saw/VBD that/DT because/IN it/PRP was/VBD just/RB total/JJ disaster/NN ,/, you/PRP know/VBP ./.","it is so scary that I hope that every one of the government officials saw that because it was just total disaster, {D you know. } /"
%,B,"Uh/UH ,/, e-/XX ,/,","{F Uh, } e-, -/"
qy,A,"Did/VBD you/PRP see/VB any/DT of/IN those/DT ,/, uh/UH ,/, I/PRP ,/,","Did you see any of those, {F uh, } I, - /"
%,A,"it/PRP was/VBD ,/,","it was, -/"
nn,B,"No/UH ,/,","No, /"
sd,B,"I/PRP did/VBD n't/RB see/VB that/DT ,/, that/DT ,/,","I didn't see (( that )) , that, /"
%,B,"I/PRP know/VBP that/IN the/DT ,/, uh/UH ,/,","I know that the, {F uh, } - /"
%,B,that/DT 's/BES .../:,that's ... -/
sd,A,"It/PRP must/MD have/VB been/VBN channel/NN thirteen/CD ,/,","It must have been channel thirteen, /"
sd,A,"I/PRP do/VBP n't/RB recall/VB ,/,","I don't recall, /"
sd,A,"although/IN ,/, I/PRP thought/VBD it/PRP was/VBD on/IN C/NNP N/NNP N/NNP ,/, oh/UH ,/,","although, I thought it was on C N N, {F oh, } /"
%,A,"I/PRP ,/,","I, -/"
%,B,"Well/UH ,/, that/DT ,/,","{D Well, } that, - /"
sd,B,they/PRP called/VBD nuclear/JJ winner/NN,they (( called nuclear winner )) - /
sv,B,"and/CC ,/, and/CC I/PRP suppose/VBP that/DT 's/BES ,/, that/DT 's/BES the/DT ultimate/JJ ,/, uh/UH ,/, pollution/NN problem/NN ./.","[ {C and, } + {C and } ] I suppose [ that's, + that's ] the ultimate, {F uh, } pollution problem. /"
sd,A,"It/PRP was/VBD a/DT somewhat/RB of/IN a/DT commercial/NN because/IN it/PRP c-/XX ,/, I/PRP saw/VBD it/PRP regularly/RB","It was a somewhat of a commercial because it [ c-, + ] I saw it regularly /"
sd,A,and/CC it/PRP showed/VBD that/DT,{C and } it showed that /
sd,A,and/CC it/PRP was/VBD really/RB devastating/JJ,{C and } it was really devastating /
%,A,"and/CC ,/, it/PRP would/MD ,/, uh/UH ,/,","{C and, } (( it would, {F uh } )) , -/"
%,B,"Well/UH it/PRP ,/,","{D Well } it, -/"
sd,A,how/WRB much/JJ ash/NN would/MD fall/VB,how much ash would fall /
sd,A,"and/CC ,/, and/CC how/WRB it/PRP would/MD essentially/RB literally/RB destroy/VB the/DT world/NN ,/, you/PRP know/VBP ./.","[ {C and, } + {C and } ] how it would essentially literally destroy the world, {D you know. } /"
sd,B,"Well/UH ,/, MUMBLEx/XX the/DT Chernobyl/NNP accident/NN ,/, uh/UH ,/,","{D Well, } (( )) the Chernobyl accident, {F uh, } - /"
sd,B,"actually/UH ,/, um/UH ,/, because/IN the/DT circulation/NN budget/NN as/RB high/JJ as/IN it/PRP went/VBD ,/, uh/UH ,/, covered/VBN ,/, uh/UH ,/, a/DT fairly/RB remarkable/JJ amount/NN","{D actually, } {F um, } {C because } the circulation budget as high as it went, {F uh, } covered, {F uh, } a fairly remarkable amount /"
sd,B,they/PRP did/VBD some/DT tracers/NNS,they did some tracers /
%,B,and/CC they/PRP,{C and } they - /
sv,B,"I/PRP ,/, I/PRP think/VBP it/PRP 's/BES drawn/VBN in/IN ,/, uh/UH ,/,","[ I, + I ] think it's (( drawn )) in, {F uh, } - /"
sv,B,"I/PRP think/VBP ,/, gets/VBZ in/IN there/RB","I think, gets in there /"
^h,B,"MUMBLEx/XX I/PRP ca/MD n't/RB think/VB of/IN the/DT other/JJ trace/NN ,/,","(( )) I can't think of the other trace, /"
sd,B,"but/CC I/PRP saw/VBD a/DT ,/, a/DT presentation/NN on/IN ,/, on/IN that/DT","{C but } I saw [ a, + a ] presentation [ on, + on ] that /"
%,B,"and/CC they/PRP ,/,","{C and } they, - /"
sv,B,"it/PRP went/VBD quite/RB a/DT long/JJ ways/NNS but/CC I/PRP ,/, I/PRP ,/, I/PRP guess/VBP I/PRP can/MD be/VB a/DT little/JJ sympathetic/JJ","it went quite a long ways {C but } [ [ I, + I, ] + I ] guess I can be a little sympathetic /"
sd,B,"but/CC ,/, you/PRP know/VBP ,/, there/EX 's/BES some/DT argument/NN that/IN in/IN ,/, in/IN ,/, in/IN the/DT blue/JJ grass/NN of/IN Kentucky/NNP that/IN the/DT Smoky/NNP Mountains/NNPS that/IN that/DT 's/BES the/DT ,/, uh/UH ,/, the/DT pine/NN trees/NNS giving/VBG off/RP pollution/NN","{C but, } {D you know, } there's some argument that [ [ in, + in, ] + in ] the blue grass of Kentucky that the Smoky Mountains [ that + that's ] [ the, + {F uh, } the ] pine trees giving off pollution /"
%,B,"and/CC ,/,","{C and, } -/"
b,A,"Oh/UH ,/, really/UH ,/,","{F Oh, } really, /"
b,A,"yeah/UH ,/,","yeah, /"
sv,A,"there/EX ,/, there/EX 's/BES probably/RB a/DT lot/NN of/IN natural/JJ things/NNS ,/, uh/UH ,/,","[ there, + there's ] probably a lot of natural things, {F uh, } /"
%,B,"But/CC the/DT ,/,","{C But } the, - /"
sv,B,"but/CC when/WRB you/PRP se-/XX ,/, when/WRB you/PRP get/VBP up/IN in/IN the/DT morning/NN in/IN ,/, in/IN Dallas/NNP and/CC ,/, and/CC see/VBP all/PDT that/DT haze/NN from/IN west/JJ Texas/NNP ,/,","{C but } [ when you se-, + when you ] get up in the morning [ in, + in ] Dallas [ and, + and ] see all that haze from west Texas,"
b,A,Yeah/UH ./.,Yeah. /
+,B,"is/VBZ that/DT ,/, is/VBZ that/DT pollution/NN ?/.","[ is that, + is that ] pollution? /"
%,A,"Uh/UH ,/, it/PRP ,/,","{F Uh, } it, - /"
sv,A,"I/PRP guess/VBP it/PRP 's/HVS got/VBN to/TO be/VB really/RB ,/,","I guess it's got to be really, - /"
h,A,"I/PRP do/VBP n't/RB know/VB ,/,","I don't know, /"
sd,A,"I/PRP do/VBP n't/RB know/VB if/IN it/PRP 's/BES air/NN pollution/NN it/PRP 's/BES ,/, uh/UH ,/, it/PRP 's/BES dust/NN pollution/NN whether/IN it/PRP 's/BES natural/JJ or/CC not/RB I/PRP do/VB n't/RB know/VB ./.","I don't know if it's air pollution [ it's, + {F uh, } it's ] dust pollution whether it's natural or not I don't know. /"
%,B,"Well/UH ,/, it/PRP ,/,","{D Well, } it, - /"
sv,B,"that/DT 's/BES the/DT thing/NN is/VBZ that/IN I/PRP think/VBP ,/, I/PRP think/VBP Dallas/NNP really/RB does/VBZ have/VBP a/DT problem/NN in/IN this/DT ,/,","that's the thing is that [ I think, + I think ] Dallas really does have a problem in this, /"
sv,B,"the/DT idea/NN if/IN we/PRP could/MD get/VB some/DT cleaner/JJR fuel/NN ,/, burning/NN fuel/NN ,/,","the idea if we could get some cleaner [ fuel, + burning fuel, ] - /"
sv,B,"the/DT problem/NN is/VBZ ,/, is/VBZ it/PRP 's/BES like/IN Los/NNP Angeles/NNP ./.","the problem [ is, + is ] it's like Los Angeles. /"
sv,B,"People/NNS do/VBP n't/RB ,/, people/NNS do/VBP n't/RB want/VB to/TO use/VB mass/NN transit/NN ,/,","[ People don't, + people don't ] want to use mass transit, /"
%,B,so/RB ./.,{C so. } -/
b,A,Yeah/UH ./.,Yeah. /
b,A,"Oh/UH ,/, yeah/UH ,/,","{F Oh, } yeah, /"
sd,A,"well/RB ,/, I/PRP live/VBP in/IN Arlington/NNP","{D well, } I live in Arlington /"
sd,A,"and/CC there/EX ,/, there/EX ,/, there/EX are/VBP no/DT buses/NNS ./.","{C and } [ [ there, + there, ] + there ] are no buses. /"
sd,A,"I/PRP mean/VBP ,/, there/EX ,/, there/EX is/VBZ ,/,","{E I mean, } [ there, + there ] is, - /"
sd,A,"the/DT only/JJ school/NN bus/NN ,/, the/DT only/JJ buses/NNS you/PRP see/VBP are/VBP school/NN buses/NNS ,/,","[ the only school bus, + the only buses ] you see are school buses, /"
%,A,so/RB ./.,{C so. } -/
qh,B,"But/CC who/WP wants/VBZ to/TO ,/, who/WP wants/VBZ to/TO ,/, um/UH ,/, ride/VB a/DT bus/NN ?/.","{C But } [ who wants to, + who wants to, ] {F um, } ride a bus? /"
%,A,"Well/UH ,/, I/PRP know/VBP it/PRP ,/, it/PRP 's/BES ,/, uh/UH ,/, you/PRP know/VBP ,/,","{D Well, } I know [ it, + it's, ] {F uh, } {D you know, } - /"
%,A,"the/DT car/NN is/VBZ ,/,","the car is, - /"
sd,A,"we/PRP have/VBP this/DT big/JJ romance/NN with/IN the/DT car/NN ,/,","we have this big romance with the car, /"
sd,A,"but/CC ,/, uh/UH ,/, I/PRP think/VBP people/NNS are/VBP ,/, would/MD be/VB interested/JJ if/IN you/PRP had/VBD one/CD ,/, I/PRP mean/VBP ./.","{C but, } {F uh, } I think people [ are, + ] would be interested if you had one, {E I mean. } /"
sd,B,"Well/UH ,/, my/PRP$ boss/NN drives/VBZ forty/CD miles/NNS one/CD way/NN each/DT day/NN ./.","{D Well, } my boss drives forty miles one way each day. /"
b,A,Yeah/UH ./.,Yeah. /
sd,B,And/CC one/CD of/IN the/DT guys/NNS that/WDT works/VBZ with/IN me/PRP drives/VBZ forty-five/CD miles/NNS ./.,{C And } one of the guys that works with me drives forty-five miles. /
b,A,Yeah/UH ./.,Yeah. /
sd,B,"And/CC ,/, and/CC they/PRP do/VBP n't/RB think/VB it/PRP ,/,","[ {C And, } + {C and } ] they don't think it, - /"
sv,B,"well/UH ,/, I/PRP guess/VBP they/PRP do/VBP think/VB something/NN of/IN it/PRP","{D well, } I guess they do think something of it /"
%,B,"but/CC ,/, um/UH ,/, not/RB even/RB to/TO ,/, you/PRP know/VBP ,/,","{C but, } {F um, } not even to, {D you know, } - /"
sv,B,"you/PRP consider/VBP how/WRB much/JJ ,/, um/UH ,/,","you consider how much, {F um, } - /"
sd,B,"but/CC then/RB you/PRP get/VBP into/IN all/PDT these/DT issues/NNS of/IN ,/, of/IN whether/IN it/PRP ,/, it/PRP 's/BES the/DT types/NNS of/IN pollution/NN and/CC what/WP it/PRP 's/BES doing/VBG to/IN your/PRP$ lungs/NNS","{C but } then you get into all these issues [ of, + of ] whether [ it, + it's ] the types of pollution and what it's doing to your lungs /"
sd,B,"and/CC ,/,","{C and, }"
b,A,Yeah/UH ./.,Yeah. /
+,B,"are/VBP we/PRP going/VBG to/TO die/VB of/IN ,/, of/IN respiratory/JJ ,/,","are we going to die [ of, + of ] respiratory, - /"
sd,B,"so/RB ,/, we/PRP all/DT move/VBP out/IN of/IN the/DT ,/, out/IN of/IN downtown/NN","{C so, } we all move out [ of the, + out of ] downtown /"
sd,B,"so/IN we/PRP get/VBP away/RB from/IN the/DT ,/, the/DT smog/NN ./.","{C so } we get away from [ the, + the ] smog. /"
sd,B,"My/PRP$ ,/, my/PRP$ wife/NN grew/VBD up/RP in/IN southern/JJ California/NNP","[ My, + my ] wife grew up in southern California /"
sd,B,"and/CC they/PRP moved/VBD out/IN to/IN the/DT valley/NN before/IN Los/NNP Angeles/NNP ,/, uh/UH ,/, wh-/XX ,/, when/WRB the/DT valley/NN was/VBD clean/JJ ./.","{C and } they moved out to the valley [ before Los Angeles, + ] {F uh, } [ wh-, + when ] the valley was clean. /"
b,A,Yeah/UH ./.,Yeah. /
sd,B,And/CC now/RB the/DT valley/NN is/VBZ not/RB,{C And } now the valley is not /
sd,B,"and/CC so/RB people/NNS move/VBP out/RB one/CD more/JJR valley/NN and/CC ,/,","{C and so } people move out (( one more )) valley and, -/"
sd,A,"Well/UH ,/, you/PRP said/VBD you/PRP were/VBD car/NN buff/NN ,/, uh/UH ,/,","{D Well, } you said you were car buff, {F uh, } /"
sv,A,"I/PRP think/VBP that/IN ,/, uh/UH ,/, all/DT of/IN us/PRP could/MD use/VB one/CD electric/JJ car/NN right/RB now/RB ,/, I/PRP mean/VBP ,/, today/RB ,/,","I think that, {F uh, } all of us could use one electric car right now, {E I mean, } today,"
+,A,"because/IN I/PRP think/VBP ,/, uh/UH ,/, you/PRP said/VBD people/NNS drive/VBP forty/CD miles/NNS and/CC fifty/CD whatever/WDT ,/,","because I think, {F uh, } you said people drive forty miles and fifty whatever, /"
b,A,"yeah/UH ,/,","yeah, /"
sd,A,when/WRB you/PRP go/VBP to/IN trips/NNS and/CC all/DT you/PRP can/MD have/VB one/CD gasoline/NN car/NN,when you go to trips and all you can have one gasoline car /
sd,A,"but/CC I/PRP think/VBP we/PRP all/DT could/MD ,/, in/IN a/DT family/NN ,/, say/UH ,/, have/VB an/DT electric/JJ car/NN where/WRB my/PRP$ ,/, one/CD of/IN my/PRP$ daughters/NNS or/CC my/PRP$ wife/NN ,/, my/PRP$ wife/NN ,/, she/PRP could/MD use/VB one/CD now/RB if/IN they/PRP had/VBD one/CD ,/, you/PRP know/VBP ,/,","{C but } I think we all could, in a family, {D say, } have an electric car where [ my, + ] one of my daughters or [ my wife, + my wife, ] she could use one now if they had one, {D you know, }"
+,A,"because/IN they/PRP ,/, she/PRP do/VBP n't/RB even/RB ,/, she/PRP does/VBZ n't/RB put/VB fifty/CD miles/NNS a/DT day/NN on/IN the/DT car/NN ./.","because [ they, + ] [ she don't even, + she doesn't ] put fifty miles a day on the car. /"
+,B,"General/NNP Motors/NNPS apparently/RB has/VBZ one/CD that/IN they/PRP 're/VBP ,/, they/PRP 're/VBP testing/VBG ,/,","General Motors apparently has one that [ they're, + they're ] testing, /"
sd,B,"I/PRP think/VBP it/PRP 's/BES ,/, no/UH ,/, it/PRP 's/BES alcohol/NN vehicles/NNS that/IN they/PRP 're/VBP testing/VBG MUMBLEx/XX ./.","I think [ it's, + {D no, } it's ] alcohol vehicles that they're testing (( )) . /"
aa,A,"No/UH ,/,","No, /"
aa,A,"no/UH ,/,","no, /"
sv,A,you/PRP 're/VBP right/JJ ./.,you're right. /
sd,A,"I/PRP ,/, MUMBLEx/XX I/PRP have/VBP seen/VBN them/PRP","[ I, + (( )) I ] have seen them /"
sd,A,"but/CC ,/, uh/UH ,/, they/PRP have/VBP a/DT battery/NN car/NN ./.","{C but, } {F uh, } they have a battery car. /"
sd,B,"But/CC they/PRP suppose/VBP ,/,","{C But } they suppose, -/"
sd,A,"Uh/UH ,/, I/PRP went/VBD to/IN the/DT auto/NN show/NN this/DT past/JJ week/NN","{F Uh, } I went to the auto show this past week /"
sd,A,"and/CC they/PRP did/VBD not/RB endorse/VB ,/,","{C and } they did not endorse, - /"
sd,A,"now/RB that/IN I/PRP think/VBP of/IN it/PRP ,/,","now that I think of it, - /"
sd,A,"and/CC I/PRP was/VBD so/RB interested/JJ in/IN the/DT auto/NN show/NN I/PRP did/VBD n't/RB think/VB to/TO ask/VB anybody/NN ,/,","{C and } I was so interested in the auto show I didn't think to ask anybody, - /"
sd,A,there/EX were/VBD no/DT electric/JJ cars/NNS ./.,there were no electric cars. /
sd,A,I/PRP was/VBD surprised/JJ,I was surprised /
sd,A,but/CC now/RB that/IN you/PRP just/RB mentioned/VBD that/DT ./.,{C but } now that you just mentioned that. -/
%,B,Huh/UH ./.,{F Huh. } /
sd,B,"Well/UH ,/, the/DT ROAD/NNP and/CC TRACK/NNP was/VBD talking/VBG about/IN that/DT this/DT ,/, apparently/RB General/NNP Motors/NNPS has/VBZ some/DT ,/, uh/UH ,/,","(( {D Well, } the )) ROAD and TRACK was talking about that [ this, + ] apparently General Motors has some, {F uh, } - /"
sd,B,they/PRP apparently/RB think/VBP they/PRP 're/VBP close/RB ./.,they apparently think they're close. /
b,A,Yeah/UH ./.,Yeah. /
sv,A,"I/PRP ,/, I/PRP think/VBP ,/, uh/UH ,/, there/EX could/MD be/VB a/DT lot/NN of/IN peo-/NNS ,/,","[ I, + I ] think, {F uh, } there could be a lot of (( peo-, - /"
%,A,"I/PRP thi/VBP ,/,","I thi-, )) - /"
sv,A,"people/NNS close/JJ this/DT is/VBZ really/RB ,/,","people close this is really, - /"
sd,A,"we/PRP 're/VBP ,/, we/PRP 're/VBP nine/CD years/NNS away/RB or/CC less/JJR ,/, I/PRP guess/VBP ,/, from/IN the/DT next/JJ century/NN and/CC I/PRP think/VBP ,/,","[ we're, + we're ] nine years away or less, I guess, from the next century and I think, /"
sd,B,"Well/UH ,/, th-/XX ,/, there/EX 's/BES still/RB a/DT lot/NN of/IN research/NN ,/,","(( {D Well, } [ th-, )) + there's ] still a lot of research, /"
sd,B,"I/PRP was/VBD over/IN in/IN ,/, in/IN the/DT research/NN lab/NN a/DT couple/NN ,/, I/PRP guess/VBP ,/, it/PRP 's/HVS been/VBN about/RB a/DT month/NN ago/RB","I was over [ in, + in ] the (( research )) lab [ a couple, + ] I guess, it's been about a month ago /"
sd,B,"and/CC saw/VBD this/DT ,/, MUMBLEx/XX research/NN it/PRP was/VBD a/DT little/JJ light/NN that/WDT says/VBZ solar/JJ ,/, solar/JJ powered/VBN research/NN ./.","and saw this, (( )) research (( it was a little light )) that says [ solar, + solar ] powered research. /"
b,A,"Yeah/UH ,/,","Yeah, /"
sd,A,"they/PRP 've/VBP got/VBN a/DT ,/, they/PRP 've/VBP got/VBN a/DT area/NN over/IN in/IN ,/, the/DT S/NN M/NN building/NN too/RB which/WDT is/VBZ ,/, uh/UH ,/,","[ they've got a, + they've got a ] area over in, the (( S M )) building too which is, {F uh, } - /"
sd,A,"but/CC it/PRP 's/BES a/DT solar/JJ ,/, uh/UH ,/,","{C but } it's a solar, {F uh, } - /"
sd,A,"it/PRP 's/BES for/IN ,/, uh/UH ,/, the-/XX ,/, g-/XX ,/,","it's for, {F uh, } (( the-, g-, - /"
sd,A,gots/VBZ some/DT money/NN from/IN a/DT power/NN company/NN,)) (( gots )) some money from a power company /
sd,A,"and/CC it/PRP 's/BES probably/RB more/JJR generating/NN power/NN for/IN ,/, you/PRP know/VBP ,/, uh/UH ,/, electricity/NN ,/, a/DT hundred/CD and/CC twenty/CD volt/NN or/CC whatever/WDT ./.","{C and } it's probably more generating power for, {D you know, } {F uh, } electricity, a hundred and twenty volt or whatever. /"
b,B,Yeah/UH ./.,Yeah. /
qy,B,"Well/UH ,/, do/VBP you/PRP work/VB in/IN that/DT C/SYM building/NN ?/.","{D Well, } do you work in that C building? /"
nn,A,"No/UH ,/,","No, /"
sd,A,I/PRP 'm/VBP actually/RB in/IN the/DT south/JJ building/NN,I'm actually in the south building /
%,A,"but/CC ,/, uh/UH ,/,","{C but, } {F uh, } -/"
sd,B,"Oh/UH ,/, I/PRP 'm/VBP at/IN ,/,","{F Oh, } (( I'm at )) , -/"
sd,A,"I/PRP was/VBD ,/, uh/UH ,/, I/PRP 'm/VBP the/DT facility/NN","[ I was, + {F uh, } I'm ] the (( facility )) - /"
sd,A,"so/RB I/PRP 've/VBP been/VBN in/IN all/DT ,/, most/JJS of/IN the/DT buildings/NNS anyway/RB ./.","{C so } I've been in [ all, + ] most of the buildings anyway. /"
sd,B,"Oh/UH ,/, well/UH ,/, I/PRP 'm/VBP in/IN ,/, I/PRP 'm/VBP in/IN the/DT C/SYM building/NN ,/,","{F Oh, } {D well, } [ I'm in, + I'm in ] (( the )) C building, /"
sd,B,"been/VBN there/RB for/IN ,/, all/DT my/PRP$ life/NN ./.","been there for, all my life. /"
b,A,"Oh/UH ,/, yeah/UH ,/,","{F Oh, } yeah, /"
sd,A,"well/UH ,/, the/DT ,/, the/DT solar/JJ area/NN is/VBZ right/RB ,/, right/RB around/IN from/IN the/DT auditorium/NN now/RB ./.","{D well, } [ the, + the ] solar area is [ right, + right ] around from the auditorium now. /"
%,A,"And/CC it/PRP ,/,","{C And } it, - /"
sd,A,"they/PRP 've/VBP got/VBN several/JJ different/JJ ,/, uh/UH ,/, areas/NNS where/WRB they/PRP 're/VBP called/VBN solar/JJ lab/NN ./.","they've got several different, {F uh, } areas where they're called solar lab. /"
sd,A,"It/PRP 's/BES ,/,","It's,"
b,B,Huh/UH ./.,{F Huh. } /
+,A,"right/RB there/RB on/IN the/DT first/JJ floor/NN you/PRP look/VBP ,/, walk/VB by/IN there/RB ./.","right there on the first floor you [ look, + walk ] by there. /"
%,B,"Well/UH ,/, that/DT 's/HVS been/VBN a/DT con-/XX ,/,","{D Well, } that's been a (( con-, )) - /"
sd,B,"I/PRP know/VBP the/DT focal/JJ plain/NN array/NN is/VBZ they/PRP were/VBD taking/VBG space/NN to/TO ,/, a/DT long/JJ time/NN ./.","I know the focal plain array is they were taking space [ to, + ] a long time. /"
b,A,"Yeah/UH ,/,","Yeah, /"
sd,A,"but/CC the/DT solar/JJ project/NN ,/, you/PRP know/VBP ,/, T/NNP I/NNP 's/HVS been/VBN into/IN it/PRP for/IN years/NNS ,/,","{C but } the solar project, {D you know, } T I's been into it for years, /"
sd,A,"and/CC I/PRP guess/VBP it/PRP 's/BES just/RB not/RB ,/, uh/UH ,/, economical/JJ yet/RB because/IN of/IN the/DT other/JJ fuels/NNS ./.","{C and } I guess it's just not, {F uh, } economical yet because of the other fuels. /"
sv,B,"Well/UH ,/, the/DT problem/NN is/VBZ that/DT gas/NN at/IN a/DT dollar/NN a/DT gallon/NN ,/, you/PRP know/VBP ,/, who/WP wants/VBZ to/TO ,/,","{D Well, } the problem is that gas at a dollar a gallon, {D you know, } who wants to, - /"
b,B,"yeah/UH ,/,","yeah, /"
sv,B,"I/PRP mean/VBP ,/, we/PRP want/VBP to/TO not/RB pollute/VB ,/,","{E I mean, } we want to not pollute, /"
sv,B,"but/CC ,/, uh/UH ,/, at/IN a/DT dollar/NN a/DT gallon/NN ,/, uh/UH ,/, it/PRP 's/BES hard/JJ to/TO beat/VB ,/,","{C but, } {F uh, } at a dollar a gallon, {F uh, } it's hard to beat,"
b,A,Yeah/UH ./.,Yeah. /
+,B,"the/DT amount/NN of/IN energy/NN you/PRP get/VBP from/IN ,/, uh/UH ,/,","the amount of energy you get from, {F uh, } -/"
sd,A,I/PRP 've/VBP seen/VBN some/DT ./.,I've seen some. /
%,A,I/PRP think/VBP,I think - /
sd,A,then/RB again/RB I/PRP 'm/VBP surprised/JJ now/RB I/PRP did/VBD n't/RB think/VB they/PRP 'd/VBD asked/VBN anybody/NN when/WRB I/PRP was/VBD in/IN the/DT auto/NN show/NN ./.,(( then again I'm surprised now I didn't )) think they'd asked anybody when I was in the auto show. /
sd,A,"There/EX was/VBD nothing/NN ,/, uh/UH ,/,","There was nothing, {F uh, } /"
sd,A,"and/CC there/EX was/VBD no/DT ,/, d-/XX ,/, place/NN for/IN air/NN pollution/NN or/CC companies/NNS or/CC anyone/NN there/RB ./.","{C and } there was no, [ d-, + ] place for air pollution or companies or anyone there. /"
sd,A,It/PRP was/VBD just/RB pure/JJ automobiles/NNS ./.,It was just pure automobiles. /
sd,B,"Well/UH ,/, I/PRP thought/VBD I/PRP saw/VBD an/DT ad/NN for/IN Volkswagen/NNP that/WDT had/VBD an/DT alcohol/NN ,/,","{D Well, } I thought I saw an ad for Volkswagen that had an alcohol, -/"
qy,A,There/RB ?/.,There? /
sd,B,they/PRP had/VBD one/CD with/IN spots/NNS on/IN it/PRP and/CC something/NN ./.,they had one with spots on it and something. /
%,A,Huh/UH ./.,{F Huh. } /
ng,B,I/PRP did/VBD n't/RB go/VB,I didn't go /
%,B,"but/CC i-/XX ,/,","{C but } i-, - /"
%,B,"wa-/XX ,/,","wa-, - /"
%,B,"it/PRP was/VBD showing/VBG they/PRP ,/,","it was showing they, - /"
%,B,"I/PRP mean/VBP ,/, uh/UH ,/,","{E I mean, } {F uh, } -/"
sd,A,"I/PRP did/VBD n't/RB see/VB ,/,","I didn't see, /"
sd,B,an/DT article/NN ./.,an article. -/
qy,A,did/VBD you/PRP go/VB ?/.,did you go? /
nn,B,"No/UH ,/,","No, /"
sd,B,"I/PRP did/VBD n't/RB ,/,","I didn't, /"
bk,A,Oh/UH ./.,Oh. /
sd,B,"I/PRP did/VBD n't/RB go/VB ,/,","I didn't go, /"
%,B,"so/RB ./. I/PRP wh-/XX ,/,","{C so. } I wh-, -/"
sd,A,"Uh/UH ,/, I/PRP was/VBD ,/, uh/UH ,/, quite/RB impressed/VBN with/IN all/PDT the/DT cars/NNS ,/, you/PRP know/VBP ,/,","{F Uh, } I was, {F uh, } quite impressed with all the cars, {D you know, } /"
sd,A,the/DT engines/NNS are/VBP so/RB much/RB smaller/JJR now/RB and/CC everything/NN,the engines are so much smaller now and everything /
sd,A,"and/CC they/PRP 're/VBP ,/, they/PRP all/DT have/VBP brand/NN new/JJ engines/NNS ,/, even/RB General/NNP Motors/NNPS ,/, uh/UH ,/,","{C and } [ they're, + they ] all have brand new engines, even General Motors, {F uh, } /"
sd,A,very/RB few/JJ,very few - /
sd,A,"only/RB the/DT Caprice/NNP and/CC them/PRP and/CC the/DT Cadillac/NNP had/VBD eight/CD ,/, uh/UH ,/, the/DT old/JJ V-eights/NNS ,/,","only the Caprice and them and the Cadillac had [ eight, + (( {F uh, } the old )) V-eights, ] /"
sd,A,"they/PRP 're/VBP all/DT brand/NN new/JJ engines/NNS ,/,","they're all brand new engines, /"
sd,A,"uh/UH ,/, of/IN course/NN ,/, they/PRP 're/VBP burning/VBG gasoline/NN ,/, of/IN course/NN ./.","{F uh, } of course, they're burning gasoline, of course. /"
sd,B,They/PRP 've/VBP done/VBN a/DT lot/NN ./.,They've done a lot. /
b,A,"Yeah/UH ,/,","Yeah, /"
%,A,"and/CC ,/, uh/UH ,/, whether/IN ,/, you/PRP know/VBP ,/,","{C and, } {F uh, } whether, {D you know, } - /"
%,A,"that/DT 's/BES one/CD way/NN ,/, you/PRP know/VBP ,/, uh/UH ,/, uh/UH ,/, f-/XX ,/,","that's one way, {D you know, } {F uh, } {F uh, } f-, - /"
sv,A,"on/IN air/NN pollution/NN I/PRP ,/, I/PRP ,/, I/PRP do/VBP n't/RB know/VB if/IN the/DT automobiles/NNS are/VBP the/DT biggest/JJS contributor/NN or/CC not/RB really/RB ./.","on air pollution [ [ I, + I, ] + I ] don't know if the automobiles are the biggest contributor or not really. /"
sd,A,"They/PRP 've/VBP got/VBN catalytic/JJ converters/NNS ,/,","They've got catalytic converters, /"
sd,A,"everyone/NN seem/VB to/TO have/VB gone/VBN to/IN that/DT ,/, whether/IN they/PRP last/VBP ,/, uh/UH ,/, and/CC do/VBP a/DT good/JJ job/NN","everyone seem to have gone to that, whether they last, {F uh, } and do a good job /"
sd,A,"and/CC now/RB that/IN they/PRP ,/, the/DT inspection/NN systems/NNS are/VBP analyzing/VBG that/DT ,/, uh/UH ,/,","{C and } now that [ they, + ] the inspection systems are analyzing that, {F uh, } - /"
qo,A,"well/UH ,/, what/WP do/VBP you/PRP think/VB if/IN you/PRP 're/VBP in/IN that/DT ,/, you/PRP know/VBP ,/, if/IN you/PRP 're/VBP concerned/JJ about/IN that/DT ,/,","{D well, } what do you think [ if you're in that, + {D you know, } if you're concerned about that, ] /"
%,B,"Well/UH ,/, ther-/XX ,/,","{D Well, } ther-, -/"
qw^d,A,"I/PRP mean/VBP ,/, if/IN you/PRP 're/VBP ,/, you/PRP 're/VBP ,/, you/PRP 're/VBP knowledgeable/JJ on/IN that/DT ./.","{E I mean, } if [ [ you're, + you're, ] + you're ] knowledgeable on that. -/"
%,B,"Well/UH ,/, they/PRP ,/, uh/UH ,/,","{D Well, } they, {F uh, } - /"
sd,B,it/PRP 's/BES interesting/JJ though/IN because/IN my/PRP$ cars/NNS are/VBP older/JJR,it's interesting though because my cars are older /
sd,B,"and/CC so/RB I/PRP did/VBD n't/RB have/VB to/TO ,/,","{C and so } I didn't have to, - /"
sd,B,"if/IN you/PRP live/VBP in/IN Dallas/NNP County/NNP you/PRP have/VBP to/TO have/VB your/PRP$ ,/, have/VBP to/TO have/VB it/PRP checked/VBN","if you live in Dallas County you [ have to have your, + have to have ] it checked /"
%,B,"and/CC it/PRP 's/BES MUMBLEx/XX ,/,","{C and } it's (( )) , - /"
sd,B,"I/PRP had/VBD a/DT friend/NN with/IN a/DT Fiero/NNP that/WDT ,/, uh/UH ,/, they/PRP tried/VBD and/CC tried/VBD and/CC tried/VBD and/CC had/VBD all/DT kinds/NNS of/IN terrible/JJ getting/VBG that/DT pinned/VBD","I had a friend with a Fiero that, {F uh, } they tried and tried and tried and had all kinds of terrible getting that (( pinned )) /"
%,B,"and/CC ,/, so/RB ,/, apparently/RB .../:","{C and, so, } apparently ... -/"
