act_tag,speaker,pos,text
qy,B,"Do/VBP you/PRP have/VB a/DT ,/, do/VBP you/PRP have/VB any/DT ,/, uh/UH ,/, major/JJ preferences/NNS as/RB far/RB as/IN television/NN ?/.","[ Do you have a, + do you have any, ] {F uh, } major preferences as far as <breathing> television? /"
^h,A,"T/NN V/NN ,/, uh/UH ,/,","T V, {F uh, } /"
^h,A,trying/VBG to/TO think/VB ./.,trying to think. /
sd,A,"I/PRP was/VBD trying/VBG to/TO think/VB of/IN some/DT while/IN they/PRP were/VBD calling/VBG you/PRP ./. Uh/UH ,/,","I was trying to think of some while they were calling you. {F Uh, } /"
%,A,"I/PRP like/VBP Friday/NNP ,/,","I like Friday, - /"
t1,A,"what/WP is/VBZ it/PRP ,/,","what is it, /"
t1,A,is/VBZ it/PRP Friday/NNP or/CC Saturday/NNP night/NN shows/NNS ./.,is it Friday or Saturday night shows <laughter>. /
sd,A,I/PRP think/VBP it/PRP 's/BES Friday/NNP night/NN ./.,I think it's Friday night. /
b,B,"Uh-huh/UH ,/,","Uh-huh, /"
b,B,yeah/UH ./.,yeah. /
sd,A,"All/PDT the/DT ,/, uh/UH ,/, the/DT one/NN with/IN the/DT two/CD little/JJ girls/NNS in/IN it/PRP ,/, what/WP 's/BES it/PRP called/VBN ./.","[ All the, + {F uh, } the one ] with the two little girls in it, what's it called. /"
b,B,"Yeah/UH ,/,","Yeah, /"
b,B,"uh/UH ,/, oh/UH ,/,","{F uh, } {F oh, } /"
sd,A,Or/CC three/CD little/JJ girls/NNS ./.,Or three little girls. /
b,B,"Yeah/UH ,/,","Yeah, /"
sd,B,"the/DT ,/, the/DT two/CD twins/NNS play/VBP the/DT ,/, the/DT twins/NNS play/VBP that/DT one/CD that/WDT the/DT youngest/JJS girl/NN ./.","[ [ the, + the ] two twins play the, + the twins play ] [ [ that one + that ] + the ] youngest girl. /"
b,A,Right/UH ./.,Right. /
b,B,"Oh/UH ,/, yeah/UH ./.","{F Oh, } yeah. /"
sd,A,I/PRP really/RB like/VBP that/DT ./.,I really like that. /
qw,A,What/WP 's/BES it/PRP called/VBN ?/.,What's it called? /
no,B,"Uh/UH ,/, I/PRP do/VBP n't/RB know/VB ,/,","{F Uh, } I don't know, /"
sd,B,all/DT I/PRP can/MD think/VB of/IN is/VBZ the/DT name/NN of/IN ALL/NNP IN/IN THE/DT FAMILY/NN,all I can think of is the name of ALL IN THE FAMILY /
sd,B,but/CC that/DT 's/BES not/RB it/PRP ./.,{C but } that's not it. /
x,A,,<Laughter>.
sd,B,FULL/JJ HOUSE/NN ./.,<Laughter> FULL HOUSE. /
aa,A,"Yeah/UH ,/,","Yeah, /"
ba,A,there/RB you/PRP go/VBP ./.,there you go. /
b,B,Yeah/UH ./.,Yeah. /
b^m,A,"Yeah/UH ,/,","Yeah, /"
sd,A,I/PRP really/RB like/VBP that/DT show/NN ./.,I really like that show. /
b,B,"Yeah/UH ,/,","Yeah, /"
sv,B,that/DT is/VBZ good/JJ ./.,that is good. /
%,B,"I/PRP ,/, I/PRP like/VBP ,/, uh/UH ,/,","[ I, + I ] like, {F uh, } - /"
sd,B,we/PRP have/VBP cable/NN ./.,we have cable. /
sd,B,"I/PRP really/RB like/VBP watching/VBG the/DT old/JJ NICK/NNP AT/IN NITE/NNP shows/NNS ,/, you/PRP know/VBP ./.","I really like watching the old NICK AT NITE shows, {D you know. }"
b,A,Oh/UH ./.,Oh. /
+,B,Where/WRB you/PRP get/VBP to/TO watch/VB DRAGNET/NNP and/CC MISTER/NNP ED/NNP,Where you get to watch DRAGNET and MISTER ED /
sd,B,"and/CC ,/, uh/UH ,/, we/PRP ,/, we/PRP can/MD watch/VB those/DT all/DT night/NN sometimes/RB if/IN ,/,","{C and, } {F uh, } [ we, + we ] can watch those all night sometimes if, -/"
x,A,,<Laughter>.
sd,B,DONNA/NNP REED/NNP ./.,<Laughter> DONNA REED <laughter>. /
bh,A,"Oh/UH ,/, really/UH ?/.","{F Oh, } really? /"
ny,B,Yeah/UH ./.,Yeah. /
sd,A,"Uh/UH ,/, lately/RB I/PRP 've/VBP been/VBN getting/VBG into/IN talk/NN shows/NNS","{F Uh, } lately I've been getting into talk shows /"
%,A,"and/CC ,/,","{C and } <laughter>, -/"
bh,B,"Oh/UH ,/, yeah/UH ?/.","{F Oh, } yeah? /"
ny,A,"Yeah/UH ,/,","Yeah, /"
sd,A,"just/RB ,/, you/PRP know/VBP ,/, controversy/NN --/:","just, {D you know, } controversy --"
qw,B,Which/WDT --/:,[ [ Which -- +
+,A,"--/: and/CC ,/,","-- and, -/"
+,B,"--/: which/WDT one/NN does/VBZ ,/, which/WDT ones/NNS do/VBP you/PRP like/VB ?/.","-- which one does, ] + which ones do ] you like? /"
sd,A,Just/RB really/RB whatever/WP ./.,Just really whatever. /
b,B,Uh-huh/UH ./.,Uh-huh. /
%,A,"Just/RB as/RB long/JJ ,/,","Just as long, - /"
sd,A,it/PRP depends/VBZ on/IN the/DT subject/NN actually/UH ./.,it depends on the subject {D actually. } /
b,B,Right/UH ./.,Right. /
sd,A,"Where/WRB ,/, where/WRB it/PRP 's/BES more/RBR interesting/JJ ./.","[ Where, + where ] it's more interesting. /"
b,B,Uh-huh/UH ./.,Uh-huh. /
sd,A,Some/DT of/IN them/PRP get/VBP pretty/RB boring/JJ,Some of them get pretty boring /
%,A,"but/CC ,/,","{C but, } -/"
b,B,Yeah/UH ./.,Yeah. /
x,A,,<Throat_clearing>.
b,B,"Yeah/UH ,/,","Yeah, /"
sd,B,"uh/UH ,/, there/EX 's/BES that/DT guy/NN ,/,","{F uh, } <throat_clearing> there's that guy, /"
sd,B,"I/PRP think/VBP it/PRP 's/BES out/IN of/IN Dallas/NNP ,/,","I think it's out of Dallas, /"
sd,B,"his/PRP$ name/NN is/VBZ ,/, uh/UH ,/, oh/UH ,/,","his name is, {F uh, } <breathing> {F oh, } /"
sd,B,I/PRP wish/VBP I/PRP could/MD remember/VB his/PRP$ name/NN ./.,I wish I could remember his name. /
qy,A,Is/VBZ he/PRP one/CD of/IN the/DT talk/NN show/NN guys/NNS ?/.,Is he one of the talk show guys? /
ny,B,"Yeah/UH ,/,","Yeah, /"
sd,B,"he/PRP 's/BES ,/, he/PRP 's/BES black/JJ","[ he's, + he's ] black /"
qy,A,Maury/NNP Povich/NNP ?/.,Maury Povich? /
nn,B,"no/UH ,/,","no, /"
sd,B,he/PRP 's/BES black/JJ,he's black /
sd,B,and/CC has/VBZ a/DT bald/JJ head/NN,{C and } has a bald head /
sd,B,and/CC his/PRP$ first/JJ name/NN starts/VBZ with/IN an/DT M/SYM ./.,{C and } his first name starts with an M. /
^h,A,"Huh/UH ,/, let/VB 's/PRP see/VB ./.","{F Huh, } let's see. /"
%,B,"Oh/UH ,/, it/PRP 's/BES like/UH ,/,","{F Oh, } it's like, - /"
sd,B,"his/PRP$ first/JJ name/NN 's/BES like/UH Mar-/NNP ,/, Marlo/NNP or/CC Marlin/NNP ,/,","his first name's like [ Mar-, + Marlo ] or Marlin, /"
sd,B,I/PRP ca/MD n't/RB remember/VB his/PRP$ name/NN ./.,I can't remember his name. /
sd,B,"Anyway/UH ,/, he/PRP always/RB has/VBZ like/UH really/RB strange/JJ shows/NNS like/IN ,/, uh/UH ,/, uh/UH ,/, male/JJ strippers/NNS or/CC female/JJ strippers/NNS or/CC just/RB --/:","{D Anyway, } he always has {D like } really strange shows like, {F uh, } <breathing> {F uh, } <throat_clearing> male strippers or female strippers or <laughter> just --"
b,A,Yeah/UH ./.,Yeah. /
+,B,"--/: really/RB sensationalistic/JJ ,/, you/PRP know/VBP ,/, like/IN what/WP Geraldo/NNP used/VBD to/TO be/VB ./.","-- really sensationalistic, {D you know, } like what Geraldo used to be. /"
b,A,"Yeah/UH ,/,","Yeah, /"
sd,A,"see/VB ,/, I/PRP do/VBP n't/RB ,/, I/PRP do/VBP n't/RB like/VB those/DT ,/,","see, [ I don't, + I don't ] like those, /"
sd,A,I/PRP like/VBP --/:,I like --
sd,B,I/PRP do/VBP n't/RB either/RB ./.,I don't either. /
+,A,"--/: more/RBR controversial/JJ subjects/NNS ,/, I/PRP think/VBP ./.","-- more controversial subjects, I think. /"
b,B,Uh-huh/UH ./.,Uh-huh. /
b,A,"But/CC ,/, I/PRP mean/VBP ,/, yeah/UH ./.","{C But, } {E I mean, } yeah <laughter>. /"
qy,B,Do/VBP you/PRP watch/VB cartoons/NNS a/DT lot/NN ?/.,Do you watch cartoons a lot? /
nn,A,No/UH ./.,No. /
b^m,B,No/UH ./.,No. /
sd,A,"I/PRP 'm/VBP ,/, I/PRP do/VBP n't/RB watch/VB T/NN V/NN that/RB much/RB ,/, uh/UH ,/, anymore/RB ./.","<Laughter> [ I'm, + I ] don't watch T V that much, {F uh, } anymore. /"
%,A,"It/PRP seems/VBZ like/IN ,/, uh/UH ,/,","It seems like, {F uh, } - /"
sd,A,I/PRP 'm/VBP going/VBG to/IN school/NN right/RB now/RB,I'm going to school right now /
%,A,"so/RB ,/,","{C so, } -/"
b,B,"Oh/UH ,/, yeah/UH ,/,","{F Oh, } yeah, /"
qw,B,where/WRB do/VBP you/PRP go/VB to/IN school/NN ?/.,where do you go to school? /
sd,A,B/NNP Y/NNP U/NNP ./.,B Y U. /
bh,B,"Oh/UH ,/, really/UH ?/.","{F Oh, } really? /"
ny,A,"Yeah/UH ,/,","Yeah, /"
sd,A,"so/RB ,/, and/CC I/PRP 'm/VBP working/VBG ,/, too/RB ,/,","[ {C so, } + {C and } ] I'm working, too, /"
sd,A,so/RB --/:,{C so } --
b,B,Uh-huh/UH ./.,Uh-huh. /
+,A,--/: everything/NN keeps/VBZ me/PRP pretty/RB busy/JJ ./.,-- everything keeps me pretty busy. /
b,B,Uh-huh/UH ./.,Uh-huh. /
%,A,"But/CC ,/,","{C But, } -/"
sd,B,I/PRP 'm/VBP going/VBG to/IN U/NNP T/NNP D/NNP here/RB in/IN Dallas/NNP ./.,I'm going to U T D here in Dallas. /
bh,A,"Oh/UH ,/, really/UH ?/.","{F Oh, } really? /"
ny,B,Yeah/UH ./.,Yeah. /
sd,A,My/PRP$ dad/NN taught/VBD there/RB --/:,My dad taught there --
bh,B,"Oh/UH ,/, really/UH ?/.","{F Oh, } really? /"
+,A,"--/: for/IN a/DT while/NN ,/,","-- for a while, /"
ny,A,yeah/UH ./.,yeah. /
qw,B,What/WP did/VBD he/PRP teach/VB ?/.,What did he teach? /
sd,A,"Uh/UH ,/, speech/NN pathology/NN ./.","{F Uh, } speech pathology. /"
sd,B,"Oh/UH ,/, that/DT 's/BES what/WP I/PRP 'm/VBP majoring/VBG in/IN ./.","{F Oh, } that's what I'm majoring in. /"
sd,B,I/PRP 'm/VBP a/DT graduate/JJ student/NN in/IN speech/NN ./.,I'm a graduate student in speech. /
ba,A,"Oh/UH ,/, wow/UH !/.","{F Oh, } wow! /"
b,B,"Yeah/UH ,/,","Yeah, /"
b,B,yeah/UH ./.,<laughter> yeah. /
ba,A,No/DT way/NN ./.,No way. /
qw,A,How/WRB long/JJ have/VBP you/PRP been/VBN there/RB ?/.,How long have you been there? /
sd,B,"Uh/UH ,/, this/DT is/VBZ my/PRP$ first/JJ semester/NN ./.","{F Uh, } this is my first semester. /"
bk,A,"Oh/UH ,/, okay/UH ,/,","{F Oh, } okay, /"
qy^d,A,so/RB you/PRP would/MD n't/RB know/VB him/PRP ./.,so you wouldn't know him. /
ny,B,Yeah/UH ./.,Yeah. /
qw,B,"Who/WP ,/,","[ [ [ [ [ Who, +"
sd,A,"He/PRP ,/,","[ He, +"
+,B,"Who/WP ,/, who/WP ,/, who/WP ,/, what/WP ,/, when/WRB did/VBD he/PRP teach/VB ?/.","Who, ] + who, ] + who, ] + what, ] + when ] did he teach? /"
+,A,"Uh/UH ,/, he/PRP taught/VBD about/RB a/DT year/NN ago/RB ./.","{F Uh, } he ] taught about a year ago. /"
sd,A,"He/PRP used/VBD to/TO work/VB at/IN ,/, uh/UH ,/, uh/UH ,/, University/NNP of/IN Texas/NNP at/IN D-/NNP ,/,","He used to work at, {F uh, } {F uh, } University of Texas at D-, - /"
%,A,"what/WP ,/,","what, - /"
ar,A,"no/UH ,/,","no, /"
ba,A,"uh/UH ,/, oh/UH ,/, shoot/VB ,/,","{F uh, } {F oh, } shoot, /"
sd,A,"I/PRP ca/MD n't/RB remember/VB what/WP it/PRP 's/BES even/RB called/VBN now/RB ,/,","I can't remember what it's even called now, /"
sd,A,"but/CC ,/, uh/UH ,/, he/PRP worked/VBD there/RB for/IN like/IN fifteen/CD years/NNS and/CC then/RB part/GW time/^RB U/NNP T/NNP D/NNP at/IN night/NN ./.","{C but, } {F uh, } he worked there for like fifteen years and then part time U T D at night. /"
b,B,"Oh/UH ,/, yeah/UH ./.","{F Oh, } yeah. /"
sd,A,"And/CC ,/, and/CC then/RB they/PRP stopped/VBD funding/VBG the/DT program/NN there/RB ./.","[ {C And, } + {C and then } ] they stopped funding the program there."
b,B,Uh-huh/UH ./.,Uh-huh. /
+,A,"Uh/UH ,/,","{F Uh, } /"
sd,A,and/CC so/RB now/RB he/PRP 's/BES at/IN Texas/NNP Women/NNP 's/POS University/NNP ./.,{C and so } now he's at Texas Women's University. /
bh,B,"Oh/UH ,/, really/UH ?/.","{F Oh, } really? /"
ny,A,Yeah/UH ./.,Yeah. /
qy,B,"Oh/UH ,/, is/VBZ he/PRP teaching/VBG speech/NN pathology/NN there/RB ?/.","{F Oh, } is he teaching speech pathology there? /"
ny,A,Uh-huh/UH ./.,Uh-huh. /
bk,B,"Okay/UH ,/,","Okay, /"
qw,B,what/WP 's/BES his/PRP$ name/NN ?/.,what's his name? /
sd,A,Allen/NNP Bird/NNP ./.,Allen Bird. /
qy,B,Bird/NNP ?/.,Bird? /
ny,A,Uh-huh/UH ./.,Uh-huh. /
qy,B,B/SYM I/SYM R/SYM D/SYM ?/.,B I R D? /
na,A,Right/UH ./.,Right. /
b,B,"Yeah/UH ,/,","Yeah, /"
sd,B,"he/PRP published/VBD a/DT paper/NN ,/, uh/UH ,/, couple/NN of/IN years/NNS ago/RB ,/, I/PRP think/VBP ,/, did/VBD n't/RB he/PRP ,/, well/UH ,/, one/CD that/WDT I/PRP read/VBD ./.","he published a paper, {F uh, } couple of years ago, I think, {A didn't he, } {D well, } one that I read. /"
qy,B,"Does/VBZ he/PRP publish/VB a/DT little/JJ ,/, quite/PDT a/DT bit/NN ?/.","Does he publish [ a little, + quite a bit? ] /"
na,A,"Uh/UH ,/, somewhat/RB","{F Uh, } somewhat /"
sd,A,"and/CC he/PRP has/VBZ ,/, he/PRP has/VBZ some/DT like/UH different/JJ programs/NNS out/RB ,/,","{C and } [ he has, + he has ] some {D like } different programs out, /"
sd,A,"like/UH I/PRP do/VBP n't/RB know/VB what/WP they/PRP 're/VBP called/VBN ,/,","{D like } I don't know what they're called, /"
%,A,"but/CC they/PRP 're/VBP like/UH ,/,","{C but } they're {D like, } - /"
sd,A,"and/CC he/PRP has/VBZ like/UH little/JJ ani-/NNS ,/, stuffed/JJ animals/NNS with/IN them/PRP and/CC --/:","{C and } he has {D like } little [ ani-, + stuffed animals ] with them and --"
b,B,Uh-huh/UH ./.,Uh-huh. /
+,A,--/: like/UH little/JJ cards/NNS and/CC stuff/NN ./.,-- {D like } little cards and stuff. /
%,A,"I/PRP do/VBP n't/RB know/VB that/DT ,/,","I don't know that, -/"
b,B,"Yeah/UH ,/,","Yeah, /"
b,B,"okay/UH ,/,","okay, /"
b,B,"yeah/UH ,/,","yeah, /"
b,B,"yeah/UH ,/,","yeah, /"
sd,B,"he/PRP has/VBZ a/DT test/NN ,/, he/PRP has/VBZ a/DT testing/NN ,/, yeah/UH ,/,","[ he has a test, + he has [ a testing, + yeah, /"
sd,B,a/DT testing/NN battery/NN ./.,a testing battery. ] ] /
sd,B,"He/PRP uses/VBZ real/JJ ,/,","He uses real, - /"
%,B,"yeah/UH ,/,","yeah, /"
b,A,Right/UH ./.,Right. /
sd,B,"I/PRP re/VBP ,/, I/PRP remember/VBP ./.","[ I re-, + I remember. ] /"
x,A,,<Laughter>.
b,B,"Yeah/UH ,/,","Yeah, /"
ba,B,"well/UH ,/, that/DT 's/BES interesting/JJ ./.","{D well, } that's interesting. /"
b,A,Yeah/UH ./.,Yeah. /
qw,B,"Uh/UH ,/, what/WP are/VBP you/PRP studying/VBG ?/.","{F Uh, } what are you studying? /"
sd,A,"Uh/UH ,/, I/PRP was/VBD ,/, I/PRP am/VBP studying/VBG nursing/NN","{F Uh, } [ I was, + I am ] studying nursing /"
sd,A,but/CC I/PRP 'm/VBP thinking/VBG about/IN changing/VBG right/RB now/RB ./.,{C but } I'm thinking about changing right now <laughter>. /
b,B,Uh-huh/UH ./.,Uh-huh. /
h,A,"I/PRP just/RB ,/, I/PRP do/VBP n't/RB know/VB ,/,","[ I just, + I ] don't know, /"
sd,A,and/CC it/PRP 's/BES really/RB tough/JJ to/TO get/VB into/IN the/DT program/NN down/IN here/RB,{C and } it's really tough to get into the program down here /
sd,A,"so/RB if/IN I/PRP do/VBP n't/RB do/VB that/DT ,/, if/IN I/PRP decide/VBP to/TO stay/VB in/IN nursing/NN I/PRP 'll/MD probably/RB come/VB and/CC go/VB to/IN T/NNP W/NNP U/NNP ./.","{C so } [ if I don't do that, + if I decide to stay in nursing ] I'll probably come and go to T W U. /"
bh,B,"Oh/UH ,/, yeah/UH ?/.","{F Oh, } yeah? /"
ny,A,Yeah/UH ./.,Yeah. /
b^m,B,"Yeah/UH ,/,","Yeah, /"
sd,B,"I/PRP 'm/VBP living/VBG in/IN the/DT T/NNP W/NNP U/NNP dorm/NN across/IN from/IN Collier/NNP ,/, uh/UH ,/,","I'm living in the T W U dorm across from Collier, {F uh, } /"
bh,A,"Oh/UH ,/, really/UH ?/.","{F Oh, } really? /"
ny,B,Yeah/UH,Yeah /
%,B,"and/CC ,/, uh/UH ,/,","{C and, } {F uh, } -/"
sd,A,"My/PRP$ dad/NN used/VBD to/TO teach/VB at/IN Collier/NNP ,/, too/RB ./.","My dad used to teach at Collier, too. /"
b,B,"Yeah/UH ,/,","Yeah, /"
b,B,"yeah/UH ,/,","yeah, /"
sd,B,"that/DT 's/BES ,/, that/DT 's/BES where/WRB the/DT speech/NN program/NN is/VBZ ./. Uh/UH ,/,","[ that's, + that's ] where the speech program is. {F Uh, } /"
sd,B,I/PRP 'm/VBP living/VBG in/IN that/DT dorm/NN,I'm living in that dorm /
sd,B,"and/CC there/EX ,/, all/PDT those/DT nursing/NN majors/NNS ./.","{C and } there, all those nursing majors. - /"
^h,B,"I/PRP ,/, I/PRP tell/VBP you/PRP what/WP ,/,","[ I, + I ] tell you what, /"
sv,B,"that/DT 's/BES ,/, that/DT 's/BES a/DT tough/JJ ,/, that/DT 's/BES a/DT tough/JJ ,/, uh/UH ,/, field/NN ,/, though/RB ./.","[ [ that's, + that's a tough, ] + that's a tough, ] {F uh, } field, though. /"
b,A,Yeah/UH ./.,Yeah. /
sv,B,Nursing/NNP is/VBZ ./.,Nursing is. /
sd,B,"I/PRP ,/, I/PRP have/VBP a/DT lot/NN of/IN respect/NN for/IN those/DT people/NNS ./.","[ I, + I ] have a lot of respect for those people. /"
sv,B,"I/PRP mean/VBP ,/, they/PRP 've/VBP spent/VBN a/DT lot/NN of/IN hours/NNS studying/VBG ./.","{E I mean, } they've spent a lot of hours studying <laughter>. /"
b,A,Uh-huh/UH ./.,Uh-huh. /
qy,B,"So/UH ,/, you/PRP 're/VBP at/IN Baylor/NNP ?/.","{D So, } you're at Baylor? /"
nn,A,"No/UH ,/,","No, /"
sd,A,"I/PRP 'm/VBP at/IN B/NNP Y/NNP U/NNP ,/, in/IN Utah/NNP ./.","I'm at B Y U, in Utah <laughter>. /"
bk,B,"Oh/UH ,/, okay/UH ./.","{F Oh, } okay. /"
b,A,Yeah/UH ./.,Yeah. /
qy^d,B,Brigham/NNP Young/NNP ./.,Brigham Young. /
ny,A,Yeah/UH ./.,Yeah. /
bk,B,"I/PRP see/VBP ,/,","I see, /"
bk,B,all/RB right/JJ ./.,all right. /
sd,A,"So/RB ,/, but/CC ,/, I/PRP get/VBP to/TO come/VB home/RB at/IN ,/, on/IN the/DT nineteenth/JJ","[ {C So, } + {C but, } ] I get to come home [ at, + on ] the nineteenth /"
sd,A,and/CC I/PRP 'm/VBP so/RB excited/JJ ./.,{C and } I'm so excited <laughter>. /
bh,B,"Oh/UH ,/, really/UH ?/.","{F Oh, } really? /"
sd,A,I/PRP 'm/VBP so/RB homesick/JJ ./.,I'm so homesick. /
qy,B,"Do/VBP you/PRP like/VB S-/NNP ,/,","<Laughter> Do you like S-, - /"
qy,B,"it/PRP 's/BES in/IN Salt/NNP Lake/NNP City/NNP ,/, right/JJ ?/.","it's in Salt Lake City, right? /"
arp_nd,A,It/PRP 's/BES in/IN Provo/NNP --/:,It's in Provo --
bh,B,"Oh/UH ,/, is/VBZ it/PRP ?/.","{F Oh, } is it? /"
+,A,--/: actually/UH ./.,-- {D actually. } /
ny,A,"But/CC yeah/UH ,/,","{C But } yeah, /"
sd,A,"I/PRP really/RB ,/, I/PRP really/RB like/VBP it/PRP out/IN here/RB ./.","[ I really, + I really ] like it out here. /"
bh,B,Do/VBP you/PRP ?/.,Do you? /
sd,A,"But/CC ,/, I/PRP 've/VBP been/VBN ,/, I/PRP ,/, I/PRP 've/VBP been/VBN away/RB too/RB long/JJ ./.","{C But, } [ [ I've been, + I, ] + I've been ] away too long. /"
b,B,Uh-huh/UH ./.,Uh-huh. /
sd,B,"I/PRP 'm/VBP from/IN Colorado/NNP ,/,","I'm from Colorado, /"
sd,B,"so/RB I/PRP ,/, I/PRP 've/VBP been/VBN away/RB from/IN there/RB too/RB long/JJ ./.","{C so } [ I, + I've ] been away from there too long <laughter>. /"
%,A,"Uh/UH ,/, how/WRB ,/, how/WRB ,/,","{F Uh, } [ how, + how, ] -/"
