act_tag,speaker,pos,text
"fo_o_fw_""_by_bc",A,Uh-huh/UH ./.,Uh-huh. /
fp,B,Hey/UH Steve/NNP ./.,Hey Steve. /
sd,B,"Uh/UH ,/, They/PRP just/RB ,/, uh/UH ,/, they/PRP just/RB started/VBD a/DT recycling/NN program/NN here/RB ,/, I/PRP think/VBP ./.","{F Uh, } [ They just, + {F uh, } they just ] started a recycling program here, I think. /"
sd,B,"Actually/UH ,/, this/DT is/VBZ my/PRP$ first/JJ experience/NN with/IN recycling/NN program/NN","{D Actually, } this is my first experience with recycling program /"
sd,B,"but/CC ,/, uh/UH ,/, instead/IN of/IN just/RB like/UH tossing/VBG everything/NN away/RB which/WDT I/PRP always/RB felt/VBD bad/JJ about/IN ,/, uh/UH ,/, I/PRP am/VBP starting/VBG to/TO split/VB stu-/NN ,/, split/VB stuff/NN up/RP ./.","{C but, } {F uh, } instead of just {D like } tossing everything away which I always felt bad about, {F uh, } I am starting to [ split stu-, + split stuff ] up. /"
sd,B,The/DT only/JJ disadvantage/NN is/VBZ that/IN they/PRP do/VBP n't/RB pick/VB it/PRP up/RP at/IN the/DT curb/NN ./.,The only disadvantage is that they don't pick it up at the curb. /
sd,B,They/PRP make/VBP me/PRP drive/VB it/PRP like/IN a/DT mile/NN down/IN the/DT road/NN and/CC spit/VB it/PRP out/RP down/IN there/RB ./.,They make me drive it {D like } a mile down the road and spit it out down there. /
qw,B,What/WP are/VBP they/PRP doing/VBG up/IN there/RB ?/.,What are they doing up there? /
sd,A,"Well/UH ,/, here/RB in/IN Saskatoon/NNP ,/, uh/UH ,/, much/JJ the/DT same/JJ thing/NN ./.","{D Well, } here in Saskatoon, {F uh, } <inhaling> much the same thing. /"
sd,A,"There/EX is/VBZ no/DT curb/NN pick/GW up/^NN of/IN ,/, uh/UH ,/, any/DT of/IN the/DT recycled/JJ products/NNS ./.","There is no curb pick up of, {F uh, } any of the recycled products. /"
sd,A,"Uh/UH ,/, we/PRP 're/VBP in/IN a/DT community/NN of/IN about/RB one/CD hundred/CD and/CC eighty/CD thousand/CD people/NNS ./.","{F Uh, } we're in a community of about one hundred and eighty thousand people. /"
sd,A,"Uh/UH ,/, there/EX are/VBP areas/NNS where/WRB we/PRP could/MD ,/, uh/UH ,/,","{F Uh, } there are areas where we could, {F uh, } - /"
sd,A,"actually/RB we/PRP have/VBP a/DT couple/NN of/IN the/DT ,/, uh/UH ,/, handicapped/JJ societies/NNS ,/, types/NNS of/IN places/NNS where/WRB the/DT uh/UH ,/, one/CD they/PRP do/VBP as/IN just/RB a/DT recycling/NN operation/NN and/CC then/RB others/NNS they/PRP collect/VBP the/DT paper/NN and/CC ship/VBP it/PRP to/IN other/JJ retailers/NNS","actually we have a couple of the, {F uh, } handicapped societies, types of places where the {F uh, } <inhaling> one they do as just a recycling operation and then others they collect the paper and ship it to other retailers /"
sd,A,"so/IN ,/, uh/UH ,/, we/PRP are/VBP able/JJ to/TO ,/, uh/UH ,/, have/VB drop/GW off/^NN bins/NNS for/IN news/NN papers/NNS and/CC cardboard/NN and/CC that/DT kind/NN of/IN thing/NN","{C so, } {F uh, } we are able to, {F uh, } have drop off bins for news papers and cardboard and that kind of thing /"
sd,A,"and/CC then/RB there/EX are/VBP ,/, there/EX 's/BES a/DT uh/UH ,/, deposit/NN program/NN on/IN plastic/JJ and/CC glass/JJ containers/NNS ./. Well/UH ,/, primarily/RB soft/JJ drink/NN bottles/NNS","{C and then } [ there are, + there's ] a {F uh, } deposit program on plastic and glass containers. {D Well, } primarily soft drink bottles /"
sd,A,"and/CC so/RB we/PRP are/VBP able/JJ uh/UH to/TO take/VB it/PRP to/IN one/CD of/IN the/DT uh/UH ,/, rehabilitation/NN centers/NNS","{C and so } we are able {F uh } to take it to one of the {F uh, } rehabilitation centers /"
sd,A,and/CC then/RB they/PRP recycle/VBP the/DT containers/NNS ./.,{C and then } they recycle the containers. /
sd,A,They/PRP refund/VBP the/DT deposit/NN which/WDT is/VBZ anywhere/RB from/IN five/CD to/IN fifteen/CD cents/NNS a/DT container/NN,They refund the deposit which is anywhere from five to fifteen cents a container /
%,A,"and/CC then/RB ,/,","{C and then, } -/"
qy^d,B,"The/DT ,/, the/DT deposit/NN 's/BES only/RB on/IN like/UH drink/NN stuff/NN ./.","[ The, + the ] deposits only on {D like } drink stuff. /"
na,A,Right/UH ./.,Right. /
bk,B,Okay/UH ./.,Okay. /
sd,A,"On/IN the/DT ,/, on/IN primarily/RB on/IN soft/JJ drink/NN ,/, pops/NNS and/CC that/DT kind/NN of/IN thing/NN --/:","[ [ On the, + on ] + primarily on ] soft drink, pops and that kind of thing -- /"
b,B,Okay/UH ./.,Okay. /
sd,A,"--/: and/CC ,/, uh/UH ,/, so/RB ,/, they/PRP induce/VBP recycling/NN of/IN plastic/JJ and/CC glass/NN ,/, soft/JJ drink/NN containers/NNS ./.","-- [ {C and, } + {F uh, } {C so, } ] they induce recycling of plastic and glass, soft drink containers. /"
sd,A,"Uh/UH ,/, we/PRP do/VBP have/VB one/CD of/IN the/DT scrape/^NN metal/NN dealers/NNS that/WDT will/MD accept/VB tin/NN and/CC aluminum/NN cans/NNS as/RB well/RB --/:","{F Uh, } we do have one of the scrape metal dealers that will accept tin and aluminum cans as well -- /"
bk,B,"Oh/UH ,/, okay/UH ./.","{F Oh, } okay. /"
sd,A,"--/: and/CC actually/RB the/DT recycler/NN ,/, there/EX is/VBZ a/DT deposit/NN on/IN aluminum/NN pop/NN cans/NNS and/CC beer/NN cans/NNS and/CC so/RB the/DT recycler/NN ,/, uh/UH ,/, with/IN the/DT handicapped/JJ group/NN will/MD also/RB accept/VB those/DT ./.","-- [ {C and } actually the recycler, + {A there is a deposit on aluminum pop cans and beer cans } {C and so } the recycler, ] {F uh, } with the handicapped group will also accept those. /"
sd,A,"So/UH ,/, uh/UH ,/, it/PRP 's/BES fairly/RB ,/, fairly/RB extensive/JJ ,/,","{C So, } {F uh, } it's [ fairly, + fairly ] extensive, /"
sd,A,"but/CC then/RB again/RB it/PRP 's/BES uh/UH ,/, it/PRP 's/BES the/DT initiative/NN of/IN the/DT individual/JJ person/NN because/IN there/EX is/VBZ no/DT coordinated/JJ pick/GW up/^NN by/IN the/DT city/NN ./.","{C but } then again [ it's + {F uh, } it's ] the initiative of the individual person because there is no coordinated pick up by the city. /"
qy,B,"So/UH ,/, did/VBD they/PRP ,/,","{D So, } did they, - /"
qy,B,"you/PRP 're/VBP giving/VBG ,/, are/VBP you/PRP giving/VBG these/DT products/NNS to/IN the/DT handicapped/JJ group/NN","[ you're giving, + are you giving ] these products to the handicapped group /"
qy^d,B,"and/CC the/DT handicapped/JJ group/NN is/VBZ getting/VBG the/DT uh/UH ,/, the/DT money/NN","{C and } the handicapped group is getting the {F uh, } the money /"
qrr,B,"or/CC or/CC are/VBP you/PRP ,/, or/CC are/VBP they/PRP some/DT home/NN distributing/VBG the/DT funds/NNS back/RB to/IN you/PRP ./.","[ [ {C or } + {C or } are you, ] + {C or } are [ they + some home ] ] distributing the funds back to you. /"
sd,A,"Well/UH ,/, actually/RB there/EX 's/BES ,/, there/EX 's/BES the/DT opportunity/NN for/IN both/DT ./.","{D Well, } {D actually } [ there's, + there's ] the opportunity for both. /"
bk,B,Oh/UH ./. Okay/UH ./.,{F Oh. } Okay. /
sd,A,"Generally/RB the/DT ,/, uh/UH ,/, the/DT handicapped/JJ group/NN takes/VBZ care/NN of/IN the/DT things/NNS that/WDT","Generally [ the, + {F uh, } the ] handicapped group takes care of the things that - /"
sd,A,"actually/RB ,/, the/DT government/NN has/VBZ placed/VBN the/DT deposit/NN which/WDT is/VBZ the/DT inducement/NN to/TO re/VB ,/, recycle/VB the/DT bottle/NN so/RB that/IN you/PRP get/VBP your/PRP$ money/NN back/RB","actually, the government has placed the deposit which is the inducement to [ re-, + recycle ] the bottle so that you get your money back /"
sd,A,and/CC then/RB the/DT recycler/NN run/VBN by/IN the/DT handicapped/JJ society/NN pays/VBZ back/RB the/DT cost/NN of/IN that/DT deposit/NN,{C and then } the recycler run by the handicapped society pays back the cost of that deposit /
sd,A,"and/CC then/RB I/PRP ,/, and/CC then/RB they/PRP in/IN turn/NN will/MD get/VB some/DT money/NN from/IN the/DT bottlers/NNS and/CC from/IN the/DT the/DT people/NNS that/WDT do/VBP the/DT canning/NN of/IN the/DT pop/NN and/CC the/DT beer/NN as/RB as/RB well/RB ./.","[ {C and then } I, + {C and then } they ] in turn will get some money from the bottlers and from the the people that do the canning of the pop and the beer [ as + as ] well <noise>. /"
ba,B,That/DT 's/BES very/RB cool/JJ ./.,That's very cool. /
sd,B,"You/PRP know/VBP there/EX 's/BES a/DT ,/, I/PRP heard/VBD about/IN a/DT similar/JJ program/NN in/IN New/NNP York/NNP City/NNP where/WRB ,/, uh/UH ,/, a/DT thing/NN called/VBN like/UH Homeless/NNP Incorporated/NNP or/CC something/NN like/IN that/DT ,/,","{D You know } [ there's a, + I heard about a ] similar program in New York City where, {F uh, } a thing called {D like } Homeless Incorporated or something like that, - /"
sd,B,"but/CC what/WP they/PRP do/VBP is/VBZ employ/VB ,/, uh/UH ,/, homeless/JJ ,/, I/PRP think/VBP mostly/RB men/NNS ,/, but/CC homeless/JJ people/NNS to/TO uh/UH ,/, go/VB out/RB and/CC collect/VB all/PDT the/DT recyclable/JJ cans/NNS","{C but } what they do is employ, {F uh, } [ homeless, + {A I think mostly men, but } homeless ] people to {F uh, } go out and collect all the recyclable cans /"
sd,B,and/CC and/CC I/PRP think/VBP it/PRP 's/BES mostly/RB cans/NNS ./.,[ {C and } + {C and } ] I think it's mostly cans. /
sd,B,"There/EX may/MD be/VB bottles/NNS as/IN well/RB ,/, but/CC like/IN beer/NN cans/NNS ,/, soda/NN cans/NNS and/CC what/WP not/RB","There may be bottles as well, but {D like } beer cans, soda cans and what not /"
sd,B,"and/CC they/PRP ,/, uh/UH ,/, bring/VBP them/PRP up/IN to/IN a/DT one/CD lo-/NN ,/, one/CD centralized/JJ location/NN and/CC ,/, uh/UH ,/, are/VBP able/JJ to/TO collect/VB the/DT money/NN from/IN the/DT various/JJ beer/NN and/CC ,/, and/CC soda/NN manufacturers/NNS and/CC ,/, uh/UH ,/, and/CC get/VBP more/JJR money/NN to/IN these/DT people/NNS that/WDT desperately/RB need/VBP it/PRP ./.","{C and } they, {F uh, } bring them up to [ [ a + one lo-, ] + one centralized location ] and, {F uh, } are able to collect the money from the various beer [ and, + and ] soda manufacturers [ and, + {F uh, } and ] get more money to these people that desperately need it. /"
b,A,Oh/UH yeah/UH ./.,{F Oh } yeah. /
sd,A,"Uh/UH ,/, I/PRP guess/VBP partly/RB because/IN of/IN our/PRP$ climate/NN ./.","{F Uh, } I guess partly because of our climate. - /"
sd,A,"Here/RB in/IN Saskatoon/NNP at/IN least/JJS ,/, the/DT majority/NN of/IN central/JJ ,/, uh/UH ,/,","Here in Saskatoon at least, the majority of central, {F uh, } - /"
sd,A,"well/UH ,/, I/PRP want/VBP to/TO say/VB Central/NNP Canada/NNP ,/,","{D well, } I want to say Central Canada, /"
sd,A,but/CC Central/NNP Canada/NNP tends/VBZ to/TO referred/VBN more/RBR to/IN Ontario/NNP and/CC Quebec/NNP --/:,{C but } Central Canada tends to referred more to Ontario and Quebec -- /
b,B,Yeah/UH ./.,<Laughter> Yeah. /
sd,A,"--/: but/CC ,/, uh/UH ,/, we/PRP do/VBP n't/RB have/VB much/JJ of/IN a/DT situation/NN where/WRB we/PRP might/MD call/VB them/PRP homeless/JJ people/NNS ./.","-- {C but, } {F uh, } <inhaling> we don't have much of a situation where we might call them homeless people. /"
sd,A,"We/PRP certainly/RB have/VBP a/DT fair/JJ number/NN of/IN people/NNS that/WDT are/VBP on/IN welfa-/NN ,/, welfare/NN and/CC unemployment/NN insurance/NN and/CC that/DT kind/NN of/IN thing/NN ./.","We certainly have a fair number of people that are on [ welfa-, + welfare ] and unemployment insurance and that kind of thing. /"
sd,A,"Uh/UH ,/, there/EX 's/BES psychological/JJ pressure/NN against/IN employing/VBG people/NNS to/TO do/VB that/DT kind/NN of/IN thing/NN although/IN ,/, uh/UH ,/, scouts/NNS and/CC hockey/NN teams/NNS and/CC ball/NN teams/NNS ,/, those/DT kinds/NNS ,/, uh/UH ,/, regularly/RB do/VBP bottle/NN drives/NNS where/WRB they/PRP go/VBP around/RB in/IN various/JJ neighborhoods/NNS and/CC collect/VBP the/DT bottles/NNS at/IN individual/JJ homes/NNS ./.","<inhaling> {F Uh, } there's psychological pressure against employing people to do that kind of thing although, {F uh, } scouts and hockey teams and ball teams, those kinds, {F uh, } regularly do bottle drives where they go around in various neighborhoods and collect the bottles at individual homes. /"
qy,B,Do/VBP they/PRP do/VB it/PRP with/IN news/NN papers/NNS as/RB well/RB ?/.,Do they do it with news papers as well? /
sd,A,"They/PRP have/VBP done/VBN it/PRP some/DT ,/, uh/UH ,/,","<Inhaling> They have done it some, {F uh, } /"
sd,A,but/CC we/PRP have/VBP actually/RB quite/PDT an/DT extensive/JJ network/NN of/IN collecting/VBG news/NN papers/NNS ./.,{C but } we have actually quite an extensive network of collecting news papers. /
sd,A,"They/PRP are/VBP actually/RB at/IN ,/, virtually/RB all/DT of/IN the/DT shopping/NN centers/NNS ./. Like/IN the/DT shopping/NN malls/NNS ./.","They are actually at, <inhaling> virtually all of the shopping centers. {D Like } the shopping malls. /"
sd,A,There/EX are/VBP several/JJ containers/NNS where/WRB the/DT group/NN called/VBN Cosmopolitan/NNP Industries/NNPS collects/VBZ,There are several containers where the group called Cosmopolitan Industries collects /
sd,A,or/CC people/NNS can/MD drop/VB their/PRP$ used/JJ news/NN papers/NNS and/CC other/JJ papers/NNS in/IN the/DT bins/NNS,{C or } people can drop their used news papers and other papers in the bins /
sd,A,and/CC then/RB the/DT bins/NNS are/VBP collected/VBN ./.,{C and then } the bins are collected. /
b,B,Huh/UH ./.,{F Huh. } /
%,A,"Uh/UH ,/, some/DT of/IN the/DT ,/,","{F Uh, } some of the, -/"
