act_tag,speaker,pos,text
qy,A,Laurie/NNP ?/.,Laurie? /
ny,B,Yes/UH ./.,Yes. /
"fo_o_fw_""_by_bc",A,Okay/UH ./.,Okay. /
sd,A,"I/PRP 'm/VBP supposed/VBN to/TO ask/VB you/PRP ,/, how/WRB do/VBP you/PRP make/VB use/NN of/IN your/PRP$ credit/NN cards/NNS","I'm supposed to ask you, how do you make use of your credit cards /"
sd,A,"and/CC I/PRP 'm/VBP supposed/VBN to/TO compare/VB those/DT with/IN my/PRP$ ,/, my/PRP$ habits/NNS ./.","{C and } I'm supposed to compare those with [ my, + my ] habits. /"
b,B,Okay/UH ./.,Okay. /
b^m,B,How/WRB do/VBP I/PRP make/VB use/NN of/IN credit/NN cards/NNS ?/.,How do I make use of credit cards? /
ny,A,Yes/UH ./.,Yes. /
^h,B,"Um/UH ,/, let/VB 's/PRP see/VB ./.","{F Um, } let's see. /"
sd,B,I/PRP carry/VBP a/DT lot/NN of/IN credit/NN cards/NNS with/IN me/PRP mostly/RB because/IN I/PRP do/VBP n't/RB ever/RB have/VB cash/NN ./.,I carry a lot of credit cards with me mostly because I don't ever have cash. /
b,A,Right/UH ./.,Right. /
%,B,"And/CC I/PRP don-/XX ,/, I/PRP ,/,","{C And } [ I don-, + I, ] - /"
qy,B,do/VBP you/PRP work/VB for/IN Texas/NNP Instruments/NNPS ?/.,do you work for Texas Instruments? /
nn,A,"No/UH ,/,","No, /"
sd,A,I/PRP do/VBP not/RB ./.,I do not. /
bk,B,Okay/UH ./.,Okay. /
sd,B,"Well/UH ,/, at/IN T/NNP I/NNPS we/PRP have/VBP to/TO use/VB what/WP 's/BES called/VBN a/DT tex/NN teller/NN --/:","{D Well, } at T I we have to use what's called a (( tex teller )) --"
b,A,Uh-huh/UH ./.,Uh-huh. /
+,B,--/: if/IN we/PRP want/VBP to/TO get/VB cash/NN out/IN,-- if we want to get cash out /
sd,B,and/CC those/DT are/VBP only/RB available/JJ at/IN T/NNP I/NNPS ./.,{C and } those are only available at T I. /
b,A,"Oh/UH ,/, okay/UH ./.","{F Oh, } okay. /"
sd,B,So/RB if/IN I/PRP 'm/VBP in/IN a/DT mall/NN or/CC something/NN I/PRP ca/MD n't/RB get/VB cash/NN out/IN without/IN paying/VBG extra/JJ money/NN,{C So } if I'm in a mall or something I can't get cash out without paying extra money /
sd,B,so/RB I/PRP 'm/VBP always/RB using/VBG credit/NN cards/NNS ./.,{C so } I'm always using credit cards. /
b,A,Sure/UH ./.,Sure. /
%,A,"Well/UH ,/, myself/PRP I/PRP always/RB ,/, tr-/XX ,/,","{D Well, } myself I always, tr-, - /"
sd,A,"I/PRP 'm/VBP ,/, I/PRP 'm/VBP a/DT traveling/VBG person/NN --/:","[ I'm, + I'm ] a traveling person -- /"
b,B,Uh-huh/UH ./.,Uh-huh. /
sd,A,--/: and/CC I/PRP 'm/VBP out/IN of/IN town/NN quite/RB a/DT bit/NN,-- {C and } I'm out of town quite a bit /
sd,A,"so/RB I/PRP use/VBP credit/NN cards/NNS quite/RB a/DT lot/NN also/RB as/RB far/RB as/IN everything/NN from/IN service/NN work/NN and/CC gasoline/NN in/IN my/PRP$ car/NN to/IN my/PRP$ lounging/NN ,/, entertainment/NN and/CC for/IN everything/NN ./.","{C so } I use credit cards quite a lot also as far as everything from service work {C and } gasoline in my car to my lounging, entertainment and for everything. /"
aa,B,Uh-huh/UH ./.,Uh-huh. /
aa,B,"Yeah/UH ,/,","Yeah, /"
aa,B,me/PRP too/RB ./.,me too. /
%,A,"So/RB that/DT 's/BES ,/, uh/UH ,/,","{C So } that's, {F uh, } - /"
sd,A,"as/RB far/RB as/IN using/VBG them/PRP outside/IN that/DT I/PRP 'm/VBP not/RB ,/, I/PRP do/VBP n't/RB use/VB them/PRP too/RB much/JJ","as far as using them outside that [ I'm not, + I ] don't use them too much /"
sd,A,"but/CC MUMBLEx/XX I/PRP ,/, I/PRP think/VBP my/PRP$ wife/NN is/VBZ sort/RB of/RB like/IN you/PRP","{C but } (( )) [ I, + I ] think my wife is sort of like you /"
sd,A,"she/PRP uses/VBZ a/DT credit/NN card/NN ,/,","she uses a credit card,"
x,B,,<Laughter>.
+,A,most/RBS of/IN the/DT time/NN ./.,most of the time. /
b,B,Yeah/UH,Yeah /
x,B,./.,<laughter>.
sd,A,So/RB she/PRP does/VBZ most/JJS of/IN the/DT shopping/NN for/IN our/PRP$ household/NN,{C So } she does most of the shopping for our household /
sd,A,so/RB she/PRP 'll/MD use/VB them/PRP more/JJR than/IN I/PRP will/MD ./.,{C so } she'll use them more than I will. /
b,B,Uh-huh/UH ./.,Uh-huh. /
qy,B,But/CC do/VBP you/PRP get/VB to/TO pay/VB the/DT bills/NNS ?/.,{C But } do you get to pay the bills? /
ny,A,Yes/UH ./.,Yes. /
sd,B,Same/JJ at/IN my/PRP$ house/NN ./.,<Laughter> Same at my house <laughter>. /
sd,A,"So/RB it/PRP 's/BES me/PRP I/PRP 'm/VBP always/RB ,/, I/PRP 'm/VBP the/DT guy/NN that/WDT always/RB goes/VBZ to/IN like/IN Dillard/NNP 's/POS","{C So } it's me [ I'm always, + I'm ] the guy <laughter> that always goes to like Dillard's /"
sd,A,and/CC I/PRP 'll/MD go/VB in/IN and/CC charge/VB something/NN,{C and } I'll go in and charge something /
sd,A,and/CC I/PRP 'll/MD have/VB to/TO give/VB them/PRP my/PRP$ driver/NN 's/POS license/NN ./.,{C and } I'll have to give them my driver's license. /
sd,A,They/PRP 'll/MD have/VB to/TO look/VB up/RP the/DT number/NN because/IN I/PRP 'm/VBP never/RB carrying/VBG a/DT credit/NN card/NN ./.,They'll have to look up the number because I'm never carrying a credit card. /
b,B,Uh-huh/UH ./.,Uh-huh. /
b,B,Yeah/UH ./.,Yeah. /
sd,A,"But/CC I/PRP do/VBP carry/VB like/UH my/PRP$ American/NNP Express/NNP and/CC my/PRP$ Visa/NNP which/WDT I/PRP use/VBP for/IN ,/, you/PRP know/VBP ,/, primarily/RB work/NN type/NN things/NNS ./.","{C But } I do carry {D like } my American Express and my Visa which I use for, {D you know, } primarily work type things. /"
b,B,Uh-huh/UH ./.,Uh-huh. /
b,B,Yeah/UH ./.,Yeah. /
sd,A,"This/DT is/VBZ my/PRP$ first/JJ call/NN by/IN the/DT way/NN ,/,","This is my first call by the way, /"
%,A,so/RB ./.,{C so } <laughter>. -/
sd,B,"Oh/UH ,/, it/PRP 's/BES mine/PRP too/RB ./.","{F Oh, } it's mine too. /"
bh,A,"Oh/UH ,/, is/VBZ it/PRP really/RB ?/.","{F Oh, } is it really? /"
ny,B,Yes/UH ./.,<Laughter> Yes. /
ba,A,All/RB right/JJ,All right /
sv,A,so/RB we/PRP 're/VBP both/DT beginners/NNS then/RB ./.,{C so } we're both beginners then. /
b,B,Yeah/UH ./.,Yeah. /
sd,A,I/PRP 've/VBP had/VBN this/DT for/IN a/DT couple/NN weeks/NNS,I've had this for a couple weeks /
sd,A,and/CC I/PRP 've/VBP been/VBN out/IN of/IN town/NN,{C and } I've been out of town /
sd,A,"so/RB this/DT is/VBZ my/PRP$ first/JJ time/NN to/TO ,/,","{C so } this is my first time [ to, +"
b,B,"Oh/UH ,/, okay/UH ./.","{F Oh, } okay. /"
+,A,to/TO use/VB it/PRP ./.,to ] use it. /
b,B,Okay/UH ./.,Okay. /
%,A,"So/RB ,/,","{D So, } -/"
qy,B,"Now/UH ,/, did/VBD you/PRP pick/VB this/DT topic/NN","{D Now, } did you pick this topic /"
qrr,B,or/CC were/VBD you/PRP given/VBN ?/.,{C or } were you given? -/
nn,A,"No/UH ,/,","No, /"
sd,A,I/PRP was/VBD given/VBN this/DT topic/NN ./.,I was given this topic. /
bk,B,I/PRP see/VBP ./.,I see. /
b,B,Okay/UH ./.,Okay. /
b,A,"Yeah/UH ,/,","Yeah, /"
sd,A,"they/PRP give/VBP you/PRP ,/, they/PRP assign/VBP you/PRP a/DT topic/NN ,/,","[ they give you, + they assign you ] a topic, /"
sd,A,"you/PRP call/VBP the/DT eight/CD hundred/CD number/NN ,/,","you call the eight hundred number, /"
b,B,Right/UH ./.,Right. /
qy,A,Have/VBP you/PRP tried/VBN it/PRP yet/RB ?/.,Have you tried it yet? /
nn,B,No/UH ./.,No <laughter>. /
b,A,Okay/UH ./.,Okay. /
sd,A,"When/WRB you/PRP call/VBP the/DT eight/CD hundred/CD number/NN ,/, they/PRP assign/VBP you/PRP a/DT topic/NN and/CC ,/, uh/UH ,/, pretty/RB ,/, uh/UH ,/, cut/JJ and/CC dried/JJ ./.","When you call the eight hundred number, they assign you a topic and, {F uh, } pretty, {F uh, } cut and dried <laughter>. /"
b,B,"Huh/UH ,/,","Huh, /"
b,B,okay/UH ./.,okay. /
^h,B,"Um/UH ,/, let/VB 's/PRP see/VB ./.","{F Um, } let's see. /"
qw,B,So/RB how/WRB long/JJ are/VBP we/PRP supposed/VBN to/TO talk/VB for/IN ?/.,{C So } how long are we supposed to talk for? /
h,A,I/PRP 'm/VBP not/RB sure/JJ ./.,I'm not sure. /
sv,A,"A/DT couple/NN ,/,","A couple, - /"
sv,A,"about/IN two/CD minu-/NNS ,/, three/CD minutes/NNS I/PRP think/VBP ./.","about two [ minu-, + three minutes ] I think. /"
bk,B,Okay/UH ./.,Okay. /
sd,A,But/CC I/PRP really/RB do/VBP n't/RB have/VB too/RB much/RB more/JJR to/TO say/VB in/IN regards/NNS to/IN credit/NN cards/NNS ./.,{C But } I really don't have too much more to say in regards to credit cards. /
%,A,"I/PRP ,/,","I, - /"
sd,A,"one/CD thing/NN I/PRP 've/VBP always/RB tried/VBN to/TO do/VB is/VBZ when/WRB I/PRP get/VBP my/PRP$ credit/NN cards/NNS ,/, I/PRP always/RB try/VBP to/TO pay/VB them/PRP off/RP because/IN I/PRP just/RB sort/RB of/RB detest/VBP paying/VBG interest/NN ./.","one thing I've always tried to do is when I get my credit cards, I always try to pay them off because I just sort of detest paying interest. /"
ba,B,"Oh/UH ,/, yes/UH ./.","{F Oh, } yes. /"
%,A,"And/CC ,/, uh/UH ,/,","{C And, } {F uh, } -/"
aa,B,Definitely/UH ./.,Definitely. /
sd,A,like/UH years/NNS ago/RB my/PRP$ wife/NN and/CC I/PRP got/VBD married/JJ --/:,{D like } years ago my wife and I got married -- /
b,B,Uh-huh/UH ./.,Uh-huh. /
sd,A,"--/: she/PRP was/VBD the/DT one/CD with/IN a/DT little/JJ bit/NN MUMBLEx/XX than/IN I/PRP was/VBD because/IN I/PRP had/VBD my/PRP$ credit/NN cards/NNS ,/, I/PRP think/VBP ,/, up/IN to/IN the/DT limit/NN","-- she was the one with a little bit (( )) than I was because I had my credit cards, I think, up to the limit /"
sd,A,and/CC I/PRP was/VBD giving/VBG everyone/NN ten/CD dollars/NNS a/DT month/NN and/CC everything/NN like/IN that/DT ./.,{C and } I was giving <laughter> everyone ten dollars a month and everything like that. /
b,B,Oh/UH ./.,<Laughter> Oh. /
sv,B,That/DT will/MD cost/VB you/PRP a/DT fortune/NN ./.,That will cost you a fortune. /
sd,A,That/DT was/VBD like/IN thirty/CD years/NNS ago/RB,That was like thirty years ago /
sd,A,so/RB now/RB it/PRP 's/BES a/DT little/JJ different/JJ ./.,{C so } now it's a little different. /
%,A,"We/PRP ,/,","We, - /"
sd,A,I/PRP get/VBP a/DT bill/NN,I get a bill /
sd,A,and/CC I/PRP 'll/MD pay/VB it/PRP the/DT same/JJ day/NN it/PRP comes/VBZ,{C and } I'll pay it the same day it comes /
b,B,"Yes/UH ,/,","Yes, /"
b,B,yes/UH ./.,yes. /
sd,A,and/CC I/PRP just/RB kind/RB of/RB tell/VBP my/PRP$ kids/NNS how/WRB much/JJ I/PRP hate/VBP paying/VBG interest/NN,{C and } I just kind of tell my kids how much I hate paying interest /
sd,A,so/RB they/PRP should/MD follow/VB the/DT same/JJ rule/NN ./.,{C so } they should follow the same rule. /
b,B,That/DT 's/BES right/JJ ./.,That's right. /
b,B,"Well/UH ,/, yeah/UH ,/,","{D Well, } yeah, /"
ba,A,"Oh/UH ,/, you/PRP bet/VBP it/PRP 's/BES ju-/XX ,/,","{F Oh, } you bet it's ju-, -/"
sd,A,it/PRP 's/BES an/DT absolute/JJ savings/NNS ./.,it's an absolute savings. /
sd,B,"Or/CC if/IN you/PRP travel/VBP for/IN work/NN and/CC you/PRP get/VBP your/PRP$ reimbursement/NN before/IN the/DT bill/NN comes/VBZ in/RB ,/,","{C Or } if you travel for work and you get your reimbursement before the bill comes in,"
ba,A,You/PRP bet/VBP ./.,You bet. /
+,B,you/PRP get/VBP to/TO keep/VB the/DT money/NN ./.,you get to <laughter> keep the money. /
sd,A,"That/DT 's/BES ,/, that/DT 's/BES very/RB handy/JJ ./.","[ That's, + that's ] very handy. /"
aa,B,Yeah/UH ./.,Yeah. /
aa,B,It/PRP works/VBZ great/JJ ./.,It works great. /
sd,A,"Well/UH ,/, I/PRP think/VBP that/DT 's/BES all/DT I/PRP have/VBP ./.","{D Well, } I think that's all I have. /"
b,B,Okay/UH ./.,Okay. /
fc,B,"Well/UH ,/, it/PRP was/VBD nice/JJ to/TO meet/VB you/PRP ./.","{D Well, } it was nice to meet you. /"
fc,A,Nice/JJ to/TO meet/VB you/PRP,Nice to meet you /
fc,A,"and/CC ,/, uh/UH ,/, give/VB it/PRP a/DT try/NN ./.","{C and, } {F uh, } give it a try. /"
fc,A,I/PRP think/VBP you/PRP 'll/MD enjoy/VB it/PRP ./.,I think you'll enjoy it. /
fc,B,Okay/UH ./.,Okay. /
fc,A,Okay/UH ./.,Okay. /
fc,B,Thanks/UH ./.,Thanks. /
fc,A,Thank/VB you/PRP ./.,Thank you. /
fc,B,Bye-bye/UH ./.,Bye-bye. /
fc,A,Bye/UH ./.,Bye. /
