act_tag,speaker,pos,text
"fo_o_fw_""_by_bc",A,Uh-huh/UH ./.,Uh-huh. /
b,B,Okay/UH,Okay /
sd,B,movies/NNS ./.,movies. /
sd,B,I/PRP have/VBP n't/RB seen/VBN too/RB many/JJ lately/RB ./.,I haven't seen too many lately. /
sd,B,I/PRP have/VBP kids/NNS,I have kids /
sd,B,"and/CC we/PRP went/VBD and/CC saw/VBD THE/DT RESCUERS/NNS DOWN/IN UNDER/RB ,/, Under/IN ,/,","{C and } we went and saw THE RESCUERS DOWN UNDER, [ Under, +"
b,A,Uh-huh/UH ./.,Uh-huh. /
+,B,"over/IN the/DT ,/, the/DT break/NN ./.","over ] [ the, + the ] break. /"
qy,B,"Do/VBP ,/, do/VBP you/PRP have/VB kids/NNS you/PRP take/VBP to/IN movies/NNS","[ Do, + do ] you have kids you take to movies /"
%,B,"or/CC ,/,","{C or, } -/"
nn,A,"No/UH ,/,","No, /"
sd,A,no/DT kids/NNS ./.,no kids. /
b,B,Yeah/UH ./.,Yeah. /
sd,B,It/PRP 's/BES a/DT Walt/NNP Disney/NNP movie/NN,It's a Walt Disney movie /
sd,B,"and/CC it/PRP did/VBD n't/RB get/VB as/IN ,/, you/PRP know/VBP ,/, as/RB good/JJ a/DT reviews/NNS as/IN like/IN the/DT LITTLE/JJ MERMAID/NN ,/, their/PRP$ last/JJ one/CD ,/, and/CC got/VBD all/DT kinds/NNS of/IN Academy/NNP Awards/NNP and/CC things/NNS last/JJ year/NN ./.","{C and } it didn't get [ as, + {D you know, } as ] good a reviews as {D like } the LITTLE MERMAID, their last one, and got all kinds of Academy Awards and things last year. /"
sd,B,"But/CC this/DT one/CD was/VBD ,/, I/PRP thought/VBD was/VBD excellent/JJ ./.","{C But } this one [ was, + I thought was ] excellent. /"
%,B,"The/DT MUMBLEx/XX ,/,","The (( )) , -/"
qy,A,Was/VBD that/IN the/DT animated/JJ version/NN ?/.,Was that the animated version? /
ny,B,"Yeah/UH ,/,","Yeah, /"
sd,B,it/PRP 's/BES animated/JJ ./.,it's animated. /
sd,B,And/CC I/PRP ca/MD n't/RB believe/VB how/WRB good/JJ they/PRP 're/VBP getting/VBG with/IN their/PRP$ animation/NN now/RB ./.,{C And } I can't believe how good they're getting with their animation now. /
sd,B,"It/PRP 's/BES just/RB ,/, just/RB the/DT special/JJ effects/NNS ,/, you/PRP know/VBP ./.","It's [ just, + just ] the special effects, {D you know. } /"
sd,B,"And/CC in/IN this/DT movie/NN ,/, this/DT ,/, there/EX 's/BES this/DT boy/NN","{C And } in this movie, [ this, + there's this ] boy /"
sd,B,"and/CC he/PRP rescues/VBZ this/DT ,/, uh/UH ,/, bald/JJ eagle/NN","{C and } he rescues this, {F uh, } bald eagle /"
sd,B,"and/CC ,/, uh/UH ,/, and/CC it/PRP 's/BES a/DT huge/JJ eagle/NN ,/, you/PRP know/VBP ,/, wing/NN span/NN of/IN twenty/CD feet/NNS or/CC something/NN like/IN that/DT ./.","[ {C and, } + {F uh, } {C and } ] it's a huge eagle, {D you know, } wing span of twenty feet or something like that. /"
sd,B,And/CC the/DT boy/NN actually/RB rides/VBZ on/IN his/PRP$ back/NN,{C And } the boy actually rides on his back /
sd,B,"and/CC he/PRP rides/VBZ through/IN the/DT clouds/NNS ,/, you/PRP know/VBP ,/,","{C and } he rides through the clouds, {D you know, } /"
sd,B,"and/CC you/PRP see/VBP him/PRP coming/VBG out/IN of/IN the/DT clouds/NNS ,/, his/PRP$ head/NN coming/VBG out/RB and/CC then/RB the/DT bird/NN coming/VBG out/RB ,/,","{C and } you see him coming out of the clouds, his head coming out and then the bird coming out, /"
sd,B,"and/CC it/PRP ,/, you/PRP know/VBP ,/, they/PRP 're/VBP flying/VBG all/DT over/IN with/IN it/PRP ./.","{C and } [ it, + {D you know, } they're ] flying all over with it. /"
sd,B,"And/CC I/PRP mean/VBP ,/, I/PRP know/VBP they/PRP ,/, there/EX must/MD have/VB used/VBN ,/, been/VBN computers/NNS or/CC something/NN for/IN animation/NN this/DT day/NN ,/,","{C And } {E I mean, } I know [ they, + there ] must have [ used, + been ] computers or something for animation this day, /"
sd,B,"but/CC it/PRP was/VBD just/RB so/RB real/JJ ,/, realistic/JJ and/CC lifelike/JJ and/CC good/JJ animation/NN ./.","{C but } it was just so real, realistic and lifelike and good animation. /"
sd,B,It/PRP was/VBD a/DT good/JJ show/NN ./.,It was a good show. /
qy,A,Even/RB better/RB than/IN ROGER/NNP RABBIT/NN insofar/IN as/IN animation/NN ?/.,Even better than ROGER RABBIT insofar as animation? /
arp_nd,B,"Well/UH ,/, ROGER/NNP was/VBD a/DT composite/JJ one/CD ./.","{D Well, } ROGER was a composite one. /"
b,A,Yeah/UH ./.,(( Yeah )) . /
sd,B,"There/EX 's/BES one/CD ,/, there/EX 's/BES a/DT movie/NN I/PRP 've/VBP seen/VBN ,/, ROGER/NNP RABBIT/NN ./.","[ There's one, + there's a ] movie I've seen, ROGER RABBIT. /"
sd,B,"That/DT 's/BES not/RB a/DT recent/JJ movie/NN ,/,","That's not a recent movie, /"
sd,B,"but/CC ,/, uh/UH ,/, I/PRP enjoyed/VBD that/DT show/NN ./.","{C but, } {F uh, } I enjoyed that show. /"
b,A,"Yeah/UH ,/,","Yeah, /"
sd,A,"that/WDT was/VBD made/VBN in/IN a/DT few/JJ ,/, I/PRP do/VBP n't/RB know/VB ,/, several/JJ years/NNS back/RB ,/, I/PRP guess/VBP ./.","that was made [ in + ] [ a few, + I don't know, several ] years back, I guess. /"
b,B,"Yeah/UH ,/,","Yeah, /"
b,B,yeah/UH ./.,yeah. /
sd,A,"Latest/JJS ,/, latest/JJS one/NN I/PRP 've/VBP saw/VBD which/WDT was/VBD a/DT mistake/NN to/TO go/VB see/VB was/VBD LIONHEART/NNP ,/,","[ Latest, + latest ] one I've saw which was a mistake to go see was LIONHEART, /"
sd,A,had/VBD Claude/NNP Van/NNP Damme/NNP ./.,had Claude Van Damme. /
b,B,Uh-huh/UH ./.,Uh-huh. /
sd,A,"He/PRP was/VBD ,/, he/PRP 's/BES of/IN course/NN ,/, uh/UH ,/, I/PRP guess/VBP he/PRP 's/BES trained/VBN in/IN this/DT ,/, uh/UH ,/, martial/JJ arts/NNS of/IN some/DT sort/NN ,/,","[ [ He was, + he's ] + of course, {F uh, } I guess he's ] trained in this, {F uh, } martial arts of some sort, /"
sd,A,"but/CC the/DT plot/NN was/VBD bland/JJ ,/,","{C but } the plot was bland, /"
sd,A,the/DT acting/NN was/VBD bland/JJ ./.,the acting was bland. /
sd,A,It/PRP was/VBD just/RB mostly/RB centered/VBN upon/IN his/PRP$ abilities/NNS to/TO --/:,It was just mostly centered upon his abilities to -- -/
^2,B,"Chop/VB them/PRP up/RP ,/, huh/UH ?/.","Chop them up, {F huh? } /"
aa,A,"--/: yeah/UH ,/,","-- yeah, /"
b^m,A,"chop/VB them/PRP up/RP ,/,","chop them up, /"
aa,A,exactly/RB ./.,exactly. /
%,A,"And/CC ,/,","{C And, } -/"
sd,B,"This/DT is/VBZ supposed/JJ to/TO be/VB the/DT ,/, the/DT guy/NN that/WDT 's/BES ,/, uh/UH ,/, replaces/VBZ Bruce/NNP Lee/NNP or/CC whatever/WDT or/CC ,/,","<Laughter> This is supposed to be [ the, + the ] guy that's, {F uh, } replaces Bruce Lee or whatever [ or, +"
b,A,Yeah/UH ./.,Yeah. /
+,B,or/CC the/DT next/JJ Chuck/NNP Norris/NNP type/NN of/IN guy/NN ./.,or ] the next Chuck Norris type of guy. /
sd,A,"Or/CC he/PRP 's/BES singular/JJ I/PRP guess/VBP ,/, you/PRP know/VBP ./.","{C Or } he's singular I guess, {D you know. } /"
sv,A,"You/PRP know/VBP how/WRB they/PRP can/MD make/VB any/DT of/IN ,/, any/DT single/JJ one/CD of/IN them/PRP in/IN a/DT movie/NN to/TO be/VB a/DT --/:","You know how they can make [ any of, + any single one of ] them in a movie to be a --"
b,B,Uh-huh/UH ./.,Uh-huh. /
+,A,--/: super/NN --/:,-- [ super -- +
^2,B,Superstar/NN ./.,Superstar. /
+,A,"--/: superstar/NN of/IN any/DT sort/NN ,/, you/PRP know/VBP ,/,","-- superstar ] of any sort, {D you know, } /"
b,B,Uh-huh/UH ./.,Uh-huh. /
sv,A,"but/CC Chuck/NNP Norris/NNP ,/, of/IN course/NN ,/, could/MD be/VB just/RB about/IN equal/JJ ,/,","{C but } Chuck Norris, of course, could be just about equal,"
b,B,Uh-huh/UH ./.,Uh-huh. /
+,A,if/IN not/RB more/JJR,if not more /
sv,A,"or/CC ,/, and/CC all/DT of/IN them/PRP ,/, I/PRP guess/VBP ,/, could/MD be/VB in/IN that/DT fashion/NN ,/,","[ {C or, } + {C and } ] all of them, I guess, could be in that fashion,"
%,B,Hum/UH ./.,{F Hum. } /
+,A,or/CC category/NN ./.,or category. /
b,B,"Uh-huh/NNP ,/,","Uh-huh, /"
b,B,uh-huh/UH ./.,uh-huh. /
sd,A,"It/PRP was/VBD about/RB ,/, uh/UH ,/, a/DT ,/,","It was about, {F uh, } a,"
%,B,MUMBLEx/XX ./.,(( )) .
+,A,"French/NNP Foreign/NNP Legion/NNP fellow/NN who/WP deserts/VBZ to/TO go/VB help/VB his/PRP$ brother/NN 's/POS wife/NN who/WP got/VBD ,/, who/WP became/VBD a/DT widow/NN because/IN he/PRP was/VBD selling/VBG drugs/NNS ,/,","French Foreign Legion fellow who deserts to go help his brother's wife [ who got, + who became ] a widow because he was selling drugs <laughter>, /"
x,B,./.,<Laughter>.
sd,A,and/CC he/PRP got/VBD killed/VBN ./.,{C and } he got killed. /
qy,B,"Really/RB uplifting/JJ ,/, huh/UH ?/.","Really uplifting, {F huh } <laughter>? /"
sd,A,So/RB he/PRP deserts/VBZ and/CC goes/VBZ to/IN New/NNP York/NNP,{C So } he deserts and goes to New York /
sd,A,"and/CC he/PRP starts/VBZ out/RP by/IN fighting/VBG to/TO make/VB money/NN ,/,","{C and } he starts out by fighting to make money, /"
sd,A,"and/CC then/RB he/PRP moves/VBZ on/IN to/IN L/NNP A/NNP to/IN where/WRB that/DT ,/, where/WRB she/PRP is/VBZ to/TO just/RB help/VB him/PRP out/RP ./.","{C and then } he moves on to L A to [ where that, + where she ] is to just help him out. /"
b,B,Uh-huh/UH ./.,Uh-huh. /
sv,A,"It/PRP was/VBD really/RB ,/, I/PRP mean/VBP the/DT Hollywood/NNP really/RB must/MD think/VB there/EX 's/BES some/DT real/JJ dummies/NNS out/IN there/RB or/CC something/NN ./.","[ It was really, + {E I mean } the Hollywood really must ] think there's some real dummies out there or something. /"
h,A,I/PRP do/VBP n't/RB know/VB ./.,I don't know <laughter>. /
b,B,"Yeah/UH ,/,","Yeah, /"
sd,B,"I/PRP have/VBP n't/RB heard/VBN ,/, I/PRP had/VBD n't/RB heard/VBN much/RB about/IN that/DT movie/NN ./.","[ I haven't heard, + I hadn't heard ] much about that movie. /"
%,B,"I/PRP ,/,","I, - /"
sd,B,other/JJ than/IN it/PRP was/VBD a/DT chop/VB them/PRP up/RP movie/NN ./.,other than it was a chop them up movie. /
sd,B,"But/CC ,/, uh/UH ,/, well/UH ,/, I/PRP guess/VBP that/DT 's/BES one/CD I/PRP wo/MD n't/RB go/VB see/VB ./.","{C But, } {F uh, } {D well, } I guess that's one I won't go see <laughter>. /"
sd,A,"Well/UH ,/, it/PRP was/VBD worth/JJ the/DT buck/NN I/PRP guess/VBP ./.","{D Well, } it was worth the buck I guess. /"
bf,B,"Oh/UH ,/, you/PRP went/VBD to/IN the/DT dollar/NN movie/NN ?/.","{F Oh, } you went to the dollar movie? /"
b,B,Yeah/UH ./.,Yeah. /
b,B,"Yeah/UH ,/,","Yeah, /"
sd,B,"they/PRP show/VBP up/RP at/IN the/DT dollar/NN movie/NN right/RB after/IN they/PRP get/VBP ,/, come/VBP out/RP ./.","they show up at the dollar movie right after they [ get, + come ] out. /"
sv,B,"You/PRP know/VBP they/PRP 're/VBP usually/RB not/RB ,/, not/RB that/RB great/JJ or/CC did/VBD n't/RB do/VB that/DT great/JJ anyway/RB ./.","{D You know } they're usually [ not, + not ] that great or didn't do that great anyway. /"
%,A,"A/DT lot/NN of/IN ,/,","A lot of, -/"
^h,B,Let/VB me/PRP see/VB ./.,Let me see. /
^h,B,Let/VB me/PRP see/VB,Let me see /
sd,B,another/DT movie/NN I/PRP watched/VBD ./.,another movie I watched. - /
sd,B,"Uh/UH ,/, I/PRP want/VBP to/TO see/VB ,/, uh/UH ,/, that/DT new/JJ one/CD ,/, uh/UH ,/, that/WDT won/VBD all/PDT those/DT Academy/NNP Awards/NNP this/DT year/NN ,/, DANCES/VBZ WITH/IN WOLVES/NNS ./.","{F Uh, } I want to see, {F uh, } that new one, {F uh, } that won all those Academy Awards this year, DANCES WITH WOLVES. /"
b,A,Uh-huh/UH ./.,Uh-huh. /
sd,B,I/PRP have/VBP n't/RB seen/VBN that/DT ./.,I haven't seen that. /
qy,B,Have/VBP you/PRP seen/VBN that/IN one/CD yet/RB ?/.,Have you seen that one yet? /
b,A,Yeah/UH ./.,Yeah. /
%,B,"What/WP ,/, what/WP ,/, what/WP ,/,","[ [ What, + what, ] + what, ] -/"
sd,A,"I/PRP ,/, I/PRP absorbed/VBD all/DT of/IN that/DT movie/NN in/IN one/CD sitting/VBG ./.","[ I, + I ] absorbed all of that movie in one sitting. /"
sd,A,"Uh/UH ,/, I/PRP guess/VBP what/WP made/VBD it/PRP so/RB good/JJ was/VBD the/DT cinema-/NN ,/, cinematography/NN ,/,","{F Uh, } I guess what made it so good was the [ cinema-, + cinematography, ] /"
bf,B,"The/DT ,/, the/DT wide/JJ open/JJ ,/, the/DT spaces/NNS ,/,","[ The, + the ] wide open, the spaces, -/"
aa,A,"Yeah/UH ,/,","Yeah, /"
sd,A,and/CC the/DT music/NN,and the music /
sd,A,"and/CC ,/, uh/UH ,/, well/UH ,/, it/PRP had/VBD an/DT excellent/JJ story/NN line/NN ./.","{C and, } {F uh, } {D well, } it had an excellent story line. /"
sd,A,Everything/NN about/IN it/PRP was/VBD good/JJ ./.,Everything about it was good. /
b,B,Uh-huh/UH ./.,Uh-huh. /
sd,A,"Um/UH ,/, I/PRP thought/VBD an/DT excellent/JJ one/NN ,/, too/RB ,/, was/VBD MISERY/NN with/IN Kathy/NNP Bates/NNP and/CC James/NNP Caan/NNP ./.","{F Um, } I thought an excellent one, too, was MISERY with Kathy Bates and James Caan. /"
sd,A,"I/PRP 'm/VBP not/RB a/DT James/NNP Caan/NNP fan/NN ,/,","I'm not a James Caan fan, /"
sd,A,but/CC that/DT was/VBD a/DT well/RB directed/VBN and/CC acted/VBN movie/NN ./.,{C but } that was a well directed and acted movie. /
bh,B,Is/VBZ that/DT right/JJ ?/.,Is that right? /
sd,A,I/PRP 'd/MD recommend/VB it/PRP ./.,I'd recommend it. /
sd,A,It/PRP 's/BES a/DT little/JJ on/IN the/DT violent/JJ side/NN --/:,It's a little on the violent side -- /
b,B,Uh-huh/UH ./.,Uh-huh. /
qh,A,--/: but/CC then/RB what/WP movie/NN is/VBZ n't/RB anymore/RB ./.,-- {C but } then what movie isn't anymore. /
aa,B,"Right/UH ,/,","Right, /"
aa,B,right/UH ./.,right. /
%,B,"Yeah/UH ,/,","Yeah, /"
sd,B,"our/PRP$ movies/NNS today/NN ,/, it/PRP used/VBD to/TO be/VB X/NN","our movies today, it used to be X /"
sd,B,"and/CC ,/, you/PRP know/VBP ,/, and/CC P/NNP G/NNP -s/NNPS used/VBD to/TO be/VB R/NNP -s/NNPS","[ {C and, } + {D you know, } {C and } ] P G -s used to be R -s /"
sv,B,"and/CC ,/, seems/VBZ like/IN the/DT rating/NN system/NN ,/, you/PRP know/VBP ,/, is/VBZ kind/RB of/RB switching/VBG that/DT way/NN a/DT little/JJ bit/NN ./.","{C and, } seems like the rating system, {D you know, } is kind of switching that way a little bit <laughter>. /"
sd,A,"Well/UH ,/, I/PRP have/VBP no/DT objections/NNS to/IN it/PRP ./.","{D Well, } I have no objections to it. /"
%,A,"It/PRP 's/BES just/RB ,/, uh/UH ,/,","It's just, {F uh, } - /"
sv,A,"and/CC it/PRP 's/BES a/DT matter/NN of/IN your/PRP$ taste/NN ,/, uh/UH ,/,","{C and } it's a matter of your taste, {F uh, } /"
b,B,"Yeah/UH ,/,","Yeah, /"
b,B,yeah/UH ./.,yeah. /
b,B,"Oh/UH ,/, yeah/UH ./.","{F Oh, } yeah. /"
%,B,"It/PRP 's/BES just/RB that/IN ,/,","It's just that, - /"
%,B,"yeah/UH ,/,","yeah, /"
qy^d,B,"it/PRP 's/BES just/RB that/IN the/DT rating/NN system/NN seems/VBZ ,/, you/PRP know/VBP ,/, instead/IN of/IN having/VBG X/NN now/RB ,/, they/PRP have/VBP what/WP ,/, N/NNP C/NNP seventeen/CD ?/.","it's just that the rating system seems, {D you know, } instead of having X now, they have what, N C seventeen? /"
ny,A,Yeah/UH ./.,Yeah. /
sv,B,"They/PRP just/RB changed/VBD it/PRP because/IN X/NN had/VBD a/DT connotation/NN with/IN it/PRP ,/, you/PRP know/VBP ,/,","They just changed it because X had a connotation with it, {D you know, } /"
%,B,"so/RB ,/,","{C so, } -/"
sv,A,And/CC even/RB on/IN those/DT type/NN they/PRP do/VBP n't/RB show/VB what/WP you/PRP expect/VBP ./.,{C And } even on those type they don't show what you expect. /
b,B,Right/UH ./.,Right. /
x,A,./.,<Laughter>.
sv,B,A/DT lot/NN of/IN those/DT are/VBP really/RB violent/JJ type/NN movies/NNS ./.,A lot of those are really violent type movies. /
b,A,Right/UH ./.,Right. /
sv,B,Really/RB gory/JJ ./.,Really gory. /
aa,A,"Yeah/UH ,/,","Yeah, /"
sv,A,"that/WDT seems/VBZ to/TO be/VB the/DT norm/NN of/IN most/JJS movies/NNS ,/,","that seems to be the norm of most movies, /"
"fo_o_fw_""_by_bc",A,but/CC --/:,{C but } --
b,B,Yeah/UH ./.,Yeah. /
+,A,--/: what/WP the/DT hey/NN ./.,-- what the hey. /
"fo_o_fw_""_by_bc",A,This/DT is/VBZ America/NNP ./.,This is America. /
^h,B,Let/VB me/PRP see/VB ./.,Let me see. /
sd,B,"One/CD movie/NN I/PRP saw/VBD ,/, I/PRP guess/VBP it/PRP was/VBD a/DT while/NN back/RB ,/, RED/JJ OCTOBER/NNP ./.","One movie I saw, I guess it was a while back, RED OCTOBER. /"
b,A,Yeah/UH ./.,Yeah. /
qy,B,Have/VBP you/PRP seen/VBN that/DT one/CD ?/.,Have you seen that one? /
ny,A,"Yes/UH ,/,","Yes, /"
sd,A,I/PRP have/VBP ./.,I have. /
sd,A,That/DT was/VBD pretty/RB good/JJ ./.,That was pretty good. /
aa,B,"Yeah/UH ,/,","Yeah, /"
sd,B,I/PRP read/VBP the/DT book/NN before/IN,I read the book before /
sd,B,"so/RB I/PRP knew/VBD the/DT story/NN line/NN going/VBG in/RP ,/,","{C so } I knew the story line going in, /"
sd,B,but/CC they/PRP changed/VBD some/DT things/NNS in/IN the/DT movie/NN ./.,{C but } they changed some things in the movie. /
sd,B,It/PRP was/VBD n't/RB the/DT same/JJ ./.,It wasn't the same. /
sd,B,"I/PRP thought/VBD the/DT book/NN was/VBD better/JJR than/IN the/DT movie/NN ,/,","I thought the book was better than the movie, /"
sd,B,but/CC I/PRP thought/VBD the/DT movie/NN was/VBD really/RB good/JJ as/IN well/RB ./.,{C but } I thought the movie was really good as well. /
sd,A,I/PRP always/RB wait/VBP for/IN the/DT movie/NN ./.,I always wait for the movie. /
sd,A,I/PRP do/VBP n't/RB have/VB time/NN to/TO read/VB the/DT book/NN ./.,I don't have time to read the book. /
aa,B,Yeah/UH ./.,Yeah. /
sd,B,"I/PRP do/VBP n't/RB ,/,","I don't, /"
sd,B,I/PRP read/VBP about/IN one/CD or/CC two/CD thick/JJ novels/NNS like/IN that/DT a/DT year/NN ./.,I read about one or two thick novels like that a year.
b,A,Uh-huh/UH ./.,Uh-huh. /
+,B,"You/PRP know/VBP ,/,","{D You know, } /"
sd,B,"that/DT 's/BES about/IN all/PDT the/DT time/NN I/PRP can/MD ,/, I/PRP can/MD spare/VB ./.","that's about all the time [ I can, + I can ] spare. /"
sd,B,"But/CC that/DT was/VBD a/DT good/JJ show/NN I/PRP thought/VBD ,/, you/PRP know/VBP ./.","{C But } that was a good show I thought, {D you know. } /"
sd,B,"I/PRP read/VBD about/IN how/WRB they/PRP did/VBD ,/, uh/UH ,/, an/DT article/NN on/IN how/WRB they/PRP did/VBD all/PDT the/DT special/JJ effects/NNS with/IN the/DT submarine/NN ./.","I read about how they did, {F uh, } an article on how they did all the special effects with the submarine. /"
sd,B,"You/PRP know/VBP ,/, that/DT was/VBD n't/RB a/DT real/JJ submarine/NN you/PRP saw/VBD in/IN the/DT water/NN ./.","{D You know, } that wasn't a real submarine you saw in the water. /"
sd,B,"It/PRP was/VBD ,/, it/PRP was/VBD all/RB done/VBN in/IN studio/NN with/IN smoke/NN and/CC mirrors/NNS and/CC all/PDT the/DT Hollywood/NNP magic/NN ./.","[ It was, + it was ] all done in studio with smoke and mirrors and all the Hollywood magic. /"
b,A,Yeah/UH ./.,Yeah. /
sd,B,All/PDT those/DT underwater/JJ scenes/NNS ./.,All those underwater scenes. /
%,B,"I/PRP thought/VBD ,/, you/PRP know/VBP ,/,","I thought, {D you know, } - /"
sd,B,"it/PRP looked/VBD to/IN me/PRP like/IN it/PRP was/VBD a/DT real/JJ submarine/NN ,/,","it looked to me like it was a real submarine,"
%,A,"They/PRP MUMBLEx/XX ,/,","They (( )) , -/"
+,B,"that/DT was/VBD in/IN the/DT water/NN ,/, you/PRP know/VBP ./.","that was in the water, {D you know. } /"
sv,A,"That/DT 's/BES the/DT magic/NN of/IN Hollywood/NNP ,/, special/JJ effects/NNS ./.","That's the magic of Hollywood, special effects. /"
b,B,Yeah/UH ./.,Yeah. /
sd,A,"I/PRP hear/VBP this/DT movie/NN F/NNP X/NNP part/NN two/CD coming/VBG out/RP is/VBZ ,/, uh/UH ,/, pretty/RB good/JJ ./.","I hear this movie F X part two coming out is, {F uh, } pretty good. /"
bh,B,Is/VBZ that/DT right/JJ ?/.,Is that right? /
qy,A,Did/VBD you/PRP ever/RB see/VB the/DT original/JJ one/NN ?/.,Did you ever see the original one? /
na,B,I/PRP did/VBD n't/RB ./.,I didn't. /
sd,A,"It/PRP was/VBD ,/, uh/UH ,/,","It was, {F uh, } - /"
ad,A,"you/PRP ought/MD to/TO rent/VB the/DT ,/, uh/UH ,/, F/NNP X/NNP part/NN one/CD ./.","you ought to rent the, {F uh, } F X part one. /"
sd,A,"It/PRP does/VBZ n't/RB say/VB part/NN one/CD ,/,","It doesn't say part one, /"
sd,A,"but/CC it/PRP ,/, it/PRP 's/BES F/NNP slash/NN X/NNP ./.","{C but } [ it, + it's ] F slash X. /"
qw,B,Huh/UH ./. What/WP 's/BES that/DT about/IN ?/.,{F Huh. } What's that about? /
sd,A,"A/DT ,/, uh/UH ,/, special/JJ effects/NNS man/NN who/WP somehow/RB gets/VBZ involved/VBN in/IN this/DT ,/, um/UH ,/,","A, {F uh, } special effects man who somehow gets involved in this, {F um, } - /"
h,A,"oh/UH ,/, I/PRP 'm/VBP not/RB sure/JJ ./.","{F oh, } I'm not sure. /"
h,A,I/PRP ca/MD n't/RB remember/VB ./.,I can't remember. /
sd,A,It/PRP 's/HVS been/VBN a/DT while/NN since/IN I/PRP 've/VBP seen/VBN it/PRP ./.,It's been a while since I've seen it. /
sd,A,"But/CC he/PRP ,/, he/PRP gets/VBZ involved/VBN in/IN some/DT sort/NN of/IN bad/JJ dealings/NNS with/IN somebody/NN","{C But } [ he, + he ] gets involved in some sort of bad dealings with somebody /"
sd,A,"and/CC he/PRP has/VBZ to/TO go/VB underground/NN ,/,","{C and } he has to go underground, /"
sd,A,and/CC he/PRP uses/VBZ all/DT of/IN his/PRP$ special/JJ effects/NNS knowledge/NN in/IN doing/VBG what/WP needs/VBZ to/TO be/VB done/VBN ./.,{C and } he uses all of his special effects knowledge in doing what needs to be done. /
%,B,Hm/UH ./.,{F Hm. } /
%,A,"And/CC ,/, uh/UH ,/,","{C And, } {F uh, } -/"
bf,B,"To/TO ,/, to/TO fool/VB people/NNS","[ To, + to ] fool people /"
%,B,"and/CC MUMBLEx/XX ,/,","{C and } (( )) , -/"
aa,A,"Right/UH ,/,","Right, /"
sd,A,and/CC using/VBG makeup/NN and/CC using/VBG the/DT --/:,and using makeup and using [ the -- +
^2,B,All/PDT the/DT tricks/NNS ./.,All the tricks. /
+,A,--/: all/PDT the/DT props/NNS and/CC whatever/WDT to/TO get/VB to/TO where/IN he/PRP needs/VBZ to/TO go/VB ./.,-- all the ] props and whatever to get to where he needs to go. /
b,B,Uh-huh/UH ./.,Uh-huh. /
sv,B,That/DT sounds/VBZ like/IN an/DT interesting/JJ concept/NN ./.,That sounds like an interesting concept. /
ad,A,But/CC you/PRP need/VBP to/TO rent/VB the/DT first/JJ one/NN first/RB ./.,{C But } you need to rent the first one first. /
qy^d,B,To/TO understand/VB what/WP 's/BES going/VBG on/RP in/IN the/DT second/JJ ?/.,To understand what's going on in the second? /
sd,A,"Uh/UH ,/, if/IN ,/, if/IN that/DT is/VBZ that/IN the/DT second/JJ one/NN follows/VBZ the/DT first/JJ ./.","{F Uh, } [ if, + if ] that is that the second one follows the first. /"
sd,A,"I/PRP do/VBP n't/RB know/VB if/IN they/PRP have/VBP the/DT ,/, uh/UH ,/, original/JJ actors/NNS on/IN that/DT first/JJ one/NN to/IN that/DT one/NN ./.","I don't know if they have the, {F uh, } original actors on that first one to that one. /"
b,B,Uh-huh/UH ./.,Uh-huh. /
sd,B,"They/PRP 're/VBP supposed/JJ to/TO be/VB coming/VBG out/RP with/IN all/PDT these/DT Desert/NNP Storm/NNP movies/NNS ,/,","They're supposed to be coming out with all these Desert Storm movies,"
b,A,Oh/UH ./.,Oh. /
+,B,"this/DT summer/NN ,/, too/RB ./.","this summer, too <laughter>. /"
sd,A,I/PRP expected/VBD those/DT ./.,I expected those. /
b,B,Yeah/UH ./.,Yeah. /
sv,A,"I/PRP mean/VBP ,/, Hollywood/NNP ,/, I/PRP mean/VBP they/PRP were/VBD doing/VBG their/PRP$ dealings/NNS with/IN that/DT before/IN they/PRP even/RB got/VBD over/IN there/RB ,/, I/PRP think/VBP ./.","[ {E I mean, } Hollywood, + {E I mean } they ] were doing their dealings with that before they even got over there, I think. /"
b,B,Yeah/UH ./.,Yeah. /
%,B,"Well/UH ,/, they/PRP had/VBD some/DT ,/,","{D Well, } they had some, - /"
sd,B,"in/IN some/DT of/IN those/DT ,/, you/PRP know/VBP ,/, they/PRP ,/, I/PRP guess/VBP they/PRP retitled/VBD some/DT movies/NNS that/WDT were/VBD going/VBG to/TO be/VB about/IN Lebanese/NNPS and/CC ,/, and/CC ,/, you/PRP know/VBP ,/, and/CC ,/,","in some of those, {D you know, } [ they, + I guess they ] retitled some movies that were going to be about Lebanese [ [ [ and, + and, ] + {D you know, } and, ] +"
b,A,Uh-huh/UH ./.,Uh-huh. /
+,B,and/CC Americans/NNPS,and ] Americans /
sd,B,"and/CC they/PRP decide/VBP ,/, oh/UH ,/, make/VBP it/PRP Iraqis/NNPS and/CC Americans/NNPS ,/, you/PRP know/VBP ,/,","{C and } they decide, {F oh, } make it Iraqis and Americans, {D you know, } /"
sd,B,"and/CC they/PRP just/RB change/VBP the/DT title/NN and/CC ,/, uh/UH ,/, and/CC reshot/VBP a/DT few/JJ parts/NNS ,/, you/PRP know/VBP ,/, where/WRB they/PRP ,/, yeah/UH ,/, you/PRP know/VBP ,/, where/WRB they/PRP could/MD ./.","{C and } they just change the title [ and, + {F uh, } and ] reshot a few parts, {D you know, } [ where they, + {D yeah, } {D you know, } where they ] could. /"
sv,B,"I/PRP guess/VBP they/PRP figured/VBD we/PRP would/MD n't/RB ,/, ca/MD n't/RB tell/VB the/DT difference/NN between/IN an/DT ,/,","I guess they figured we [ wouldn't, + can't ] tell the difference between an, -/"
bf,A,"Actual/JJ names/NNS ,/,","Actual names,"
b,B,Yeah/UH ./.,Yeah. /
+,A,will/MD not/RB be/VB used/VBN ./.,will not be used. /
b,B,Right/UH ./.,Right. /
x,A,./.,<Laughter>.
x,B,./.,<Laughter>.
sv,A,"Eventually/RB I/PRP 'm/VBP sure/JJ they/PRP will/MD come/VB out/RP with/IN the/DT ,/,","Eventually I'm sure they will come out with [ [ the, +"
b,B,Yeah/UH ./.,Yeah. /
+,A,"the/DT ,/, the/DT proper/JJ names/NNS ./.","the, ] + the ] proper names. /"
aa,B,Right/UH ./.,Right . /
sv,B,"It/PRP was/VBD such/PDT a/DT ,/,","It was such a, - /"
%,B,"it/PRP ,/,","it, - /"
sv,B,"I/PRP guess/VBP they/PRP ,/, they/PRP 'll/MD probably/RB come/VB out/RP with/IN a/DT lot/NN of/IN movies/NNS ,/, you/PRP know/VBP ./.","I guess [ they, + they'll ] probably come out with a lot of movies, {D you know. } /"
sv,B,"It/PRP was/VBD ,/, it/PRP was/VBD such/PDT a/DT rout/NN though/RB ,/, you/PRP know/VBP ./.","[ It was, + it was ] such a rout though, {D you know. } /"
h,B,"I/PRP do/VBP n't/RB know/VB ,/, you/PRP know/VBP ,/,","I don't know, {D you know, } /"
sd,B,"they/PRP probably/RB do/VBP the/DT story/NN of/IN someone/NN who/WP was/VBD shot/VBN down/RP early/RB in/IN the/DT war/NN or/CC something/NN and/CC how/WRB he/PRP survived/VBD or/CC ,/,","they probably do the story of someone who was shot down early in the war or something and how he survived [ [ or, +"
^2,A,"Latest/JJS story/NN ,/,","Latest story, -/"
+,B,"or/CC about/IN ,/, or/CC about/IN those/DT two/CD newsmen/NNS or/CC whatever/WDT that/WDT got/VBD captured/JJ ./.","or about, ] + or about ] those two newsmen or whatever that got captured. /"
b,A,Uh-huh/UH ./.,Uh-huh. /
sd,A,"Kevin/NNP Costner/NNP I/PRP understand/VBP is/VBZ supposed/JJ to/TO be/VB play/NN Schwartzkopf/NNP ,/, supposedly/RB ./.","Kevin Costner I understand is supposed to be play Schwartzkopf, supposedly. /"
qy,B,Is/VBZ that/DT right/JJ ?/.,Is that right? /
no,A,I/PRP do/VBP n't/RB know/VB ./.,I don't know. /
x,B,./.,<Laughter>.
sd,A,That/DT 's/BES just/RB one/CD of/IN the/DT many/JJ rumors/NNS that/WDT floats/VBZ around/RB ./.,That's just one of the many rumors that floats around. /
b,B,Yeah/UH ./.,Yeah. /
sd,A,Or/CC what/WP you/PRP read/VBP ./.,Or what you read. /
b,B,Uh-huh/UH ./.,Uh-huh. /
sv,B,"Well/UH ,/, I/PRP think/VBP we/PRP 've/VBP probably/RB ,/,","{D Well, } I think we've probably, -/"
^2,A,"Pretty/RB much/RB used/VBN up/RP the/DT tape/NN ,/, I/PRP guess/VBP ./.","Pretty much used up the tape, I guess. /"
aa,B,"Yeah/UH ,/,","Yeah, /"
aa,B,"yeah/UH ,/,","yeah, /"
sd,B,it/PRP 's/HVS been/VBN about/IN five/CD minutes/NNS ./.,it's been about five minutes. /
fc,B,It/PRP 's/HVS been/VBN nice/JJ talking/VBG with/IN you/PRP ./.,It's been nice talking with you. /
fc,A,Same/JJ ./.,Same. /
fc,A,"And/CC ,/, uh/UH ,/, we/PRP 'll/MD --/:","{C And, } {F uh, } we'll --"
ad,B,"Keep/VB on/IN watching/VBG those/DT movies/NNS ,/, huh/UH ?/.","Keep on watching those movies, {F huh? } /"
+,A,--/: Talk/VB to/IN you/PRP on/IN the/DT next/JJ go/VB around/RP ./.,-- <Laughter> Talk to you on the next go around. /
fc,B,Okay/UH ./.,Okay. /
fc,B,Bye-bye/UH ./.,Bye-bye. /
fc,A,Adios/UH ./.,Adios. /
