act_tag,speaker,pos,text
"fo_o_fw_""_by_bc",A,"Okay/UH ,/, um/UH ,/, well/UH ,/,","Okay, {F um, } {D well, } /"
"fo_o_fw_""_by_bc",A,"the/DT first/JJ thing/NN ,/,","the first thing, - /"
qw,A,"uh/UH ,/, what/WP do/VBP you/PRP think/VB you/PRP would/MD offer/VB as/RB far/RB as/IN ,/, uh/UH ,/, information/NN about/IN selecting/VBG a/DT school/NN ?/.","{F uh, } what do you think you would offer as far as, {F uh, } information about selecting a school? /"
sv,B,"Well/UH ,/, first/RB I/PRP think/VBP they/PRP 've/VBP got/VBN to/TO have/VB a/DT pretty/RB good/JJ idea/NN of/IN what/WP they/PRP want/VBP to/TO ,/, what/WP they/PRP want/VBP to/TO do/VB ./.","{D Well, } first I think they've got to have a pretty good idea of [ what they want to, + what they want to ] do. /"
b,A,Uh-huh/UH ./.,Uh-huh. /
sv,B,"Uh/UH ,/, once/RB they/PRP have/VBP that/DT ,/, then/RB they/PRP can/MD start/VB looking/VBG in/IN all/PDT the/DT various/JJ publications/NNS that/WDT give/VBP out/RP all/PDT the/DT information/NN about/IN schools/NNS and/CC write/VBP to/IN the/DT schools/NNS themselves/PRP ,/, and/CC start/VBP finding/VBG out/RP about/IN the/DT different/JJ requirements/NNS for/IN the/DT programs/NNS and/CC what/WP kind/NN of/IN ,/, uh/UH ,/, of/IN job/NN assistance/NN and/CC all/PDT that/DT other/JJ kind/NN of/IN stuff/NN they/PRP offer/VBP ./.","{F Uh, } once they have that, then they can start looking in all the various publications that give out all the information about schools and write to the schools themselves, and start finding out about the different requirements for the programs and what kind [ of, + {F uh, } of ] job assistance and all that other kind of stuff they offer. /"
b,A,"Yeah/UH ,/, uh/UH ,/,","Yeah, {F uh, } /"
qy,A,"do/VBP you/PRP ,/, do/VBP you/PRP feel/VB that/DT the/DT first/JJ two/CD years/NNS that/IN the/DT ,/, um/UH ,/,","[ do you, + do you ] feel [ that the first two years + that the, ] {F um, } - /"
sd,A,"depending/VBG upon/IN the/DT field/NN ,/, I/PRP know/VBP there/EX are/VBP some/DT fields/NNS which/WDT a/DT person/NN should/MD go/VB to/IN the/DT school/NN ,/, that/DT school/NN ,/, all/DT four/CD years/NNS ,/,","depending upon the field, I know there are some fields which a person should go to [ the school, + that school, ] all four years, /"
sd,A,but/CC I/PRP know/VBP there/EX are/VBP some/DT fields/NNS where/WRB it/PRP 's/BES really/RB not/RB necessary/JJ ./.,{C but } I know there are some fields where it's really not necessary. /
aa,B,"Yeah/UH ,/,","Yeah, /"
sv,B,"a/DT lot/NN fields/NNS are/VBP ,/,","a lot fields are, - /"
sd,B,most/RBS of/IN your/PRP$ liberal/JJ arts/NNS degrees/NNS and/CC stuff/NN are/VBP n't/RB really/RB concerned/VBN with/IN your/PRP$ first/JJ two/CD years/NNS anyway/RB ./.,most of your liberal arts degrees and stuff aren't really concerned with your first two years anyway. /
sd,B,"It/PRP 's/BES ,/, it/PRP 's/BES your/PRP$ core/NN education/NN ,/, your/PRP$ general/JJ requi-/NNS ,/, general/JJ education/NN requirements/NNS ./.","[ It's, + it's ] your core education, your [ general requi-, + general education requirements. ] /"
b,A,Uh-huh/UH ./.,Uh-huh. /
sd,B,"Um/UH ,/, if/IN ,/, you/PRP know/VBP ,/, if/IN they/PRP want/VBP to/TO get/VB a/DT liberal/JJ arts/NNS degree/NN ,/, I/PRP do/VBP n't/RB ,/, I/PRP do/VBP n't/RB know/VB what/WP advice/NN I/PRP 'd/MD give/VB them/PRP ./.","{F Um, } [ if, + {D you know, } if ] they want to get a liberal arts degree, [ I don't, + I don't ] know what advice I'd give them. /"
^q,B,Go/VB to/IN the/DT school/NN you/PRP 'd/MD like/VB to/TO go/VB to/IN ./.,Go to the school you'd like to go to. /
b,A,Yeah/UH ./.,<Laughter> Yeah. /
sd,B,That/DT 's/BES what/WP I/PRP did/VBD ./.,<Laughter> That's what I did <laughter>. /
b,A,Yeah/UH ./.,Yeah. /
sd,B,I/PRP did/VBD n't/RB care/VB about/IN the/DT program/NN or/CC anything/NN else/RB ./.,I didn't care about the program or anything else. /
sd,B,I/PRP went/VBD where/WRB I/PRP wanted/VBD to/TO go/VB ./.,I went where I wanted to go. /
b,A,Yeah/UH ./.,Yeah. /
qw,A,What/WP was/VBD your/PRP$ degree/NN in/IN ?/.,What was your degree in? /
sd,B,"Uh/UH ,/, political/JJ science/NN ./.","{F Uh, } political science. /"
b^m,A,"Political/JJ science/NN ,/, oh/UH ,/,","Political science, {F oh, } /"
bk,A,okay/UH ./.,okay. /
sd,A,"Well/UH ,/, I/PRP kn/VBP ,/, I/PRP know/VBP ,/, I/PRP 'm/VBP going/VBG to/TO school/NN right/RB now/RB ,/,","{D Well, } <throat_clearing> [ I kn-, + I ] know, I'm going to school right now, /"
sd,A,"and/CC ,/, uh/UH ,/, I/PRP have/VBP a/DT friend/NN ,/,","{C and, } {F uh, } I have a friend, /"
qw,B,Where/WRB are/VBP you/PRP at/IN ?/.,Where are you at? /
sd,A,"Uh/UH ,/, U/NNP T/NNP D/NNP ./.","{F Uh, } U T D. /"
sd,A,"University/NNP of/IN Texas/NNP ,/, Dallas/NNP ./.","University of Texas, Dallas. /"
b,B,"Well/UH ,/, yeah/UH ,/,","{D Well, } yeah, /"
sv,B,"I/PRP guess/VBP ,/, everybody/NN 's/BES in/IN Dallas/NNP that/WDT I/PRP talk/VB to/IN ./.","I guess, everybody's in Dallas that I talk to. /"
sd,B,"I/PRP 'm/VBP in/IN ,/,","I'm in,"
aa,A,I/PRP know/VBP ./.,I know. /
+,B,North/NNP Carolina/NNP ./.,North Carolina. /
sd,A,That/DT 's/BES where/WRB Texas/NNP Instruments/NNP is/VBZ ./.,That's where Texas Instruments is. /
aa,B,"Yeah/UH ,/,","Yeah, /"
aa,B,right/UH ./.,right. /
sd,A,"Um/UH ,/, something/NN that/WDT I/PRP ,/, I/PRP think/VBP that/WDT I/PRP 've/VBP noticed/VBN that/IN","{F Um, } something [ that + [ I, + I ] think that I've noticed that ] - /"
sd,A,"I/PRP ,/, I/PRP have/VBP a/DT friend/NN ,/,","[ I, + I ] have a friend, /"
sd,A,"I/PRP think/VBP if/IN you/PRP 're/VBP going/VBG into/IN like/UH ,/, uh/UH ,/, law/NN or/CC medicine/NN ,/, a/DT very/RB particular/JJ ,/, very/JJ specific/JJ field/NN ,/, even/RB ,/, even/RB engineering/NN ,/, you/PRP can/MD get/VB ,/, you/PRP can/MD meet/VB a/DT lot/NN of/IN the/DT requirements/NNS at/IN a/DT public/JJ ,/, um/UH ,/, institution/NN ./.","I think if you're going into {D like, } {F uh, } law or medicine, a very particular, very specific field, [ even, + even ] engineering, [ you can get, + you can meet ] a lot of the requirements at a public, {F um, } institution. /"
b,B,Sure/UH ./.,Sure. /
sd,A,"And/CC ,/, uh/UH ,/, it/PRP 's/BES a/DT lot/RB cheaper/JJR ./.","{C And, } {F uh, } it's a lot cheaper. /"
aa,B,"Oh/UH ,/, yeah/UH ./.","{F Oh, } yeah. /"
sd,A,"My/PRP$ parents/NNS ,/, my/PRP$ parents/NNS made/VBD a/DT mistake/NN in/IN ,/, uh/UH ,/, in/IN sending/VBG my/PRP$ sister/NN to/IN a/DT private/JJ institution/NN for/IN the/DT first/JJ two/CD years/NNS ./.","[ My parents, + my parents ] made a mistake [ in, + {F uh, } in ] sending my sister to a private institution for the first two years. /"
%,B,Um/UH ./.,{F Um. } /
sd,A,"And/CC she/PRP found/VBD out/RP after/IN that/DT ,/,","{C And } she found out after that, /"
sd,A,"she/PRP said/VBD ,/, you/PRP know/VBP ,/, my/PRP$ parents/NNS ,/, they/PRP just/RB ,/, they/PRP really/RB wasted/VBD a/DT lot/NN of/IN money/NN ./.","she said, {D you know, } my parents, [ they just, + they ] really wasted a lot of money. /"
sd,A,This/DT is/VBZ about/RB twenty/CD years/NNS ago/RB ./.,This is about twenty years ago. /
b,B,Uh-huh/UH ./.,Uh-huh. /
sd,A,"But/CC ,/, uh/UH ,/, well/UH ,/, right/RB now/RB I/PRP just/RB ,/,","{C But, } {F uh, } {D well, } right now I just, - /"
sv,A,"I/PRP mean/VBP as/RB far/RB as/IN selecting/VBG ,/, selecting/VBG a/DT school/NN ,/, I/PRP ,/, I/PRP ,/, I/PRP feel/VBP that/DT ,/, uh/UH ,/, a/DT lot/NN of/IN it/PRP depends/VBZ upon/IN the/DT major/NN ./.","{E I mean } as far as [ selecting, + selecting ] a school, [ [ I, + I, ] + I ] feel that, {F uh, } a lot of it depends upon the major. /"
aa,B,"Yeah/UH ,/,","Yeah, /"
sv,B,"it/PRP does/VBZ ./. Um/UH ,/,","it does. {F Um, } /"
sd,B,"I/PRP did/VBD n't/RB know/VB what/WP I/PRP wanted/VBD to/TO do/VB after/IN I/PRP got/VBD my/PRP$ ,/, my/PRP$ degree/NN ./.","I didn't know what I wanted to do after I got [ my, + my ] degree. /"
b,A,Uh-huh/UH ./.,Uh-huh. /
sd,B,"Um/UH ,/, originally/RB I/PRP had/VBD planned/VBN ,/, uh/UH ,/, undergrad/NN degree/NN in/IN political/JJ science/NN and/CC then/RB a/DT master/NN 's/POS in/IN public/JJ administration/NN ./.","{F Um, } originally I had planned, {F uh, } undergrad degree in political science and then a master's in public administration. /"
sd,B,And/CC I/PRP went/VBD ahead/RB and/CC pursued/VBD that/DT ./.,{C And } I went ahead and pursued that. /
sd,B,"I/PRP ,/, I/PRP got/VBD as/RB far/RB as/IN the/DT thesis/NN ,/, and/CC decided/VBD ,/, To/IN hell/NN with/IN it/PRP ,/,","[ I, + I ] [ got + as far as the thesis, and decided, To hell with it, /"
sd,B,I/PRP did/VBD n't/RB want/VB it/PRP ./.,I didn't want it. /
sd,B,"Um/UH ,/, and/CC from/IN that/DT point/NN I/PRP went/VBD to/IN law/NN school/NN ./.","{F Um, } {C and } from that point I went to law school. /"
b,A,Uh-huh/UH ./.,Uh-huh. /
sd,B,And/CC after/IN a/DT year/NN and/CC a/DT half/NN of/IN that/DT I/PRP decided/VBD I/PRP did/VBD n't/RB want/VB that/DT either/RB ./.,{C And } after a year and a half of that I decided I didn't want that either <laughter>. /
b,A,Okay/UH ./.,<Laughter> Okay. /
sd,B,Have/VBP n't/RB figured/VBN out/RP what/WP I/PRP want/VBP to/TO be/VB when/WRB I/PRP grow/VBP up/RP ./.,Haven't figured out what I want to be when I grow up. /
b,A,Yeah/UH ./.,Yeah. /
sd,B,"And/CC so/RB ,/, but/CC I/PRP ,/, I/PRP ,/, I/PRP really/RB did/VBD enjoy/VB the/DT law/NN ./.","[ {C And so, } + {C but } ] [ [ I, + I, ] + I ] really did enjoy the law. /"
sd,B,"I/PRP mean/VBP ,/, that/DT 's/BES ,/, that/DT 's/BES where/WRB I/PRP wanted/VBD to/TO be/VB ,/,","{E I mean, } [ that's, + that's ] where I wanted to be, /"
sd,B,"but/CC I/PRP did/VBD n't/RB want/VB to/TO go/VB through/IN the/DT ,/, uh/UH ,/, the/DT hassle/NN that/WDT the/DT law/NN schools/NNS put/VBD you/PRP through/IN ,/, because/IN I/PRP never/RB did/VBD want/VB to/TO be/VB a/DT practicing/VBG attorney/NN ./.","{C but } I didn't want to go through [ the, + {F uh, } the ] hassle that the law schools put you through, because I never did want to be a practicing attorney. /"
sd,B,I/PRP just/RB wanted/VBD a/DT law/NN degree/NN ./.,I just wanted a law degree. /
b,A,Uh-huh/UH ./.,Uh-huh. /
sd,B,And/CC I/PRP 've/VBP since/RB discovered/VBN that/IN I/PRP would/MD be/VB far/RB better/JJR off/IN being/VBG in/IN the/DT paralegal/JJ field/NN ./.,{C And } I've since discovered that I would be far better off being in the paralegal field.
b,A,Yeah/UH ./.,Yeah. /
+,B,"Because/IN that/DT 's/BES the/DT nuts/NNS and/CC bolts/NNS of/IN the/DT law/NN ,/, and/CC that/DT 's/BES what/WP I/PRP like/VBP ,/,","Because that's the nuts and bolts of the law, and that's what I like, /"
sd,B,and/CC you/PRP do/VBP n't/RB have/VB to/TO put/VB up/RP with/IN all/PDT the/DT B/NN S/NN that/WDT the/DT lawyers/NNS have/VBP to/TO ./.,{C and } you don't have to put up with all the B S that the lawyers have to. /
b,A,Right/UH ./.,Right. /
sd,B,"So/RB that/DT 's/BES ,/, that/DT 's/BES what/WP I/PRP 'm/VBP pursuing/VBG right/RB now/RB --/:","{C So } [ that's, + that's ] what I'm pursuing right now -- /"
%,A,Um/UH ./.,{F Um. } /
sd,B,--/: and/CC I/PRP 'm/VBP pretty/RB happy/JJ with/IN it/PRP so/RB far/RB ./.,-- {C and } I'm pretty happy with it so far. /
b,A,"Yeah/UH ,/,","Yeah, /"
b,A,"yeah/UH ,/,","yeah, /"
sd,A,"I/PRP 'm/VBP ,/, I/PRP 'm/VBP pursuing/VBG what/WP they/PRP ,/, what/WP 's/BES ,/, what/WP 's/BES called/VBN an/DT interdisciplinary/JJ field/NN ./.","[ I'm, + I'm ] pursuing [ [ what they, + what's, ] + what's ] called an interdisciplinary field. /"
sd,A,I/PRP 'm/VBP a/DT speech/NN therapy/NN major/NN --/:,I'm a speech therapy major -- /
b,B,Uh-huh/UH ./.,Uh-huh. /
sd,A,"--/: and/CC fortunately/RB I/PRP have/VBP a/DT lot/NN of/IN ,/, I/PRP have/VBP a/DT good/JJ medical/JJ background/NN ,/,","-- {C and } fortunately [ I have a lot of, + I have a ] good medical background, /"
b,B,Yeah/UH ./.,Yeah. /
%,A,"and/CC ,/,","{C and, } -/"
sv,B,that/DT 's/BES probably/RB very/RB useful/JJ ./.,that's probably very useful. /
aa,A,"Yeah/UH ,/,","Yeah, /"
sd,A,"it/PRP 's/BES ,/, it/PRP 's/BES actually/RB turning/VBG out/RP to/TO be/VB more/RBR ,/, more/RBR useful/JJ than/IN what/WP I/PRP thought/VBD ./.","[ it's, + it's ] actually turning out to be [ more, + more ] useful than what I thought. /"
b,B,Uh-huh/UH ./.,Uh-huh. /
sd,A,"And/CC ,/, um/UH ,/, I/PRP also/RB have/VBP a/DT good/JJ languages/NNS background/NN ,/, linguistics/NN ./.","{C And, } {F um, } I also have a good languages background, linguistics."
b,B,Uh-huh/UH ./.,Uh-huh. /
+,A,And/CC some/DT psychology/NN ./.,And some psychology. /
sd,A,"So/RB ,/, it/PRP 's/BES all/DT working/VBG together/RB ./.","{D So, } it's all working together. /"
b,B,Yeah/UH ./.,Yeah. /
sd,A,"The/DT only/JJ field/NN I/PRP 'm/VBP not/RB familiar/JJ with/IN really/RB is/VBZ education/NN ,/, which/WDT is/VBZ required/VBN ,/, MUMBLEx/XX requires/VBZ about/RB four/CD or/CC five/CD different/JJ fields/NNS --/:","The only field I'm not familiar with really is education, which [ is required, + (( )) requires ] about four or five different fields --"
ba,B,"Oh/UH ,/, good/JJ grief/NN ./.","{F Oh, } good grief. /"
+,A,--/: really/UH ./.,-- really. /
%,A,"So/RB it/PRP 's/BES a/DT ,/,","{C So } it's a, -/"
b,B,"Yeah/UH ,/,","Yeah, /"
sd,B,"I/PRP thought/VBD at/IN one/CD time/NN I/PRP wanted/VBD to/TO be/VB a/DT teacher/NN ,/,","I thought at one time I wanted to be a teacher, /"
sd,B,"but/CC I/PRP ,/, I/PRP quickly/RB dispelled/VBD that/DT idea/NN when/WRB I/PRP became/VBD a/DT substitute/JJ teacher/NN for/IN a/DT while/NN ,/, just/RB to/TO get/VB my/PRP$ feet/NNS wet/JJ ./.","{C but } [ I, + I ] quickly dispelled that idea when I became a substitute teacher for a while, just to get my feet wet. /"
sd,A,Uh-huh/UH ./.,Uh-huh. /
sd,B,"I/PRP said/VBD ,/, uh/UH ,/, I/PRP could/MD n't/RB do/VB this/DT everyday/RB ./.","I said, {F uh, } I couldn't do this everyday. /"
x,A,./.,<Laughter>.
sd,B,No/DT way/NN ./.,No way. /
%,A,Well/UH ./.,{D Well. } -/
sv,B,"Maybe/RB ,/, maybe/RB being/VBG a/DT tenured/JJ professor/NN would/MD be/VB one/CD thing/NN ,/, but/CC being/VBG a/DT public/JJ school/NN teacher/NN is/VBZ entirely/RB another/DT thing/NN ./.","[ Maybe, + maybe ] being a tenured professor would be one thing, but being a public school teacher is entirely another thing. /"
bf,A,"Oh/UH ,/, so/RB you/PRP are/VBP a/DT disgruntled/JJ graduate/NN student/NN ./.","{F Oh, } {D so } you are a disgruntled graduate student <laughter>. /"
sd,B,"I/PRP am/VBP a/DT dis/JJ ,/, I/PRP am/VBP ,/, I/PRP am/VBP just/RB a/DT disgruntled/JJ person/NN all/DT around/RB ./.","[ I am a dis-, + [ I am, + I am ] just a disgruntled ] person all around <laughter>. /"
%,A,Oh/UH ./.,{F Oh } <laughter>. /
sd,B,"I/PRP 'm/VBP the/DT ,/, uh/UH ,/, I/PRP 'm/VBP the/DT ,/, uh/UH ,/, original/JJ ,/, uh/UH ,/, Mister/NNP Scrooge/NNP ,/, I/PRP guess/VBP ./.","[ I'm the, + {F uh, } I'm the, ] {F uh, } original, {F uh, } Mister Scrooge, I guess. /"
b,A,"Yeah/UH ,/,","Yeah, /"
"fo_o_fw_""_by_bc",A,"Bah/UH ,/, humbug/UH ./.","Bah, humbug. /"
aa,B,"Yeah/UH ,/,","Yeah, /"
"fo_o_fw_""_by_bc",B,"bah/UH ,/, humbug/UH ./.","bah, humbug. /"
%,B,"Yeah/UH ,/,","Yeah, /"
%,B,"I/PRP just/RB ,/,","I just, -/"
%,A,"I/PRP ,/, I/PRP ,/, I/PRP think/VBP ,/,","[ [ I, + I, ] + I ] think, - /"
b,A,"yeah/UH ,/,","yeah, /"
%,A,"there/EX is/VBZ ,/,","there is, - /"
sv,A,"I/PRP ,/, I/PRP ,/, I/PRP think/VBP ,/, uh/UH ,/, law/NN would/MD be/VB a/DT fine/JJ field/NN ,/, a/DT fine/JJ profession/NN ,/, fine/JJ field/NN to/TO go/VB into/IN ./.","[ [ I, + I, ] + I ] think, {F uh, } law would be [ a fine field, + a fine profession, ] fine field to go into. /"
sd,A,"Um/UH ,/, I/PRP know/VBP one/CD time/NN I/PRP was/VBD in/IN a/DT political/JJ science/NN class/NN ,/,","{F Um, } I know one time I was in a political science class, /"
sd,A,"and/CC you/PRP know/VBP ,/, talking/VBG about/IN fields/NNS ,/, people/NNS going/VBG into/IN different/JJ fields/NNS ,/, I/PRP made/VBD an/DT off/IN ,/, off/IN the/DT cuff/NN remark/NN about/IN lawyers/NNS ,/,","{C and } {D you know, } talking about fields, people going into different fields, I made an [ off, + off ] the cuff remark about lawyers,"
x,B,./.,<Laughter>.
+,A,about/IN their/PRP$ integrity/NN being/VBG questionable/JJ ./.,about their integrity being questionable. /
sd,A,"And/CC I/PRP mean/VBP ,/, oh/UH ,/, that/DT was/VBD like/IN a/DT can/NN of/IN worms/NNS ./.","{C And } {E I mean, } {F oh, } that was like a can of worms. /"
sv,B,"Probably/RB ,/, you/PRP probably/RB got/VBD everybody/NN on/IN you/PRP ,/, because/IN they/PRP were/VBD probably/RB all/DT going/VBG to/IN law/NN school/NN ./.","[ Probably, + you probably ] got everybody on you, because they were probably all going to law school. /"
ar,A,"No/UH ,/,","No, /"
sd,A,"there/EX was/VBD a/DT woman/NN ,/,","there was a woman, /"
sd,A,"she/PRP said/VBD My/PRP$ ,/, my/PRP$ best/JJS friends/NNS are/VBP lawyers/NNS and/CC you/PRP know/VBP ,/, all/PDT this/DT ,/,","she said <<imitating a woman>> [ My, + my ] best friends are lawyers <</imitating a woman>> and {D you know, } all this, /"
sd,A,and/CC it/PRP was/VBD just/RB ./.,{C and } it was just <laughter>. -/
sv,B,"Well/UH ,/, that/DT remark/NN in/IN itself/PRP is/VBZ a/DT slam/NN ./.","{D Well, } that remark in itself is a slam <<imitating a woman>>. /"
^q,B,My/PRP$ best/JJS friends/NNS are/VBP lawyers/NNS ./.,My best friends are lawyers <</imitating a woman>>. /
aa,A,"Yeah/UH ,/,","Yeah, /"
aa,A,I/PRP know/VBP ./.,I know. /
^q,B,"You/PRP know/VBP ,/, like/IN ,/, like/IN ,/, uh/UH ,/, my/PRP$ best/JJS friends/NNS are/VBP blacks/NNS ./.","{D You know, } {D like, } {D like, } {F uh, } my best friends are blacks <laughter>. /"
^q,A,"Or/CC Jewish/NNP ,/,","Or Jewish, /"
sd,A,"it/PRP used/VBD to/TO be/VB Jewish/NNP ,/, you/PRP know/VBP ./.","it used to be Jewish, {D you know. } /"
b^m,B,"Jewish/NNP ,/,","Jewish, /"
b^m,B,now/RB blacks/NNS --/:,now blacks -- /
b,A,Yeah/UH ./.,Yeah. /
sd,B,"--/: and/CC I/PRP guess/VBP ,/, I/PRP ,/, I/PRP ,/, guess/VBP Iraqi/NNP now/RB is/VBZ the/DT ./.","-- {C and } [ I guess, + [ I, + I, ] guess ] Iraqi now is the <laughter>. -/"
aa,A,"I/PRP know/VBP ,/,","<Laughter> I know, /"
%,A,"it/PRP 's/BES ,/,","it's, - /"
%,A,"but/CC ,/,","{C but, } -/"
sd,B,"Law/NN ,/, law/NN was/VBD a/DT lot/NN of/IN fun/NN until/IN you/PRP get/VBP to/IN law/NN school/NN --/:","[ Law, + law ] was a lot of fun until you get to law school -- /"
b,A,Yeah/UH ./.,Yeah. /
sd,B,--/: and/CC it/PRP does/VBZ n't/RB become/VB fun/NN anymore/RB ./.,-- {C and } it doesn't become fun anymore. /
b,A,"Yeah/UH ,/,","Yeah, /"
sd,A,I/PRP have/VBP a/DT I/PRP have/VBP a/DT friend/NN ./.,[ I have a + <throat_clearing> I have a ] friend. /
sd,A,"She/PRP 's/BES studying/VBG ,/, she/PRP 's/BES going/VBG into/IN law/NN ,/,","[ She's studying, + she's going into ] law, /"
sd,A,"another/DT friend/NN going/VBG into/IN law/NN ,/,","another friend going into law, /"
%,A,"and/CC ,/, she/PRP 's/BES ,/,","{C and, } she's, - /"
sd,A,"I/PRP ,/, I/PRP ,/, I/PRP 'm/VBP really/RB ,/, I/PRP 'm/VBP really/RB concerned/VBN about/IN ,/, you/PRP know/VBP ,/,","[ [ [ I, + I, ] + I'm really, ] + I'm really ] concerned about, {D you know, } - /"
sd,A,"she/PRP 's/BES just/RB going/VBG to/TO be/VB ,/, you/PRP know/VBP ,/,","she's just going to be, <clanking> {D you know, } - /"
qh,A,what/WP 's/BES going/VBG to/TO happen/VB when/WRB she/PRP gets/VBZ there/RB ./.,what's going to happen when she gets there. /
b,B,"Yeah/UH ,/,","Yeah, /"
%,B,"you/PRP going/VBG ,/,","you going, -/"
sv,A,"You/PRP know/VBP ,/, all/DT of/IN her/PRP$ dreams/NNS will/MD be/VB dispelled/VBN ./.","{D You know, } all of her dreams will be dispelled <laughter>. /"
aa,B,"Oh/UH ,/, yeah/UH ./.","{F Oh, } yeah. /"
aa,B,"Yeah/UH ,/,","Yeah, /"
sd,B,"if/IN ,/, if/IN ,/, if/IN you/PRP 've/VBP ever/RB seen/VBN the/DT program/NN PAPER/NN CHASE/NN --/:","[ [ if, + if, ] + if ] you've ever seen the program PAPER CHASE --"
b,A,Yeah/UH ./.,Yeah. /
+,B,"--/: it/PRP 's/BES very/RB much/JJ like/IN that/DT ,/, except/IN worse/JJR ./.","-- it's very much like that, except worse. /"
b,A,"Yeah/UH ,/,","Yeah, /"
sv,A,"it/PRP 's/BES I/PRP ,/, I/PRP think/VBP it/PRP 's/BES probably/RB more/RBR embarrassing/VBG and/CC very/RB painful/JJ ./.","[ it's + [ I, + I ] think it's ] probably more embarrassing and very painful. /"
aa,B,It/PRP is/VBZ ./.,It is. /
sd,A,I/PRP see/VBP --/:,[ I see -- +
aa,B,"Yeah/UH ,/,","Yeah, /"
aa,B,very/RB much/RB so/RB ./.,very much so. /
+,A,--/: I/PRP see/VBP that/DT happening/VBG ./.,-- I see ] that happening. /
aa,B,"Yeah/UH ,/,","Yeah, /"
sd,B,"it/PRP 's/BES ,/, it/PRP 's/BES a/DT lot/NN of/IN that/DT ./. Um/UH --/:","[ it's, + it's ] a lot of that. {F Um } -- /"
b,A,Yeah/UH ./.,Yeah. /
sd,B,"--/: it/PRP ,/, it/PRP was/VBD enjoyable/JJ for/IN a/DT while/NN ,/, um/UH ,/,","-- [ it, + it ] was enjoyable for a while, {F um, } /"
sd,B,but/CC it/PRP 's/BES such/PDT a/DT grind/NN --/:,{C but } it's such a grind -- /
b,A,Yeah/UH ./.,Yeah. /
sd,B,"--/: and/CC you/PRP begin/VBP to/TO wonder/VB ,/, you/PRP know/VBP ,/,","-- {C and } you begin to wonder, {D you know, } /"
sd,B,"if/IN ,/, if/IN I/PRP 'm/VBP not/RB ,/, I/PRP mean/VBP ,/,","[ if, + if ] I'm not, {E I mean, } - /"
sd,B,you/PRP really/RB have/VBP to/TO be/VB dead/RB set/JJ on/IN being/VBG a/DT lawyer/NN to/TO do/VB it/PRP ./.,you really have to be dead set on being a lawyer to do it. /
b,A,Uh-huh/UH ./.,Uh-huh. /
sv,B,"If/IN you/PRP have/VBP any/DT doubts/NNS whatsoever/WP ,/, you/PRP better/RB not/RB get/VBP into/IN it/PRP ./.","If you have any doubts whatsoever, you better not get into it. /"
b,A,Uh-huh/UH ./.,Uh-huh. /
sd,B,"I/PRP mean/VBP ,/, I/PRP wasted/VBD a/DT year/NN and/CC a/DT half/NN of/IN awfully/RB hard/JJ ,/,","{E I mean, } I wasted a year and a half of awfully hard, - /"
sd,B,and/CC I/PRP aged/VBD ten/CD years/NNS ./.,{C and } I aged ten years. /
b,A,Uh-huh/UH ./.,Uh-huh. /
sd,B,"But/CC I/PRP ,/, I/PRP ,/, I/PRP would/MD n't/RB trade/VB the/DT experience/NN for/IN anything/NN in/IN the/DT world/NN ./.","{C But } [ [ I, + I, ] + I ] wouldn't trade the experience for <barking> anything in the world. /"
sv,B,It/PRP never/RB hurts/VBZ to/TO have/VB some/DT kind/NN of/IN a/DT grounding/NN in/IN law/NN ./.,It never hurts to have some kind of a grounding in law. /
b,A,"Yeah/UH ,/,","Yeah, /"
sd,A,"I/PRP went/VBD to/IN a/DT language/NN school/NN ,/,","I went to a language school, /"
sd,A,"and/CC ,/, and/CC that/DT was/VBD a/DT ,/, it/PRP was/VBD a/DT ,/, an/DT un-/NNP ,/, I/PRP guess/VBP ,/, uh/UH ,/, United/NNP States/NNPS institution/NN ./.","[ {C and, } + {C and } ] [ that was a, + it was [ a, + an ] ] [ un-, + ] I guess, {F uh, } <throat_clearing> United States institution. /"
sd,A,I/PRP was/VBD military/NN at/IN the/DT time/NN ./.,I was military at the time <barking>. /
sv,A,"And/CC I/PRP ,/, I/PRP think/VBP --/:","{C And } [ I, + I ] think --"
qw,B,What/WP branch/NN were/VBD you/PRP in/IN ?/.,What branch were you in? /
+,A,--/: probably/RB the/DT biggest/JJS ./.,-- probably the biggest. - /
br,A,Huh/UH ?/.,{F Huh? } /
qw,B,What/WP branch/NN were/VBD you/PRP in/IN ?/.,What branch were you in? /
sd,A,I/PRP was/VBD in/IN the/DT Air/NNP Force/NNP ?/.,I was in the Air Force? /
sd,B,I/PRP was/VBD too/RB ./.,I was too. /
b,A,"Yeah/UH ,/,","Yeah, /"
b,A,"yeah/UH ,/,","yeah, /"
sd,A,"for/IN myself/PRP ,/, I/PRP mean/VBP ,/, I/PRP think/VBP that/DT military/JJ experience/NN was/VBD fine/JJ ,/,","for myself, {E I mean, } I think that military experience <noise> was fine, /"
sd,A,"it/PRP was/VBD just/RB ,/, I/PRP just/RB wish/VBP that/IN there/EX was/VBD something/NN else/RB that/WDT ,/, that/WDT ,/, that/WDT I/PRP could/MD have/VB done/VBN ,/, you/PRP know/VBP ,/, with/IN ,/,","[ it was just, + I just wish ] that there was something else </noise> [ [ that, + that, ] + that ] I could have done, {D you know, } with, -/"
sd,B,"Well/UH ,/, I/PRP got/VBD ,/, I/PRP got/VBD tired/VBN of/IN the/DT service/NN after/IN a/DT while/NN ,/, I/PRP mean/VBP","{D Well, } [ I got, + I got ] tired of the service after a while, {E I mean } /"
%,B,"it/PRP ,/,","it, - /"
sd,B,"I/PRP had/VBD a/DT terrific/JJ job/NN ,/, really/RB enjoyed/VBN it/PRP ./.","I had a terrific job, really enjoyed it. /"
b,A,"Yeah/UH ,/,","Yeah, /"
qw,A,"what/WP ,/, what/WP was/VBD your/PRP$ job/NN ?/.","[ what, + what ] was your job? /"
sd,B,"Uh/UH ,/, command/NN post/NN ./.","{F Uh, } command post. /"
sd,A,"Uh/UH ,/, I/PRP was/VBD ,/, I/PRP was/VBD a/DT linguist/NN ./.","{F Uh, } [ I was, + I was ] a linguist <noise>. /"
qy,B,"I/PRP was/VBD just/RB wondering/VBG ,/, were/VBD you/PRP in/IN SAC/NNP by/IN any/DT chance/NN ?/. ./.","I was just wondering, were you in SAC by any chance? </noise>. /"
%,A,Um/UH ./.,{F Um. } /
qy,B,Were/VBD you/PRP in/IN SAC/NNP ?/.,Were you in SAC? /
br,A,In/IN Tak/NNP ?/.,In Tak? /
sd,B,SAC/NNP ./.,SAC. /
nn,A,"Uh/UH ,/, no/UH","{F Uh, } no /"
sd,A,I/PRP was/VBD n't/RB ./.,I wasn't. /
bk,B,"Oh/UH ,/, okay/UH ,/,","{F Oh, } okay, /"
sv,B,"I/PRP ,/, I/PRP thought/VBD maybe/RB you/PRP might/MD have/VB had/VBN some/DT experience/NN with/IN the/DT ,/, uh/UH ,/, R/NN C/NN one/NN thirty-fives/NNS ./.","[ I, + I ] thought maybe you might have had some experience with the, {F uh, } R C one thirty-fives. /"
ar,A,"No/UH ,/,","No, /"
ar,A,"no/UH ,/,","no, /"
sd,A,"I/PRP did/VBD n't/RB ,/, I/PRP did/VBD n't/RB go/VB flight/NN crew/NN ./.","[ I didn't, + I didn't ] go flight crew. /"
sd,A,"Matter/NN of/IN fact/NN ,/, I/PRP did/VBD n't/RB make/VB it/PRP completely/RB through/IN that/DT ,/, through/IN that/DT field/NN ./.","Matter of fact, I didn't make it completely [ through that, + through that ] field. /"
sd,A,"I/PRP ,/, was/VBD in/IN intelligence/NN school/NN and/CC about/IN three/CD weeks/NNS short/RB ./.","I, was in intelligence school and about three weeks short. /"
%,B,Oh/UH ./.,{F Oh. } /
sd,A,"I/PRP did/VBD n't/RB make/VB it/PRP ,/,","I didn't make it, /"
sd,A,I/PRP sort/RB of/RB washed/VBD out/RP ./.,I sort of washed out. /
%,B,"Well/UH ,/,","<Laughter> {D Well, } /"
x,A,./.,<Throat_clearing>.
%,B,Well/UH ./.,{D Well. } /
b,A,Yeah/UH,Yeah /
sd,A,after/IN about/RB eighteen/CD months/NNS of/IN talking/VBG about/IN the/DT --/:,after about eighteen months of talking about the --
b,B,Uh-huh/UH ./.,Uh-huh. /
+,A,"--/: year/NN and/CC a/DT half/NN training/NN ,/, you/PRP know/VBP ,/, it/PRP 's/BES ,/, it/PRP 's/BES something/NN ,/, you/PRP know/VBP ,/,","-- year and a half training, {D you know, } [ it's, + it's ] something, {D you know, } - /"
sv,A,"I/PRP think/VBP that/DT 's/BES why/WRB ,/, you/PRP know/VBP ,/, children/NNS really/RB need/VBP to/TO think/VB about/IN the/DT field/NN they/PRP 're/VBP going/VBG to/TO ,/, going/VBG into/IN ,/, and/CC I/PRP mean/VBP ,/, spend/VBP a/DT lot/NN of/IN serious/JJ --/:","I think that's why, {D you know, } children really need to think about the field they're [ going to, + going into, ] and {E I mean, } spend a lot of serious --"
b,B,Yeah/UH ./.,Yeah. /
+,A,"--/: reading/NN before/IN they/PRP ,/, I/PRP mean/VBP ,/, not/RB just/RB --/:","-- reading [ before they, + ] {E I mean, } not just --"
b,B,Yeah/UH ./.,Yeah. /
+,A,--/: thinking/VBG about/IN ./.,-- thinking about. /
sv,A,They/PRP actually/RB should/MD do/VB some/DT reading/NN --/:,They actually should do some reading -- /
aa,B,"That/DT 's/BES right/JJ ,/,","That's right, /"
sv,B,"and/CC it/PRP ,/,","[ {C and } it, +"
^2,A,--/: and/CC they/PRP should/MD study/VB it/PRP ./.,-- {C and } they should study it. /
+,B,And/CC if/IN it/PRP 's/BES possible/JJ even/RB get/VB some/DT experience/NN at/IN it/PRP or/CC at/IN least/JJS watch/VB some/DT people/NNS --/:,And if it's ] possible even get some experience at it {C or } at least watch some people --
b,A,Yeah/UH ./.,Yeah. /
+,B,--/: do/VBP it/PRP ./.,-- do it. /
sv,A,"I/PRP ,/, I/PRP ,/, I/PRP ,/, I/PRP think/VBP ,/, I/PRP think/VBP there/EX 's/BES a/DT lot/NN to/TO be/VB said/VBN for/IN kids/NNS working/VBG --/:","[ [ [ [ I, + I, ] + I, ] + I think, ] + I think ] there's a lot to be said for kids working --"
aa,B,"Uh-huh/UH ,/,","Uh-huh, /"
aa,B,sure/UH ./.,sure. /
+,A,--/: after/IN school/NN ./.,-- after school. /
sv,A,"I/PRP mean/VBP ,/, they/PRP ,/, they/PRP find/VBP out/RP whether/IN ,/, just/RB how/WRB much/RB of/IN a/DT people/NNS person/NN they/PRP are/VBP ./.","{E I mean, } [ they, + they ] find out [ whether, + ] just how much of a people person they are. /"
aa,B,"That/DT 's/BES true/JJ ,/,","That's true, /"
sd,B,I/PRP found/VBD that/DT out/RP when/WRB I/PRP was/VBD in/IN high/JJ school/NN ./.,I found that out when I was in high school. /
sd,B,I/PRP worked/VBD at/IN McDonald/NNP 's/POS ./.,I worked at McDonald's. /
^h,A,"Oh/UH ,/, and/CC I/PRP tell/VBP you/PRP what/WP ,/,","{F Oh, } {C and } I tell you what, /"
sd,A,"I/PRP worked/VBD at/IN McDonald/NNP 's/POS as/RB well/RB ,/,","I worked at McDonald's as well, /"
h,A,"and/CC I/PRP ,/, I/PRP can/MD tell/VB you/PRP one/CD thing/NN ,/,","{C and } [ I, + I ] can tell you one thing, /"
sv,A,"there/EX are/VBP just/RB some/DT people/NNS that/WDT I/PRP ,/, you/PRP know/VBP ,/,","there are just some people that I, {D you know, } - /"
sv,A,"you/PRP just/RB came/VBD to/IN the/DT point/NN where/WRB I/PRP mean/VBP ,/,","you just came to the point where <throat_clearing> {E I mean, } - /"
sd,A,"and/CC oh/UH ,/, I/PRP eventually/RB worked/VBD in/IN a/DT lab/NN ,/, in/IN a/DT la-/NN ,/, as/IN a/DT lab/NN technician/NN ,/,","{C and } {F oh, } I eventually worked [ [ in a lab, + in a la-, ] + as a lab technician, ] /"
sd,A,and/CC I/PRP worked/VBD front/JJ desk/NN ./.,{C and } I worked front desk. /
sd,A,"And/CC I/PRP mean/VBP ,/, somebody/NN could/MD walk/VB in/IN the/DT door/NN ,/,","{C And } {E I mean, } somebody could walk in the door, /"
sd,A,and/CC I/PRP knew/VBD exactly/RB what/WP they/PRP were/VBD going/VBG to/TO do/VB and/CC say/VB ./.,{C and } I knew exactly what they were going to do {C and } say. /
aa,B,"Yeah/UH ,/,","Yeah, /"
aa,B,yeah/UH,yeah /
sd,B,I/PRP was/VBD the/DT same/JJ way/NN too/RB ./.,I was the same way too. /
sd,B,I/PRP 'm/VBP not/RB a/DT people/NNS person/NN ./.,I'm not a people person. /
sd,B,"I/PRP ,/, I/PRP ,/, I/PRP hate/VBP ,/, um/UH ,/, having/VBG to/TO play/VB such/PDT a/DT nice/JJ guy/NN ./.","[ [ I, + I, ] + I ] hate, {F um, } having to play such a nice guy."
b,A,Yeah/UH ./.,Yeah. /
+,B,"You/PRP know/VBP ,/, especially/RB when/WRB it/PRP 's/BES all/RB phony/JJ ./.","{D You know, } especially when it's all phony."
b,A,Uh-huh/UH ./.,Uh-huh. /
+,B,"Especially/RB when/WRB you/PRP got/VBD some/DT ,/, uh/UH ,/, jerk/NN coming/VBG in/IN ./.","Especially when you got some, {F uh, } jerk coming in. /"
b,A,Uh-huh/UH ./.,Uh-huh. /
%,B,"I/PRP ,/,","I, - /"
sd,B,it/PRP 's/BES just/RB not/RB for/IN me/PRP ./.,it's just not for me. /
sd,B,"I/PRP 'm/VBP ,/, uh/UH ,/, I/PRP deal/VBP much/RB better/RB in/IN research/NN and/CC books/NNS ,/, and/CC stuff/NN like/IN that/DT --/:","[ I'm, + {F uh, } I ] deal much better in research and books, and stuff like that --"
b,A,Uh-huh/UH ./.,Uh-huh. /
+,B,--/: which/WDT is/VBZ why/WRB I/PRP 'm/VBP going/VBG to/TO enjoy/VB the/DT paralegal/JJ field/NN a/DT lot/NN ./.,-- which is why I'm going to enjoy the paralegal field a lot. /
b,A,"Yeah/UH ,/,","Yeah, /"
ba,A,that/DT 's/BES good/JJ ./.,that's good. /
sd,A,"I/PRP was/VBD just/RB wondering/VBG ,/, um/UH ,/, getting/VBG back/RB to/IN the/DT school/NN thing/NN ,/, so/UH ,/, I/PRP ,/, I/PRP almost/RB wish/VBP that/IN there/EX was/VBD something/NN .../:","I was just wondering, {F um, } getting back to the school thing, [ so, + ] [ I, + I ] almost wish that there was something ... -/"
