act_tag,speaker,pos,text
qo,A,"Well/UH ,/, what/WP d/VBP ,/, do/VBP you/PRP think/VB in/IN terms/NNS of/IN ,/, uh/UH ,/, benefits/NNS ?/.","{D Well, } what [ d-, + do ] you think in terms of, {F uh, } benefits? /"
%,B,"Well/UH ,/, personally/RB ,/, you/PRP know/VBP ,/, I/PRP think/VBP ,/, you/PRP know/VBP ,/,","{D Well, } personally, {D you know, } I think, {D you know, } - /"
sv,B,of/IN course/NN I/PRP 'm/VBP sure/JJ we/PRP 're/VBP familiar/JJ with/IN the/DT exact/JJ same/JJ benefit/NN package/NN,of course I'm sure we're familiar with the exact same benefit package /
sv,B,"and/CC I/PRP think/VBP that/IN ,/, uh/UH ,/, we/PRP 've/VBP probably/RB got/VBN one/CD of/IN the/DT best/JJS around/IN ,/, you/PRP know/VBP ,/,","{C and } I think that, {F uh, } we've probably got one of the best around, {D you know, } /"
sv,B,"besides/IN ,/, they/PRP tend/VBP to/TO offer/VB ad/JJ ,/, adequate/JJ vacation/NN ,/, I/PRP guess/VBP ./.","besides, they tend to offer [ ad-, + adequate ] vacation, I guess. /"
sv,B,"And/CC the/DT paid/VBN time/NN off/RP is/VBZ wonderful/JJ ,/,","{C And } the paid time off is wonderful, /"
sd,B,"and/CC ,/, uh/UH ,/, one/CD of/IN the/DT things/NNS that/WDT we/PRP were/VBD just/RB talking/VBG about/IN as/IN a/DT matter/NN of/IN fact/NN this/DT week/NN at/IN work/NN was/VBD the/DT CODA/NNP Plan/NN that/WDT is/VBZ offered/VBN","{C and, } {F uh, } one of the things that we were just talking about as a matter of fact this week at work was the CODA Plan that is offered /"
sv,B,"and/CC I/PRP think/VBP that/DT is/VBZ just/RB a/DT ,/, a/DT fabulous/JJ one/NN ,/,","{C and } I think that is just [ a, + a ] fabulous one, /"
qy^d,B,"so/RB ./. I/PRP do/VBP n't/RB know/VB if/IN you/PRP participate/VBP in/IN that/DT or/CC not/RB ,/,","{C so. } I don't know if you participate in that or not, /"
%,B,but/CC --/:,{C but } -- -/
ny,A,Absolutely/UH ./.,Absolutely. /
qy,B,--/: is/VBZ n't/RB it/PRP great/JJ ?/.,-- isn't it great? <laughter> /
sv,B,"It/PRP 's/BES just/RB a/DT ,/, it/PRP 's/BES just/RB a/DT miracle/NN that/IN how/WRB fast/RB that/DT adds/VBZ up/RP ,/, you/PRP know/VBP ./.","[ It's just a, + it's just a ] miracle [ that + ] how fast that adds up, {D you know. } /"
aa,A,"Well/UH ,/, I/PRP have/VBP to/TO agree/VB with/IN that/DT ./.","{D Well, } I have to agree with that. /"
sd,A,"You/PRP know/VBP ,/, I/PRP was/VBD thinking/VBG about/IN ,/, uh/UH ,/, importance/NN of/IN benefits/NNS and/CC that/DT kind/NN of/IN thing/NN ,/, other/JJ than/IN salary/NN --/:","{D You know, } I was thinking about, {F uh, } importance of benefits and that kind of thing, other than salary --"
b,B,Uh-huh/UH,Uh-huh /
+,A,"--/: while/IN I/PRP was/VBD waiting/VBG for/IN ,/, uh/UH ,/, the/DT system/NN to/TO find/VB a/DT ,/, a/DT respondent/NN ./.","-- while I was waiting for, {F uh, } the system to find [ a, + a ] respondent. /"
b,B,Uh-huh/UH ./.,Uh-huh. /
sd,A,And/CC I/PRP started/VBD thinking/VBG that/IN over/IN the/DT years/NNS that/IN importance/NN has/VBZ changed/VBN,{C And } I started thinking that over the years that importance has changed /
sv,A,and/CC I/PRP suspect/VBP that/IN that/DT 's/BES probably/RB true/JJ for/IN everyone/NN ./.,{C and } I suspect that that's probably true for everyone. /
b,B,Yeah/UH ./.,Yeah. /
sd,A,"When/WRB I/PRP was/VBD much/RB younger/JJR it/PRP was/VBD ,/, uh/UH ,/, less/RBR important/JJ to/TO consider/VB retirement/NN and/CC less/RBR important/JJ to/TO consider/VB medical/JJ benefits/NNS ./.","When I was much younger it was, {F uh, } less important to consider retirement and less important to consider medical benefits. /"
sd,A,"But/CC as/IN I/PRP grow/VBP older/JJR and/CC my/PRP$ family/NN grows/VBZ ,/, it/PRP ,/, the/DT medical/JJ benefits/NNS are/VBP more/RBR important/JJ","{C But } as I grow older and my family grows, [ it, + the medical benefits ] are more important /"
sd,A,and/CC the/DT retirement/NN is/VBZ more/RBR important/JJ ./.,{C and } the retirement is more important. /
ba,B,I/PRP had/VBD never/RB really/RB thought/VBN of/IN it/PRP that/DT way/NN,I had never really thought of it that way /
aa,B,"but/CC I/PRP guess/VBP that/DT 's/BES true/JJ ,/, I/PRP guess/VBP that/DT 's/BES true/JJ ./.","{C but } [ I guess that's true, + I guess that's true. ] /"
sd,B,"I/PRP 'm/VBP still/RB young/JJ enough/RB that/IN ,/, that/IN ,/, uh/UH ,/, the/DT vacation/NN 's/BES real/RB important/JJ to/IN me/PRP","I'm still young enough [ that, + that, ] {F uh, } the vacation's real important to me /"
sd,B,"and/CC the/DT paid/JJ time/NN off/RP is/VBZ real/RB important/JJ to/IN me/PRP and/CC ,/, and/CC that/DT kind/NN of/IN thing/NN ./.","{C and } the paid time off is real important to me [ and, + and ] that kind of thing. /"
sd,B,"But/CC ,/, uh/UH ,/, you/PRP know/VBP ,/, I/PRP was/VBD just/RB ,/, as/IN a/DT matter/NN of/IN fact/NN ,/, I/PRP just/RB ,/, uh/UH ,/, celebrated/VBD my/PRP$ fifth/JJ year/NN at/IN T/NNP I/NNP the/DT end/NN of/IN last/JJ month/NN and/CC ,/, uh/UH ,/, kind/RB of/RB started/VBD looking/VBG through/IN the/DT ,/, the/DT book/NN because/IN of/IN that/DT ,/, you/PRP know/VBP ,/,","{C But, } {F uh, } {D you know, } [ I was just, + as a matter of fact, I just, ] {F uh, } celebrated my fifth year at T I the end of last month and, {F uh, } kind of started looking through [ the, + the ] book because of that, {D you know, } /"
sd,B,"now/RB that/IN I/PRP 'm/VBP a/DT hundred/CD percent/NN vested/JJ ,/, you/PRP know/VBP ,/, you/PRP kind/RB of/RB look/VBP through/IN the/DT book/NN and/CC see/VBP well/UH ,/, what/WP exactly/RB ,/, what/WP does/VBZ that/DT mean/VBP and/CC what/WP is/VBZ the/DT pension/NN all/DT about/IN","now that I'm a hundred percent vested, {D you know, } you kind of look through the book and see {D well, } [ what exactly, + what ] does that mean and what is the pension all about /"
%,B,"and/CC ,/, you/PRP know/VBP ,/, when/WRB you/PRP 're/VBP ,/, when/WRB you/PRP 're/VBP ,/, you/PRP know/VBP ,/, in/IN your/PRP$ ,/,","{C and, } {D you know, } [ when you're, + when you're, ] {D you know, } in your, - /"
sd,B,"I/PRP 'm/VBP only/RB in/IN my/PRP$ late/JJ twenties/NNS now/RB ,/,","I'm only in my late twenties now, /"
sd,B,so/RB you/PRP tend/VBP not/RB to/TO think/VB about/IN retirement/NN ./.,{C so } you tend not to think about retirement. /
%,B,"But/CC ,/, uh/UH ,/, it/PRP 's/BES ,/,","{C But, } {F uh, } it's, - /"
sd,B,"I/PRP guess/VBP now/RB is/VBZ the/DT time/NN to/TO think/VB about/IN it/PRP ,/,","I guess now is the time to think about it, /"
qy,B,"so/RB ./. Does/NNP T/NNP I/NNP have/VBP a/DT pretty/RB good/JJ retirement/NN package/NN ,/, do/VBP you/PRP think/VB ?/.","{C so. } Does T I have a pretty good retirement package, do you think? /"
na,A,"I/PRP think/VBP they/PRP have/VBP ,/, uh/UH ,/, a-/XX ,/, one/CD that/WDT we/PRP need/VBP to/TO recognize/VB that/IN we/PRP 're/VBP going/VBG to/TO have/VB to/TO supplement/VB ourselves/PRP ./.","I think they have, {F uh, } [ a-, + one ] that we need to recognize that we're going to have to supplement ourselves. /"
b,B,Yeah/UH ./.,Yeah. /
sd,A,"And/CC that/DT 's/BES certainly/RB one/CD of/IN the/DT reasons/NNS that/WDT I/PRP 'm/VBP sure/JJ that/IN they/PRP 've/VBP begun/VBN the/DT ,/, uh/UH ,/, CODA/NNP Plan/NN ./.","{C And } that's certainly one of the reasons that I'm sure that they've begun the, {F uh, } CODA Plan. /"
b,B,Uh-huh/UH ./.,Uh-huh. /
sd,A,It/PRP 's/BES --/:,It's --
b,B,Uh-huh/UH ./.,Uh-huh. /
+,A,"--/: certainly/RB a/DT ,/, a/DT supplemental/JJ way/NN ,/, uh/UH ,/,","-- certainly [ a, + a ] supplemental way, {F uh, } /"
sv,A,"and/CC I/PRP suppose/VBP if/IN ,/, b-/XX ,/, maybe/RB in/IN ,/, in/IN your/PRP$ instance/NN ,/, if/IN ,/, if/IN you/PRP 're/VBP started/VBN with/IN T/NNP I/NNP in/IN your/PRP$ early/JJ to/IN mid-twenties/NNS ,/, and/CC happen/VB to/TO stay/VB with/IN them/PRP until/IN you/PRP 're/VBP sixty-five/CD ,/, then/RB you/PRP 'll/MD have/VB a/DT very/RB good/JJ retirement/NN plan/NN ./.","{C and } I suppose [ [ if, + b-, ] + maybe ] [ in, + in ] your instance, [ if, + if ] you're started with T I in your early to mid-twenties, and happen to stay with them until you're sixty-five, then you'll have a very good retirement plan. /"
b,B,Right/UH ./.,Right. /
sd,A,But/CC I/PRP had/VBD another/DT career/NN first/RB and/CC then/RB came/VBD to/IN T/NNP I/NNP a/DT little/RB later/RB ./.,{C But } I had another career first and then came to T I a little later. /
b,B,Uh-huh/UH ./.,Uh-huh. /
%,A,"So/RB it/PRP 's/BES not/RB ,/, uh/UH ,/,","{C So } it's not, {F uh, } - /"
sd,A,"all/DT by/IN itself/PRP it/PRP wo/MD n't/RB be/VB adequate/JJ for/IN ,/,","all by itself it won't be adequate [ for, +"
sd,B,"It/PRP 's/BES not/RB going/VBG to/TO build/VB up/RP ,/,","It's not going to build up,"
+,A,for/IN my/PRP$ situation/NN ./.,for ] my situation. /
+,B,"quite/RB enough/RB ,/,","quite enough, /"
aa,B,yeah/UH ./.,yeah. /
sd,A,"So/RB ,/, I/PRP have/VBP to/TO find/VB a/DT way/NN to/TO supplement/VB that/DT ./.","{C So, } I have to find a way to supplement that. /"
b,B,Yeah/UH ./.,Yeah. /
sv,B,"Well/UH ,/, they/PRP just/RB ,/, they/PRP seem/VBP to/TO make/VB it/PRP so/RB easy/JJ to/TO save/VB ./.","{D Well, } [ they just, + they seem ] to make it so easy to save. /"
%,B,"You/PRP know/VBP ,/, one/CD of/IN the/DT things/NNS that/WDT we/PRP 're/VBP doing/VBG which/WDT is/VBZ probably/RB the/DT worst/JJS investment/NN in/IN the/DT world/NN ,/,","{D You know, } one of the things that we're doing which is probably the worst investment in the world, - /"
sd,B,"but/CC I/PRP 've/VBP got/VBN money/NN coming/VBG out/IN MUMBLEx/XX to/TO buy/VB savings/NNS bonds/NNS ,/, just/RB coming/VBG straight/RB out/IN of/IN my/PRP$ check/NN ./.","{C but } I've got money coming out (( )) to buy savings bonds, just coming straight out of my check. /"
sv,B,"And/CC it/PRP 's/BES probably/RB not/RB a/DT great/JJ investment/NN ,/,","{C And } it's probably not a great investment, /"
sd,B,"but/CC if/IN I/PRP was/VBD n't/RB doing/VBG that/DT the/DT money/NN would/MD n't/RB be/VB being/VBG saved/VBN anyway/RB ,/, you/PRP know/VBP ./.","{C but } if I wasn't doing that the money wouldn't be being saved anyway, {D you know. } /"
sd,B,"I/PRP kind/RB of/RB have/VBP to/TO trade/VB off/RP ,/, you/PRP know/VBP ./.","I kind of have to trade off, {D you know. } /"
sv,B,"If/IN you/PRP never/RB see/VBP it/PRP you/PRP do/VBP n't/RB spend/VB it/PRP ,/,","If you never see it you don't spend it, /"
%,B,"so/RB ./. And/CC it/PRP 's/BES ,/,","[ {C so } + <laughter>. {C And } ] it's, -/"
ba,A,"I/PRP unders/VBP ,/, understand/VBP though/RB ,/,","I [ unders-, + understand ] though, /"
%,A,"it/PRP ,/,","it, -/"
b,B,Yeah/UH ./.,Yeah. /
sd,A,"Uh/UH ,/, believe/VB me/PRP ,/, I/PRP do/VBP that/DT myself/PRP ./.","{F Uh, } believe me, I do that myself. /"
bh,B,Do/VBP you/PRP ?/.,Do you? /
bh,B,Yeah/UH ?/.,Yeah? /
ar,A,And/CC I/PRP disagree/VBP with/IN you/PRP ./.,{C And } I disagree with you. /
sd,A,"I/PRP do/VBP n't/RB think/VB it/PRP 's/BES the/DT worst/JJS investment/NN ,/,","I don't think it's the worst investment,"
bh,B,Do/VBP you/PRP really/RB not/RB ?/.,Do you really not? /
+,A,in/IN the/DT world/NN ./.,in the world. /
sd,B,"I/PRP ,/, I/PRP ,/, fr-/IN ,/, you/PRP know/VBP ,/, I/PRP ,/, I/PRP debate/VBP about/IN whether/IN it/PRP 's/BES really/RB good/JJ or/CC not/RB ,/, you/PRP know/VBP ./.","[ [ [ I, + I, ] + [ fr-, + ] {D you know, } I, ] + I ] debate about whether it's really good or not, {D you know. } /"
%,A,"Well/UH ,/, it/PRP 's/BES ,/, in/IN terms/NNS of/IN guaranteed/JJ return/NN on/IN investment/NN","{D Well, } it's, in terms of guaranteed return on investment - /"
sd,A,"and/CC maybe/RB you/PRP do/VBP n't/RB start/VB looking/VBG for/IN that/DT word/NN guaranteed/JJ ,/,","{C and } maybe you don't start looking for that word guaranteed,"
b,B,Yeah/UH ./.,Yeah. /
+,A,until/IN later/RB ./.,until later. /
b,B,Yeah/UH ./.,Yeah. /
sv,A,"Uh/UH ,/, it/PRP 's/HVS shown/VBN a/DT history/NN that/WDT ,/, uh/UH ,/, sure/RB beats/VBZ anything/NN else/JJ ./.","{F Uh, } it's shown a history that, {F uh, } sure beats anything else."
aa,B,"Yeah/UH ,/,","Yeah, /"
aa,B,that/DT 's/BES true/JJ ./.,that's true. /
aa,B,That/DT 's/BES very/RB true/JJ ./.,That's very true. /
+,A,"Over/IN many/JJ ,/, many/JJ years/NNS ./.","Over many, many years. /"
sd,B,"We/PRP went/VBD ,/, uh/UH ,/, and/CC did/VBD a/DT ,/, a/DT thing/NN through/IN I/NNP B/NNP S/NNP which/WDT is/VBZ a/DT ,/, like/UH a/DT financial/JJ consultant/NN type/NN thing/NN here/RB in/IN Dallas/NNP","We went, {F uh, } and did [ a, + a ] thing through I B S which is [ a, + {D like } a ] financial consultant <noise> type thing here in Dallas /"
sd,B,"and/CC ,/, uh/UH ,/, one/CD of/IN the/DT things/NNS that/WDT we/PRP talked/VBD about/IN with/IN the/DT counselor/NN there/RB was/VBD ,/, you/PRP know/VBP ,/,","{C and, } {F uh, } one of the things that we talked about with the counselor there was, </noise> {D you know, } - /"
sd,B,"they/PRP work/VBP up/RP this/DT whole/JJ big/JJ ,/, you/PRP know/VBP ,/, proposal/NN ,/, profile/NN for/IN you/PRP ,/, that/IN ,/, ev-/XX ,/, all/PDT the/DT things/NNS that/WDT you/PRP need/VBP to/TO work/VB on/RP and/CC you/PRP need/VBP to/TO do/VB ./.","they work up this whole big, {D you know, } [ proposal, + profile ] for you, [ that, + ] [ ev-, + all ] the things that you need to work on and you need to do. /"
sd,B,"And/CC then/RB one/CD of/IN the/DT things/NNS that/WDT we/PRP talked/VBD about/IN with/IN her/PRP was/VBD ,/, you/PRP know/VBP ,/, the/DT need/NN to/TO save/VB for/IN our/PRP$ son/NN 's/POS education/NN ./.","{C And then } one of the things that we talked about with her was, {D you know, } the need to save for our son's education. /"
sd,B,"We/PRP have/VBP a/DT two/CD year/NN old/NN ,/, you/PRP know/VBP ,/,","We have a two year old, {D you know, } /"
sd,B,"and/CC ,/, and/CC ,/, you/PRP know/VBP ,/, we/PRP ca/MD n't/RB start/VB saving/VBG for/IN college/NN when/WRB he/PRP 's/BES sixteen/CD ,/, you/PRP know/VBP ,/,","[ {C and, } + {C and, } ] {D you know, } we can't start saving for college when he's sixteen, {D you know, } /"
sd,B,we/PRP have/VBP to/TO do/VB that/DT now/RB ./.,we have to do that now. /
sd,B,"And/CC ,/, and/CC uh/UH ,/, they/PRP have/VBP a/DT way/NN that/WDT they/PRP can/MD figure/VB ,/, you/PRP know/VBP ,/, what/WP ,/, you/PRP know/VBP ,/,","[ {C And, } + {C and } ] {F uh, } they have a way that they can figure, {D you know, } what, {D you know, } - /"
sd,B,"and/CC he/PRP 's/BES two/CD now/RB ,/,","{C and } he's two now, /"
sd,B,"in/IN sixteen/CD years/NNS when/WRB he/PRP 's/BES ready/JJ to/TO go/VB to/IN college/NN ,/, this/DT is/VBZ how/WRB much/JJ it/PRP 'll/MD cost/VB ,/, you/PRP know/VBP ,/,","in sixteen years when he's ready to go to college, this is how much it'll cost, {D you know, } /"
sd,B,"and/CC it/PRP 's/BES just/RB really/RB scary/JJ the/DT thought/NN of/IN how/WRB much/JJ it/PRP 's/BES going/VBG to/TO ,/,","{C and } it's just really scary the thought of how much it's going to, - /"
sd,B,"it/PRP 's/BES ,/, what/WP it/PRP costs/VBZ now/RB is/VBZ ridiculous/JJ ,/,","[ it's, + what it ] costs now is ridiculous, /"
sd,B,what/WP it/PRP 's/BES going/VBG to/TO cost/VB sixteen/CD years/NNS from/IN now/RB is/VBZ just/RB really/RB scary/JJ ./.,what it's going to cost sixteen years from now is just really scary. /
sd,B,"And/CC they/PRP sat/VBD down/RB and/CC figured/VBD up/RP that/IN we/PRP needed/VBD to/TO save/VB like/UH between/IN fifteen/CD and/CC seventeen/CD hundred/CD dollars/NNS a/DT year/NN at/IN a/DT ,/, oh/UH ,/, you/PRP know/VBP ,/, six/CD percent/NN interest/NN rate/NN ,/, to/TO be/VB able/JJ to/TO have/VB ,/, you/PRP know/VBP ,/, money/NN for/IN his/PRP$ college/NN ./.","{C And } they sat down and figured up that we needed to save {D like } between fifteen and seventeen hundred dollars a year at a, {F oh, } {D you know, } six percent interest rate, to be able to have, {D you know, } money for his college. /"
sd,B,"And/CC that/DT 's/BES exactly/RB what/WP we/PRP have/VBP coming/VBG out/RP in/IN saving/NN bonds/NNS ,/, is/VBZ ,/, is/VBZ ,/, you/PRP know/VBP ,/, about/RB fifteen/CD hundred/CD dollars/NNS a/DT year/NN ./.","{C And } that's exactly what we have coming out in saving bonds, [ is, + is, ] {D you know, } about fifteen hundred dollars a year. /"
%,B,"So/RB ,/, I/PRP guess/VBP it/PRP ,/, you/PRP know/VBP ,/,","{C So, } I guess it, {D you know, } - /"
sd,B,"in/IN that/DT way/NN ,/, at/IN least/JJS we/PRP know/VBP that/IN that/DT 's/BES taken/VBN care/NN of/IN ,/, you/PRP know/VBP ./.","in that way, at least we know that that's taken care of, {D you know. } /"
sd,B,"We/PRP ,/, we/PRP can/MD worry/VB about/IN other/JJ things/NNS","[ We, + we ] can worry about other things /"
%,B,"so/RB ,/,","{C so, } -/"
ba,A,"I/PRP understand/VBP ,/,","I understand,"
b,B,Yeah/UH ./.,Yeah. /
+,A,that/DT approach/NN ./.,that approach. /
sd,A,"That/DT 's/BES ,/,","[ That's,"
b,B,"Yeah/UH ,/,","Yeah, /"
+,A,"what/WP ,/, that/DT 's/BES exactly/RB what/WP 's/BES happening/VBG in/IN my/PRP$ family/NN ./.","what, + that's exactly what's ] happening in my family. /"
bh,B,Is/VBZ it/PRP really/RB ?/.,Is it really? /
b,B,Yeah/UH ./.,Yeah. /
sd,A,"Un-/XX ,/, except/IN that/DT mine/PRP are/VBP a/DT little/JJ bit/NN older/JJR","[ Un-, + except ] that mine are a little bit older /"
sd,A,"and/CC ,/, and/CC I/PRP 've/VBP shown/VBN them/PRP the/DT numbers/NNS and/CC said/VBD this/DT is/VBZ what/WP 's/BES going/VBG to/TO be/VB available/JJ ,/,","[ {C and, } + {C and } ] I've shown them the numbers and said this is what's going to be available, /"
^q,A,all/PDT this/DT is/VBZ going/VBG to/TO do/VB is/VBZ give/VB you/PRP a/DT little/JJ spending/NN money/NN while/IN you/PRP 're/VBP there/RB ./.,all this is going to do is give you a little spending money while you're there. /
b,B,Uh-huh/UH ./.,Uh-huh. /
^q,A,You/PRP better/RB make/VBP sure/JJ that/IN you/PRP 've/VBP got/VBN a/DT scholarship/NN ./.,You better make sure that you've got a scholarship. /
aa,B,That/DT 's/BES right/JJ ./.,That's right. /
aa,B,That/DT 's/BES right/JJ ./.,That's right. /
sd,B,"Well/UH ,/, that/DT 's/BES what/WP she/PRP said/VBD to/IN us/PRP ./.","{D Well, } that's what she said to us. /"
sd,B,"She/PRP said/VBD ,/, now/RB ,/, do/VBP you/PRP all/DT want/VB him/PRP to/TO go/VB to/IN a/DT ,/, a/DT state/NN college/NN or/CC a/DT private/JJ college/NN ?/.","She said, now, do you all want him to go to [ a, + a ] state college or a private college? /"
sd,B,"And/CC ,/, and/CC our/PRP$ answer/NN was/VBD ,/, that/IN ,/, you/PRP know/VBP ,/, we/PRP will/MD have/VB enough/JJ money/NN available/JJ for/IN him/PRP to/TO attend/VB a/DT state/NN college/NN ./.","[ {C And, } + {C and } ] our answer was, that, {D you know, } we will have enough money available for him to attend a state college. /"
sd,B,"And/CC if/IN he/PRP wants/VBZ to/TO go/VB to/IN a/DT private/JJ college/NN ,/, he/PRP can/MD get/VB a/DT scholarship/NN to/TO attend/VB ,/, you/PRP know/VBP ./.","{C And } if he wants to go to a private college, he can get a scholarship to attend, {D you know. } /"
sd,B,And/CC that/DT was/VBD kind/RB of/RB our/PRP$ view/NN on/IN it/PRP ./.,{C And } that was kind of our view on it. /
sv,B,"It/PRP just/RB costs/VBZ too/RB much/JJ ,/,","It just costs too much, /"
sv,B,"you/PRP just/RB ca/MD n't/RB do/VB it/PRP ,/, you/PRP know/VBP ./.","you just can't do it, {D you know. } /"
h,B,"So/RB ,/, I/PRP do/VBP n't/RB know/VB ,/,","{C So, } I don't know, /"
%,B,"it/PRP 's/BES ,/, it/PRP 's/BES ,/,","[ it's, + it's, ] - /"
%,B,"I/PRP do/VBP n't/RB ,/, uh/UH ,/,","I don't, {F uh, } - /"
%,B,"it/PRP just/RB amazing/JJ ,/,","it just amazing, /"
sd,B,"it/PRP amazes/VBZ me/PRP how/WRB much/JJ the/DT ,/, the/DT costs/NNS are/VBP going/VBG to/TO go/VB up/RB over/IN the/DT next/JJ ten/CD or/CC fifteen/CD years/NNS ./.","it amazes me how much [ the, + the ] costs are going to go up over the next ten or fifteen years. /"
sv,B,I/PRP just/RB do/VBP n't/RB know/VB how/WRB anybody/NN 's/BES going/VBG to/TO do/VB it/PRP ./.,I just don't know how anybody's going to do it. /
sd,A,"And/CC boy/UH ,/, it/PRP gets/VBZ really/RB scary/JJ when/WRB you/PRP start/VBP talking/VBG to/IN them/PRP ./.","{C And } boy, it gets really scary when you start talking to them. /"
sd,A,"Uh/UH ,/, I/PRP have/VBP a/DT ,/, an/DT eleven/CD year/NN old/JJ daughter/NN now/RB who/WP 's/BES saying/VBG ,/, gee/UH ,/, Dad/NNP ,/, I/PRP want/VBP to/TO be/VB an/DT allergist/NN ,/,","{F Uh, } I have [ a, + an ] eleven year old daughter now who's saying, gee, Dad, I want to be an allergist, /"
ba,B,"Oh/UH ,/, goodness/UH ./.","{F Oh, } goodness. /"
sd,A,"and/CC I/PRP said/VBD ,/, that/DT 's/BES wonderful/JJ ./.","{C and } I said, that's wonderful. /"
^q,A,I/PRP applaud/VBP that/DT ./.,I applaud that. /
^q,A,"Let/VB ,/,","Let,"
b,B,Yeah/UH ./.,Yeah. /
+,A,me/PRP explain/VB to/IN you/PRP how/WRB you/PRP get/VBP scholarships/NNS to/TO do/VB that/DT ./.,me explain to you how you get scholarships to do that. /
b,B,Yeah/UH ./.,Yeah. /
ba,B,Exactly/UH ./.,Exactly. /
sd,A,"And/CC ,/,","{C And,"
ba,B,Exactly/UH ./.,Exactly. /
+,A,then/RB her/PRP$ little/JJ brother/NN 's/BES only/RB two/CD years/NNS behind/RB,then } her little brother's only two years behind /
sd,A,"and/CC he/PRP says/VBZ ,/, well/UH ,/, I/PRP do/VBP n't/RB know/VB ,/,","{C and } he says, {D well, } I don't know, /"
^q,A,I/PRP think/VBP that/IN I/PRP probably/RB want/VBP to/TO be/VB a/DT veterinarian/NN ./.,I think that I probably want to be a veterinarian. /
sd,A,"And/CC I/PRP said/VBD ,/, that/DT 's/BES great/JJ ./.","{C And } I said, that's great. /"
^q,A,"Let/VB me/PRP explain/VB to/IN you/PRP how/WRB you/PRP get/VBP scholarships/NNS ,/,","Let me explain to you how you get scholarships <laughter>,"
aa,B,"That/DT 's/BES right/JJ ,/,","That's right, /"
+,A,to/TO do/VB that/DT ./.,to do that. /
aa,B,That/DT 's/BES right/JJ ./.,That's right <laughter>. /
sv,B,"Well/UH ,/, you/PRP know/VBP ,/, T/NNP I/NNP ,/, you/PRP know/VBP ,/, T/NNP I/NNP offers/VBZ some/DT good/JJ stuff/NN","{D Well, } {D you know, } [ T I, + {D you know, } T I ] offers some good stuff /"
sv,B,"and/CC then/RB I/PRP think/VBP there/EX 's/BES ,/, I/PRP mean/VBP I/PRP think/VBP there/EX 's/BES some/DT negatives/NNS ,/,","{C and then } [ I think there's, + {E I mean } I think there's ] some negatives, /"
sv,B,"but/CC there/EX 's/BES going/VBG to/TO be/VB some/DT negatives/NNS anywhere/RB ,/, you/PRP know/VBP ,/, no/DT matter/NN where/WRB you/PRP go/VBP ./.","{C but } there's going to be some negatives anywhere, {D you know, } no matter where you go. /"
%,B,"I/PRP have/VBP ,/, you/PRP know/VBP ,/, all/PDT ,/,","I have, {D you know, } all, - /"
sd,B,this/DT is/VBZ the/DT first/JJ really/RB large/JJ company/NN I/PRP 've/VBP worked/VBN for/IN ./. I/PRP 've/VBP,this is the first really large company I've worked for. I've /
sd,B,"always/RB been/VBN involved/JJ in/IN little/JJ small/JJ ,/, you/PRP know/VBP ,/, ind-/XX ,/, privately/RB owned/JJ s-/XX ,/, owned/JJ firms/NNS","always been involved in little small, {D you know, } [ ind-, + privately ] [ owned s-, + owned firms ] /"
sd,B,"and/CC so/RB I/PRP 've/VBP never/RB had/VBN the/DT ,/, the/DT big/JJ benefit/NN package/NN ./.","{C and so } I've never had [ the, + the ] big benefit package. /"
sd,B,"So/RB ,/, I/PRP really/RB do/VBP n't/RB know/VB how/WRB to/TO compare/VB it/PRP to/IN other/JJ big/JJ companies/NNS ,/, you/PRP know/VBP ./.","{C So, } I really don't know how to compare it to other big companies, {D you know. } /"
sd,B,"It/PRP ,/, when/WRB I/PRP came/VBD on/RP it/PRP was/VBD great/JJ because/IN I/PRP had/VBD never/RB had/VBN anything/NN even/RB close/RB to/IN what/WP ,/, what/WP they/PRP offered/VBD ./.","[ It, + when ] I came on it was great because I had never had anything even close to [ what, + what ] they offered. /"
sd,B,"So/RB ,/, I/PRP 've/VBP been/VBN real/RB pleased/JJ ./.","{C So, } I've been real pleased. /"
ba,A,"Well/UH ,/, that/DT 's/BES fantastic/JJ ,/,","{D Well, } that's fantastic, /"
b,B,Yeah/UH ./.,Yeah. /
sv,A,"and/CC on/IN whole/JJ o-/XX ,/, I/PRP would/MD say/VB that/IN they/PRP 're/VBP equal/JJ to/IN ,/, uh/UH ,/, most/JJS of/IN our/PRP$ competitors/NNS ./.","{C and } on whole [ o-, + I ] would say that they're equal to, {F uh, } most of our competitors. /"
bh,B,Think/VB so/RB ?/.,Think so? /
sv,A,"Uh/UH ,/, I/PRP can/MD see/VB some/DT ,/, some/DT potential/JJ changes/NNS that/WDT probably/RB are/VBP ,/, are/VBP ,/, would/MD not/RB cost/VB very/RB much/JJ but/CC might/MD ,/, uh/UH ,/, make/VB things/NNS a/DT little/RB easier/JJR ./.","{F Uh, } I can see [ some, + some ] potential changes that probably [ [ are, + are, ] + would ] not cost very much but might, {F uh, } make things a little easier."
b,B,Uh-huh/UH ./.,Uh-huh. /
+,A,"Such/JJ as/IN offering/VBG a/DT ,/, a/DT smorgasbord/NN ./. Having/VBG a/DT larger/JJR variety/NN of/IN benefits/NNS","Such as offering [ a, + a ] smorgasbord. Having a larger variety of benefits /"
sv,A,"but/CC ,/,","[ {C but, } +"
b,B,Yeah/UH ./.,Yeah. /
+,A,"but/CC here/RB 's/BES the/DT amount/NN ,/, that/WDT ,/, that/WDT T/NNP I/NNP is/VBZ going/VBG to/TO pay/VB for/IN it/PRP ,/,","{C but } ] here's the amount, [ that, + that ] T I is going to pay for it, /"
aa,B,"Yeah/UH ,/,","Yeah, /"
sv,B,and/CC you/PRP can/MD pick/VB what/WP you/PRP want/VBP,{C and } you can pick what you want /
aa,B,"and/CC ,/, yeah/UH ./.","{C and, } yeah. /"
ad,A,now/RB it/PRP 's/BES up/IN to/IN you/PRP,now it's up to you /
sv,A,"it/PRP 's/BES menu/NN selection/NN ,/, so/RB ,/,","it's menu selection, so,"
b,B,Right/UH ./.,Right. /
+,A,to/TO speak/VB ./.,to speak. /
ba,B,That/DT sounds/VBZ really/RB good/JJ ./.,That sounds really good. /
sd,B,"I/PRP read/VBD a/DT thing/NN ,/,","I read a thing, /"
sd,B,"I/PRP do/VBP n't/RB even/RB remember/VB if/IN it/PRP was/VBD in/IN the/DT DALLASITE/NNP or/CC the/DT INSITE/NNP one/NN ,/, about/IN uh/UH ,/, companies/NNS allowing/VBG you/PRP ,/,","I don't even remember if it was in the DALLASITE or the INSITE one, about {F uh, } companies allowing you, - /"
sd,B,"and/CC they/PRP said/VBD that/IN T/NNP I/NNP was/VBD looking/VBG into/IN it/PRP ,/, to/TO purchase/VB extra/JJ vacation/NN days/NNS ./. Which/WDT I/PRP thought/VBD sounded/VBD like/IN a/DT good/JJ idea/NN ./.","{C and } they said that T I was looking into it, to purchase extra vacation days. Which I thought sounded like a good idea. /"
sd,B,"You/PRP know/VBP ,/, if/IN you/PRP 've/VBP been/VBN there/RB ,/, you/PRP know/VBP ,/, under/IN five/CD years/NNS and/CC you/PRP get/VBP two/CD weeks/NNS of/IN vacation/NN","{D You know, } if you've been there, {D you know, } under five years [ and + ] you get two weeks of vacation /"
sv,B,but/CC that/DT 's/BES really/RB not/RB enough/JJ,{C but } that's really not enough /
sd,B,"and/CC you/PRP want/VBP an/DT extra/JJ week/NN ,/, then/RB you/PRP can/MD purchase/VB an/DT extra/JJ week/NN of/IN vacation/NN by/IN saying/VBG ,/, okay/UH ,/, I/PRP 'm/VBP going/VBG to/TO want/VB an/DT extra/JJ five/CD days/NNS this/DT year/NN","{C and } you want an extra week, then you can purchase an extra week of vacation by saying, okay, I'm going to want an extra five days this year /"
sd,B,"and/CC they/PRP 'll/MD take/VB a/DT set/JJ amount/NN out/IN of/IN each/DT paycheck/NN ,/, you/PRP know/VBP ,/,","{C and } they'll take a set amount out of each paycheck, {D you know, } /"
sd,B,"and/CC they/PRP 're/VBP deducting/VBG it/PRP all/RB along/IN ,/,","{C and } they're deducting it all along, /"
sd,B,"so/IN you/PRP ,/, you/PRP can/MD have/VB an/DT extra/JJ five/CD days/NNS off/RP and/CC be/VB paid/VBN for/IN them/PRP at/IN the/DT time/NN ,/, you/PRP know/VBP ,/,","{C so } [ you, + you ] can have an extra five days off and be paid for them at the time, {D you know, } /"
sd,B,"you/PRP 're/VBP really/RB not/RB being/VBG paid/VBN for/IN them/PRP ,/,","you're really not being paid for them, /"
sd,B,"the/DT money/NN is/VBZ actually/RB coming/VBG out/IN of/IN your/PRP$ own/JJ pocket/NN ,/,","the money is actually coming out of your own pocket, /"
sd,B,"but/CC it/PRP 's/BES coming/VBG out/RB a/DT little/JJ bit/NN at/IN a/DT time/NN instead/IN of/IN all/DT at/IN once/RB ,/, you/PRP know/VBP ./.","{C but } it's coming out a little bit at a time instead of all at once, {D you know. } /"
sd,B,"So/RB ,/, that/DT is/VBZ kind/RB of/RB an/DT idea/NN that/WDT ,/, that/WDT a/DT lot/NN of/IN people/NNS sounded/VBD like/IN that/IN they/PRP were/VBD really/RB interested/JJ in/IN","{C So, } that is kind of an idea [ that, + that ] a lot of people sounded like that they were really interested in /"
sd,B,and/CC T/NNP I/NNP said/VBD that/IN they/PRP were/VBD looking/VBG into/IN something/NN like/IN that/DT,{C and } T I said that they were looking into something like that /
%,B,"so/RB ,/,","{C so, } -/"
sv,A,"Well/UH ,/, I/PRP could/MD certainly/RB ,/, personally/RB stand/VB seeing/VBG them/PRP go/VB to/IN a/DT ,/, a/DT standardized/JJ compensatory/JJ time/NN --/:","{D Well, } I could certainly, personally stand seeing them go to [ a, + a ] standardized compensatory time --"
b,B,Uh-huh/UH ./.,Uh-huh. /
+,A,--/: for/IN overtime/NN ./.,-- for overtime. /
b,B,Uh-huh/UH ./.,Uh-huh. /
sv,A,"And/CC I/PRP do/VBP n't/RB believe/VB any/DT of/IN us/PRP would/MD have/VB to/IN purchase/VB any/DT extra/JJ vacation/NN days/NNS ,/,","{C And } I don't believe any of us would have to purchase any extra vacation days,"
%,B,"Well/UH ,/,","{D Well, } -/"
+,A,"if/IN they/PRP did/VBD ,/,","if they did,"
aa,B,true/UH ./.,true. /
+,A,that/DT ./.,that. /
aa,B,True/UH ./.,True. /
sv,A,"Uh/UH ,/, and/CC ,/, and/CC I/PRP would/MD certainly/RB support/VB something/NN like/IN four/CD to/IN one/CD or/CC five/CD to/IN one/CD","{F Uh, } [ {C and, } + {C and } ] I would certainly support something like four to one or five to one /"
sv,A,"or/CC ,/, or/CC ,/, you/PRP know/VBP ,/, maybe/RB they/PRP want/VBP to/TO get/VB generous/JJ and/CC make/VB it/PRP three/CD to/IN one/CD ./.","[ {C or, } + {C or, } ] {D you know, } maybe they want to get generous and make it three to one."
b,B,Uh-huh/UH ./.,Uh-huh. /
+,A,"Uh/UH ,/, a-/IN ,/, as/IN a/DT repayment/NN for/IN ,/,","{F Uh, } [ a-, + as ] a repayment for,"
b,B,Yeah/UH ./.,Yeah. /
+,A,"every/DT three/CD to/IN five/CD days/NNS that/WDT I/PRP work/VBP overtime/RB there/RB ,/,","every three to five days that I work overtime there,"
b,B,Yeah/UH ./.,Yeah. /
+,A,they/PRP should/MD give/VB me/PRP one/CD day/NN ./.,they should give me one day. /
b,B,Yeah/UH ./.,Yeah. /
sv,A,"But/CC it/PRP should/MD be/VB a/DT standard/JJ and/CC ,/, and/CC not/RB left/VBN up/IN to/IN either/CC the/DT whim/NN or/CC the/DT current/JJ overhead/JJ rate/NN t/WDT ,/, uh/UH ,/, that/WDT 's/BES running/VBG in/IN each/DT department/NN ./.","{C But } it should be a standard [ and, + and ] not left up to either the whim or the current overhead rate [ t-, + {F uh, } that's ] running in each department. /"
b,B,Uh-huh/UH ./.,Uh-huh. /
%,B,"Well/UH ,/,","{D Well, } /"
%,B,"and/CC ,/, yeah/UH ,/,","{C and, } yeah, /"
sd,B,"and/CC ,/, and/CC a/DT lot/NN of/IN that/DT is/VBZ left/VBN up/IN to/IN whoever/WP your/PRP$ supervisor/NN happens/VBZ to/TO be/VB and/CC what/WDT type/NN of/IN relationship/NN you/PRP have/VBP with/IN that/DT person/NN","[ {C and, } + {C and } ] a lot of that is left up to whoever your supervisor happens to be and what type of relationship you have with that person /"
sd,B,"and/CC ,/, you/PRP know/VBP ,/, I/PRP see/VBP a/DT lot/NN of/IN differences/NNS ,/, but/CC ,/, from/IN one/CD group/NN to/IN the/DT next/JJ ,/, you/PRP know/VBP ,/, about/IN who/WP gets/VBZ it/PRP and/CC who/WP does/VBZ n't/RB get/VB it/PRP ,/, you/PRP know/VBP ./.","{C and, } {D you know, } I see a lot of differences, [ but, + ] from one group to the next, {D you know, } about who gets it and who doesn't get it, {D you know. } /"
sd,B,"But/CC that/DT 's/BES ,/, and/CC that/DT 's/BES that/DT way/NN with/IN a/DT lot/NN of/IN things/NNS ,/, you/PRP know/VBP ,/, there/RB ./.","[ {C But } that's, + {C and } that's ] that way with a lot of things, {D you know, } there. /"
sv,B,"It/PRP seems/VBZ like/IN ,/, it/PRP depends/VBZ on/IN what/WDT ,/, what/WDT group/NN you/PRP happen/VBP to/TO be/VB in/IN ,/, what/WP ,/, what/WP you/PRP 're/VBP going/VBG to/TO get/VB and/CC what/WP you/PRP 're/VBP not/RB going/VBG to/TO get/VB","It seems like, it depends on [ what, + what ] group you happen to be in, [ what, + what ] you're going to get and what you're not going to get /"
%,B,"so/RB ,/,","{C so, } -/"
aa,A,"Well/UH ,/, that/DT 's/BES for/IN sure/JJ ./.","{D Well, } that's for sure. /"
sv,B,"Which/WDT is/VBZ the/DT same/JJ ,/,","Which is the same, /"
sv,B,"but/CC ,/, but/CC then/RB it/PRP 's/BES probably/RB that/DT way/NN anywhere/RB ,/, you/PRP know/VBP ,/,","[ {C but, } + {C but then } ] it's probably that way anywhere, {D you know, } /"
%,B,"that/DT 's/BES ,/,","that's, -/"
sv,A,"Oh/UH ,/, I/PRP 'm/VBP sure/JJ personalities/NNS always/RB come/VBP into/IN play/NN ./.","{F Oh, } I'm sure personalities always come into play. /"
b,B,Uh-huh/UH ./.,Uh-huh. /
%,A,"Uh/UH ,/, just/RB in/IN this/DT size/NN of/IN organization/NN ,/,","{F Uh, } just in this size of organization, -/"
