act_tag,speaker,pos,text
qw^d,A,"Well/UH ,/, I/PRP do/VBP n't/RB ,/, I/PRP mean/VBP ,/, I/PRP do/VBP n't/RB know/VB what/WP you/PRP think/VBP about/IN the/DT ,/, subject/NN ,/,","{D Well, } [ I don't, + {E I mean, } I don't ] know what you think about the, subject, /"
sd,A,"I/PRP 'd/VBD ,/, the/DT ,/, I/PRP had/VBD never/RB really/RB thought/VBN of/IN what/WP they/PRP said/VBD before/RB about/IN allowing/VBG the/DT ,/, the/DT sentencing/NN to/TO ,/, uh/UH ,/, to/TO go/VB to/IN the/DT judge/NN instead/IN of/IN the/DT jury/NN and/CC allowing/VBG him/PRP to/TO do/VB that/DT ./.","[ I'd, + the, I had ] never really thought of what they said before about allowing [ the, + the ] sentencing [ to, + {F uh, } to ] go to the judge instead of the jury and allowing him to do that. /"
sd,A,"I/PRP 've/VBP been/VBN kind/RB of/RB sitting/VBG here/RB thinking/VBG about/IN that/DT a/DT little/JJ bit/NN while/IN I/PRP was/VBD waiting/VBG for/IN them/PRP to/TO phone/VB somebody/NN ,/,","I've been kind of sitting here thinking about that a little bit while I was waiting for them to phone somebody, /"
sd,A,and/CC I/PRP do/VBP n't/RB know/VB that/IN that/DT 's/BES not/RB a/DT good/JJ idea/NN ./.,{C and } I don't know that that's not a good idea. /
sv,B,That/DT 's/BES not/RB a/DT bad/JJ idea/NN,That's not a bad idea /
%,B,"I/PRP ,/,","I, - /"
%,B,"um/UH ,/, uh/UH ,/, that/IN ,/, you/PRP know/VBP ,/,","{F um, } {F uh, } that, {D you know, } - /"
sv,B,"they/PRP probably/RB ,/, need/VBP to/TO change/VB it/PRP somehow/RB ,/, uh/UH ,/,","they probably, need to change it somehow, {F uh, } /"
sv,B,"the/DT whole/JJ system/NN needs/VBZ changing/VBG ,/,","the whole system needs changing, /"
sv,B,"we/PRP 've/VBP just/RB got/VBN too/RB many/JJ people/NNS in/IN there/RB ,/,","we've just got too many people (( in there )) ,"
aa,A,I/PRP agree/VBP ./.,I agree. /
+,B,"and/CC ,/, uh/UH ,/, MUMBLEx/XX ,/, are/VBP putting/VBG too/RB many/JJ ,/, uh/UH ,/, people/NNS in/IN jail/NN that/WDT probably/RB do/VBP n't/RB need/VB to/TO be/VB there/RB","and, {F uh, } (( )) , are putting too many, {F uh, } people in jail that probably don't need to be there /"
sv,B,and/CC it/PRP 's/BES another/DT form/NN of/IN sentencing/NN ./.,{C and } it's another form of sentencing. /
b,A,Uh-huh/UH ./.,Uh-huh. /
sv,B,"But/CC on/IN that/DT one/CD thing/NN ,/, I/PRP ,/, I/PRP still/RB think/VBP it/PRP should/MD be/VB a/DT unanimous/JJ decision/NN ,/,","{C But } on that one thing, [ I, + I ] still think it should be a unanimous decision, /"
aa,A,"Oh/UH ,/, yeah/UH ,/,","{F Oh, } yeah, /"
aa,A,I/PRP agree/VBP ./.,I agree. /
aa,A,Yeah/UH ./.,Yeah. /
sv,B,"uh/UH ,/, I/PRP think/VBP we/PRP 're/VBP getting/VBG to/IN the/DT point/NN now/RB where/WRB they/PRP 're/VBP going/VBG to/TO eventually/RB let/VB it/PRP be/VB ,/, um/UH ,/, majority/NN vote/NN ./.","{F uh, } I think we're getting to the point now where they're going to eventually let it be, {F um, } majority vote. /"
sv,B,And/CC that/DT 's/BES not/RB going/VBG to/TO be/VB good/JJ ./.,{C And } that's not going to be good. /
sd,A,"I/PRP do/VBP n't/RB like/VB that/DT ,/,","I don't like that, /"
aa,A,"no/UH ,/,","no, /"
b^m,B,No/UH ./.,No. /
sd,A,I/PRP do/VBP n't/RB like/VB that/DT at/IN all/DT ./.,I don't like that at all. /
sd,A,"I/PRP know/VBP my/PRP$ husband/NN served/VBD on/IN a/DT ,/, on/IN a/DT jury/NN a/DT few/JJ months/NNS ago/RB up/IN here/RB in/IN Denton/NNP ,/,","I know my husband served [ on a, + on a ] jury a few months ago up here in Denton, /"
sd,A,"but/CC ,/, uh/UH ,/, it/PRP was/VBD a/DT guy/NN ,/, it/PRP was/VBD ,/, it/PRP was/VBD a/DT drug/NN conviction/NN","{C but, } {F uh, } [ [ it was a guy, + it was, ] + it was ] a drug conviction /"
%,A,and/CC I/PRP do/VBP n't/RB remember/VB,{C and } I don't remember /
sd,A,"he/PRP had/VBD some/DT cocaine/NN and/CC th-/XX ,/, it/PRP was/VBD accused/VBN of/IN selling/VBG it/PRP ,/,","he had some cocaine and [ th-, + ] [ (( it )) + ] was accused of selling it, /"
sd,A,and/CC I/PRP do/VBP n't/RB remember/VB exactly/RB how/WRB much/JJ he/PRP had/VBD,{C and } I don't remember exactly how much he had /
sd,A,"but/CC ,/, uh/UH ,/, actually/RB not/RB selling/VBG it/PRP ,/,","{C but, } {F uh, } {D actually } not selling (( it )) , - /"
sd,A,"there/EX 's/BES a/DT difference/NN ,/,","there's a difference, /"
sd,A,"cr/VBG ,/, cro/VBG ,/, couriering/VBG it/PRP is/VBZ what/WP ,/,","[ [ cr-, + cro-, ] + (( couriering )) ] it is what, - /"
sd,A,"ther-/EX ,/, is/VBZ supposedly/RB a/DT difference/NN from/IN selling/VBG then/RB being/VBG a/DT courier/NN","ther-, is supposedly a difference from selling then being a courier /"
sd,A,"and/CC ,/,","{C and, }"
b,B,Right/UH ./.,Right. /
+,A,he/PRP was/VBD a/DT courier/NN ./.,he was a courier. /
sd,A,"And/CC ,/, uh/UH ,/, they/PRP ,/, he/PRP 's/BES ,/, he/PRP sat/VBD on/IN that/DT jury/NN","{C And, } {F uh, } [ [ they, + he's, ] + he ] sat on that jury /"
sd,A,"and/CC they/PRP found/VBD him/PRP guilty/JJ ,/,","{C and } they found him guilty, /"
sd,A,and/CC they/PRP went/VBD through/IN the/DT sentencing/NN phase/NN and/CC everything/NN,{C and } they went through the sentencing phase and everything /
sd,A,"and/CC ,/, uh/UH ,/, you/PRP know/VBP ,/, they/PRP were/VBD told/VBN that/IN ,/, you/PRP know/VBP ,/, during/IN the/DT trial/NN that/IN this/DT is/VBZ this/DT guy/NN 's/POS first/JJ offense/NN","{C and, } {F uh, } {D you know, } they were told that, {D you know, } during the trial that this is this guy's first offense /"
sd,A,"and/CC he/PRP 's/HVS got/VBN this/DT clean/JJ record/NN ,/,","{C and } he's got this clean record, /"
sd,A,"and/CC ,/, and/CC they/PRP ended/VBD up/RP ,/,","[ {C and, } + {C and } ] they ended up, - /"
sd,A,"the/DT jury/NN ,/, you/PRP know/VBP ,/, decided/VBD ,/, hey/UH ,/, it/PRP 's/BES time/NN to/TO crackdown/VB here/RB ,/, you/PRP know/VBP ,/,","the jury, {D you know, } decided, {F hey, } it's time to crackdown here, {D you know, } /"
sd,A,and/CC it/PRP was/VBD time/NN to/TO do/VB this/DT drug/NN thing/NN,{C and } it was time to do this drug thing /
^q,A,and/CC let/NN 's/PRP crackdown/VB,{C and } let's crackdown /
^q,A,"and/CC let/VB 's/PRP really/RB ,/,","{C and } let's really, - /"
sd,A,"and/CC they/PRP sentenced/VBD him/PRP to/IN fifteen/CD years/NNS ,/,","{C and } they sentenced him to fifteen years,"
b,B,Uh-huh/UH ./.,Uh-huh. /
+,A,"you/PRP know/VBP ,/, which/WDT they/PRP thought/VBD first/JJ offense/NN ,/, okay/UH ,/, this/DT is/VBZ ,/, they/PRP thought/VBD that/IN that/DT was/VBD ,/, that/DT was/VBD a/DT good/JJ thing/NN ./.","{D you know, } which [ they thought first offense, okay, this is, + they thought ] that [ that was, + that was ] a good thing. /"
sd,A,And/CC they/PRP sentencing/VBG him/PRP to/IN fifteen/CD years/NNS,{C And } they sentencing him to fifteen years - /
sd,A,"and/CC ,/, um/UH ,/, after/IN it/PRP was/VBD all/RB over/RB ,/, uh/UH ,/, the/DT jud-/NN ,/, they/PRP sit/VBP down/RB with/IN the/DT judge/NN and/CC with/IN the/DT other/JJ two/CD lawyers/NNS ,/, ,/, let/VB me/PRP come/VB over/RP in/IN just/RB a/DT second/NN ,/, okay/UH ,/, and/CC sit/VB down/IN with/IN the/DT judge/NN and/CC with/IN the/DT other/JJ two/CD lawyers/NNS","{C and, } {F um, } after it was all over, {F uh, } [ the jud-, + they ] [ sit down with the judge and with the other two lawyers, + <<talks to someone in the background>>, {A let me come over in just a second, okay, } [ and + ] sit down with the judge and with the other two lawyers ] /"
sd,A,"and/CC they/PRP were/VBD told/VBN that/IN ,/, uh/UH ,/, he/PRP would/MD probably/RB serve/VB three/CD ,/,","{C and } they were told that, {F uh, } he would probably serve three,"
b,B,Uh-huh/UH ./.,Uh-huh. /
+,A,"of/IN the/DT fifteen/CD ,/,","of the fifteen,"
b,B,Uh-huh/UH ./.,Uh-huh. /
+,A,and/CC that/IN he/PRP had/VBD three/CD previous/JJ convictions/NNS ./.,and that he had three previous convictions. /
sd,A,"However/RB ,/, they/PRP could/MD not/RB tell/VB the/DT jud-/NN ,/, the/DT jury/NN that/IN during/IN the/DT trial/NN because/IN all/DT three/CD of/IN them/PRP were/VBD in/IN appeal/NN ./.","However, they could not tell [ the jud-, + the jury ] that during the trial because all three of them were in appeal. /"
b,B,"Oh/UH ,/, yeah/UH ./.","{F Oh, } yeah. /"
sd,A,"So/RB ,/, the/DT jury/NN did/VBD n't/RB know/VB about/IN it/PRP ,/,","{C So, } the jury didn't know about it, /"
sd,A,"so/RB here/RB they/PRP based/VBD their/PRP$ sentencing/NN thinking/NN that/IN this/DT was/VBD this/DT guy/NN 's/POS first/JJ offense/NN ,/,","{C so } here they based their sentencing thinking that this was this guy's first offense, /"
b,B,Sure/UH ./.,(( Sure )) . /
sd,A,"and/CC so/RB ,/, you/PRP know/VBP ,/, we/PRP 'll/MD give/VB him/PRP fifteen/CD which/WDT will/MD teach/VB him/PRP a/DT lesson/NN","[ {C and } + {C so, } ] {D you know, } we'll give him fifteen which will teach him a lesson /"
sv,A,"but/CC it/PRP 's/BES not/RB just/RB ,/, you/PRP know/VBP ,/, horrible/JJ ,/,","{C but } it's [ not + just, ] {D you know, } horrible,"
b,B,Yeah/UH ./.,(( Yeah )) . /
+,A,since/IN it/PRP was/VBD first/JJ offense/NN,since it was first offense /
sd,A,"and/CC he/PRP 'd/VBD been/VBN convicted/VBN three/CD times/NNS before/RB ,/, you/PRP know/VBP ,/,","{C and } he'd been convicted three times before, {D you know, } /"
b,B,Oh/UH ./.,(( Oh )) . /
sd,A,"and/CC ,/, and/CC the/DT jury/NN was/VBD very/RB upset/JJ","[ {C and, } + {C and } ] the jury was very upset /"
sd,A,"and/CC my/PRP$ husband/NN came/VBD home/RB ,/, a/DT home/NN ,/, very/RB upset/JJ ,/,","{C and } my husband came [ home, a + home, ] very upset, /"
sd,A,"I/PRP mean/VBP ,/, he/PRP felt/VBD like/IN that/IN ,/, that/IN they/PRP had/VBD been/VBN tricked/VBN ,/, you/PRP know/VBP ,/,","{E I mean, } he felt [ like + ] [ that, + that ] they had been tricked, {D you know, } /"
b,B,Right/UH ./.,Right. /
%,A,"and/CC so/RB something/NN ,/,","[ {C and } + {C so } ] something, - /"
qh,A,"I/PRP wonder/VBP if/IN a/DT judge/NN did/VBD n't/RB have/VB control/NN of/IN that/DT if/IN some/DT of/IN that/DT would/MD change/VB ,/, you/PRP know/VBP ./.","I wonder if a judge didn't have control of that if some of that would change, {D you know. } /"
aa,B,"Yeah/UH ,/,","Yeah, /"
sv,B,the/DT judge/NN might/MD know/VB,the judge might know /
sv,B,"or/CC at/IN least/JJS it/PRP ,/, it/PRP would/MD n't/RB hurt/VB to/TO switch/VB over/IN there/RB and/CC see/VB if/IN it/PRP worked/VBD any/RB better/RBR ,/,","{C or } at least [ it, + it ] wouldn't hurt to switch over there and see if it worked any better, /"
sv,B,if/IN it/PRP did/VBD n't/RB we/PRP can/MD come/VB back/RB for/IN something/NN else/RB,if it didn't we can come back for something else /
%,B,"or/CC ,/,","{C or, } -/"
aa,A,That/DT 's/BES true/JJ ./.,That's true. /
aa,A,That/DT 's/BES very/RB true/JJ ./.,That's very true. /
%,B,"or/CC ,/, or/CC what/WP we/PRP 've/VBP got/VBN ,/,","[ {C or, } + {C or } ] what we've got, - /"
%,B,so/RB ./.,{C so. } -/
b,A,Yeah/UH ./.,Yeah. /
sv,B,"Well/UH ,/, we/PRP definitely/RB need/VBP a/DT change/NN in/IN the/DT system/NN","{D Well, } we definitely need a change in the system /"
%,B,"and/CC ,/, uh/UH ,/,","{C and, } {F uh, } -/"
aa,A,"Yeah/UH ,/,","Yeah, /"
sv,A,"obviously/RB what/WP we/PRP are/VBP doing/VBG is/VBZ not/RB working/VBG ,/, you/PRP know/VBP ./.","obviously what we are doing is not working, {D you know. } /"
aa,B,"It/PRP 's/BES not/RB working/VBG ,/, too/RB ./.","It's not working, (( too )) . /"
aa,A,No/UH ./.,No. /
sv,B,It/PRP 's/BES just/RB piling/VBG up/RP on/IN us/PRP ./.,It's just piling up on us. /
aa,A,"Yeah/UH ,/,","Yeah, /"
sv,A,"and/CC there/EX 's/BES ,/, you/PRP know/VBP ,/, there/EX 's/BES people/NNS in/IN our/PRP$ prisons/NNS that/WDT are/VBP not/RB being/VBG rehabilitated/VBN in/IN any/DT way/NN ,/, shape/NN ,/, or/CC form/NN ,/,","{C and } [ there's, + {D you know, } there's ] people in (( our )) prisons that are not being rehabilitated in any way, shape, or form, /"
b,B,Right/UH ./.,Right. /
sv,A,"and/CC either/CC they/PRP 're/VBP in/IN there/RB ,/,","{C and } either they're in there,"
b,B,Right/UH ./.,Right. /
+,A,"forever/RB or/CC when/WRB they/PRP get/VBP out/RB they/PRP 're/VBP ,/, you/PRP know/VBP ,/, it/PRP 's/BES a/DT matter/NN of/IN a/DT few/JJ months/NNS","forever or when they get out [ they're, + {D you know, } it's ] a matter of a few months /"
sv,A,and/CC they/PRP 're/VBP going/VBG to/TO be/VB right/RB back/RB for/IN the/DT same/JJ thing/NN,{C and } they're going to be right back for the same thing /
%,A,"so/RB the/DT system/NN ,/,","{C so } the system, -/"
sv,B,"We/PRP 're/VBP just/RB not/RB willing/JJ to/TO set/VB a/DT society/NN not/RB willing/JJ to/TO spend/VB the/DT time/NN or/CC the/DT money/NN to/TO do/VB what/WP it/PRP takes/VBZ ,/,","We're just [ not willing to set + a society not willing to spend ] the time or the money to do what it takes, /"
%,B,so/RB ./.,{C so. } -/
aa,A,That/DT 's/BES very/RB true/JJ ./.,That's very true. /
b,B,Yeah/UH ./.,Yeah. /
b^m,A,"Yeah/UH ,/,","Yeah, /"
sd,A,I/PRP was/VBD talking/VBG to/IN a/DT friend/NN of/IN mine/PRP about/IN this/DT the/DT other/JJ day/NN,I was talking to a friend of mine about this the other day /
sd,A,"and/CC I/PRP said/VBD ,/, you/PRP know/VBP ,/, I/PRP understand/VBP that/IN there/EX are/VBP a/DT lot/NN of/IN countries/NNS that/WDT rely/VBP on/IN the/DT United/NNP States/NNPS ,/, to/IN","{C and } I said, {D you know, } I understand that there are a lot of countries that rely on the United States, to - /"
^q,A,"and/CC ,/,","[ [ {C and, } +"
b,B,Uh-huh/UH ./.,Uh-huh. /
+,A,"and/CC the/DT ,/, and/CC the/DT people/NNS in/IN those/DT countries/NNS rely/VBP on/IN our/PRP$ money/NN to/TO survive/VB","{C and } the, ] + {C and } the ] people in those countries rely on our money to survive /"
^q,A,"but/CC I/PRP really/RB believe/VBP that/IN we/PRP need/VBP to/TO take/VB care/NN of/IN ourselves/PRP ,/,","{C but } I really believe that we need to take care of ourselves, /"
b,B,Right/UH ./.,Right. /
%,A,"I/PRP mean/VBP ,/, we/PRP ,/,","{E I mean, } we, - /"
%,A,"and/CC ,/, and/CC the-/XX ,/,","[ {C and, } + {C and } ] the-, - /"
sv,A,"I/PRP know/VBP people/NNS say/VBP ,/, oh/UH ,/, it/PRP would/MD be/VB cruel/JJ to/TO ,/, you/PRP know/VBP ,/, pull/VB our/PRP$ aid/NN from/IN these/DT other/JJ countries/NNS","I know people say, {F oh, } it would be cruel to, {D you know, } pull our aid from these other countries /"
sv,A,"and/CC ,/, and/CC maybe/RB so/RB ,/,","[ {C and, } + {C and } ] maybe so, /"
sv,A,"so/RB tell/VB them/PRP ,/, you/PRP 've/VBP got/VBN five/CD years/NNS ./.","{C so } tell them, you've got five years."
b,B,Right/UH ./.,Right. /
+,A,"To/TO work/VB out/RP a/DT plan/NN ,/, to/TO make/VB it/PRP on/IN your/PRP$ own/JJ ./.","To work out a plan, to make it on your own. /"
b,B,Yeah/UH ./.,Yeah. /
^q,A,"And/CC ,/, we/PRP will/MD continue/VB funding/VBG you/PRP for/IN the/DT next/JJ two/CD years/NNS ,/,","{C And, } we will continue funding you for the next two years, /"
^q,A,"after/IN two/CD years/NNS we/PRP 'll/MD cut/VB it/PRP down/RP seven/CD to/IN seventy/CD fiv-/CD ,/, you/PRP know/VBP ,/, seventy-five/CD percent/NN ./.","after two years we'll cut it down [ [ seven + to seventy fiv-, ] + {D you know, } seventy-five ] percent. /"
b,B,Uh-huh/UH ./.,Uh-huh. /
^q,A,"And/CC after/IN another/DT year/NN we/PRP 'll/MD cut/VB it/PRP fifty/CD percent/NN ,/,","{C And } after another year we'll cut it fifty percent, /"
^q,A,"and/CC in/IN five/CD years/NNS ,/, it/PRP sh/MD ,/,","{C and } in five years, it sh-, - /"
^q,A,by/IN then/RB you/PRP should/MD all/DT should/MD have/VB a/DT plan/NN worked/VBN where/WRB you/PRP can/MD make/VB it/PRP on/IN your/PRP$ own/JJ without/IN our/PRP$ help/NN ./.,by then you [ should + all should ] have a plan worked where you can make it on your own without our help. /
aa,B,Sure/UH ./.,Sure. /
sv,A,"And/CC then/RB we/PRP 'll/MD have/VB all/DT ,/, we/PRP 'll/MD have/VB ,/, we/PRP will/MD have/VB the/DT money/NN if/IN we/PRP would/MD do/VB that/DT to/TO ,/,","{C And then } [ [ we'll have all, + we'll have, ] + we will have ] the money if we would do that [ to, +"
b,B,Yeah/UH ./.,Yeah. /
+,A,to/TO work/VB on/IN your/PRP$ own/JJ system/NN because/IN we/PRP 've/VBP got/VBN some/DT serious/JJ problems/NNS here/RB,to ] work on your own system because we've got some serious problems here /
sv,A,"and/CC we/PRP 're/VBP trying/VBG to/TO ,/,","{C and } we're trying to,"
aa,B,"Very/RB serious/JJ ,/, yeah/UH ./.","Very serious, yeah. /"
+,A,"heal/VB the/DT world/NN ,/, you/PRP know/VBP ,/,","heal the world, {D you know, } /"
sv,A,"it/PRP 's/BES just/RB not/RB ,/,","[ it's just not, +"
b,B,"Oh/UH ,/, yeah/UH ,/,","(( {F Oh, } yeah )) , /"
+,A,it/PRP 's/BES just/RB not/RB working/VBG ./.,it's just not ] working. /
aa,B,"you/PRP 're/VBP right/JJ ,/, MUMBLEx/XX ./.","(( your right )) , (( )) . /"
sd,A,"I/PRP look/VBP at/IN the/DT ,/, I/PRP look/VBP at/IN what/WP ,/, you/PRP know/VBP ,/, thi-/XX ,/, what/WP ,/, the/DT aid/NN presented/VBN to/IN the/DT Kurds/NNPS","[ I look at the, + I look at ] [ [ what, {D you know, } thi-, + what, ] + ] the (( aid )) presented to the Kurds /"
sd,A,"and/CC I/PRP ,/, I/PRP feel/VBP sorry/JJ for/IN them/PRP","{C and } [ I, + I ] feel sorry for them /"
sv,A,and/CC I/PRP know/VBP they/PRP 're/VBP suffering/VBG,{C and } I know they're suffering /
sv,A,"and/CC I/PRP know/VBP they/PRP 're/VBP dying/VBG everyday/RB ,/,","{C and } I know they're dying everyday, /"
sv,A,"but/CC we/PRP 've/VBP got/VBN ,/, you/PRP know/VBP ,/, kids/NNS here/RB in/IN the/DT United/NNP States/NNPS that/WDT are/VBP dying/VBG everyday/RB ,/, too/RB ./.","{C but } we've got, {D you know, } kids here in the United States that are dying everyday, too."
aa,B,Sure/UH ./.,Sure. /
+,A,"You/PRP know/VBP ,/, and/CC being/VBG ,/,","{D You know, } and being,"
b,B,Oh/UH ./.,(( Oh )) . /
+,A,abused/VBN and/CC neglected/VBN,abused and neglected /
h,A,"and/CC ,/, you/PRP know/VBP ,/, I/PRP do/VBP n't/RB know/VB ./.","{C and, } {D you know, } I don't know. /"
sv,A,"I/PRP just/RB have/VBP this/DT problem/NN with/IN ,/,","I just have this problem with,"
ba,B,You/PRP bet/VBP ./.,(( You bet )) . /
+,A,"uh/UH ,/, trying/VBG to/TO heal/VB the/DT world/NN when/WRB you/PRP 're/VBP so/RB sick/JJ yourself/PRP ,/, you/PRP know/VBP ,/,","{F uh, } trying to heal the world when you're so sick yourself, {D you know, } /"
%,A,so/RB ./.,{C so. } -/
aa,B,Right/UH ./.,Right. /
sv,B,"Well/UH ,/, we/PRP seem/VBP to/TO agree/VB on/IN the/DT jury/NN thing/NN","{D Well, } we seem to agree on the jury thing /"
sv,B,"and/CC ,/, uh/UH ,/, but/CC ,/, uh/UH ,/, we/PRP 'll/MD need/VB an/DT unanimous/JJ verdict/NN","[ {C and, } + {F uh, } {C but, } ] (( {F uh } )) , we'll need an unanimous verdict /"
sv,B,"and/CC ,/,","{C and, }"
aa,A,Yep/UH ./.,Yep. /
+,B,"maybe/RB let/VB the/DT judge/NN have/VBP a/DT opportunity/NN to/TO make/VB ,/, a/DT decision/NN ./.","maybe let the judge have a opportunity to make, (( a decision )) . /"
sv,A,"I/PRP think/VBP we/PRP should/MD try/VB it/PRP ,/, like/IN you/PRP say/VBP ,/,","I think we should try it, like you say, /"
b,B,Yeah/UH ./.,Yeah. /
sv,A,"if/IN it/PRP does/VBZ n't/RB work/VB ,/, we/PRP can/MD always/RB come/VB back/RB ,/,","if it doesn't work, we can always come back, /"
sv,A,but/CC I/PRP think/VBP it/PRP would/MD be/VB a/DT good/JJ idea/NN to/TO try/VB it/PRP ./.,{C but } I think it would be a good idea to try it. /
aa,B,I/PRP do/VBP too/RB ./.,I do too. /
sv,A,"So/RB ,/, anyway/RB ,/, well/UH ,/, we/PRP all/DT agree/VBP ./.","{C So, } {D anyway, } {D well, } we all agree. /"
ba,B,"Well/UH ,/, good/JJ ./.","{D Well, } good. /"
x,A,./.,<Laughter>.
fc,B,Good/JJ to/TO hear/VB from/IN you/PRP ./.,Good to hear from you. /
fc,A,"You/PRP too/RB ,/, bye-bye/UH ./.","You too, bye-bye. /"
fc,B,Bye-bye/UH ./.,Bye-bye. /
