act_tag,speaker,pos,text
sd,A,"Carolyn/NNP ,/, I/PRP have/VBP a/DT little/JJ Schnauzer/NNP ,/, little/JJ miniature/JJ Schnauzer/NNP ./.","Carolyn, I have a [ little Schnauzer, + little miniature Schnauzer. ] /"
b,B,Oh/UH ./.,Oh. /
qw,A,What/WP do/VBP you/PRP have/VB ?/.,What do you have? /
sd,B,"Well/UH ,/, it/PRP 's/BES kind/RB of/RB a/DT mixed/JJ breed/NN that/WDT we/PRP got/VBD from/IN the/DT Humane/NNP Society/NNP ./.","{D Well, } it's kind of a mixed breed that we got from the Humane Society <laughter>. /"
sv,A,"You/PRP know/VBP ,/, those/DT make/VBP the/DT best/JJS animals/NNS ,/, uh/UH ,/, pe-/NNS ,/, best/JJS pets/NNS ./.","You know, those make the [ best animals, + {F uh, } [ pe-, + best pets. ] ] /"
sd,A,"My/PRP$ ,/, uh/UH ,/, son/NN has/VBZ a/DT ,/, uh/UH ,/, oh/UH ,/,","My, {F uh, } son has [ a, + ] {F uh, } {F oh, } - /"
sd,A,"it/PRP 's/BES a/DT real/JJ mixture/NN ,/,","it's a real mixture, /"
sd,A,"it/PRP 's/BES part/NN ,/, uh/UH ,/, Doberman/NN and/CC part/NN Husky/NNP ./.","it's part, {F uh, } Doberman and part Husky <laughter>. /"
ba,B,"Oh/UH ,/, my/UH ./.","{F Oh, } my. /"
b,A,"Yes/UH ,/,","<Laughter> Yes, /"
sd,A,"and/CC they/PRP ,/, gentlest/JJS dog/NN you/PRP ever/RB met/VBD ,/,","{C and } [ they, + ] gentlest dog you ever met, /"
sd,A,"and/CC they/PRP got/VBD him/PRP from/IN the/DT ,/, uh/UH ,/, Humane/NNP Society/NNP here/RB in/IN Oklahoma/NNP City/NNP --/:","{C and } they got him from the, {F uh, } Humane Society here in Oklahoma City -- /"
b,B,"Oh/UH ,/,","{F Oh, } /"
sd,A,--/: and/CC she/PRP 's/HVS just/RB turned/VBN out/RP to/TO be/VB a/DT jewel/NN ./.,-- {C and } she's just turned out to be a jewel. /
sd,A,"My/PRP$ ,/, my/PRP$ little/JJ Schnauzer/NNP is/VBZ ,/, is/VBZ my/PRP$ friend/NN ./.","[ My, + my ] little <child_yelling> Schnauzer [ is, + is ] my friend. /"
sd,A,She/PRP is/VBZ so/RB spoiled/JJ ./.,She is so spoiled. /
sd,A,"She/PRP 's/BES a/DT year/NN and/CC a/DT half/NN old/JJ now/RB ,/,","She's a year and a half old now, /"
sd,A,"and/CC being/VBG single/JJ ,/, she/PRP 's/HVS become/VBN very/RB important/JJ in/IN my/PRP$ life/NN --/:","{C and } being single, she's become very important in my life -- /"
b,B,Uh-huh/UH ./.,Uh-huh. /
sd,A,"--/: it/PRP 's/BES so/RB nice/JJ to/TO have/VB ,/, come/VB home/NN and/CC find/VB something/NN ,/, or/CC someone/NN who/WP 's/BES really/RB so/RB happy/JJ to/TO see/VB you/PRP ./.","-- it's so nice to [ have, + ] come home and find something, or someone who's really so happy to see you. /"
sd,B,"Well/UH ,/, my/PRP$ children/NNS are/VBP the/DT ones/NNS that/WDT wanted/VBD our/PRP$ pet/NN ,/,","{D Well, } my children are the ones that wanted our pet, /"
sd,B,and/CC this/DT one/NN is/VBZ probably/RB the/DT best/JJS one/NN that/WDT we/PRP have/VBP had/VBN ./.,{C and } this one is probably the best one that we have had. /
sd,B,"Um/UH ,/, as/IN I/PRP say/VBP ,/, we/PRP got/VBD it/PRP from/IN the/DT Humane/NNP Society/NNP ,/,","{F Um, } as I say, we got it from the Humane Society, /"
sd,B,"and/CC ,/, uh/UH ,/, we/PRP had/VBD lost/VBN a/DT pet/NN ,/,","{C and, } {F uh, } we had lost a pet, /"
sd,B,and/CC we/PRP really/RB went/VBD there/RB looking/VBG for/IN the/DT one/NN that/WDT we/PRP had/VBD lost/VBN ./.,{C and } we really went there looking for the one that we had lost. /
sd,B,"It/PRP got/VBD out/RB under/IN the/DT fence/NN while/IN we/PRP were/VBD on/IN vacation/NN ,/,","It got out under the fence while we were on vacation, /"
sd,B,"and/CC we/PRP just/RB looked/VBD all/RB over/RB for/IN it/PRP and/CC could/MD n't/RB find/VB it/PRP ,/,","{C and } we just looked all over for it and couldn't find it, /"
sd,B,"but/CC ,/, uh/UH ,/, when/WRB we/PRP walked/VBD in/IN to/IN the/DT ,/, to/IN the/DT Humane/NNP Society/NNP ,/, this/DT little/JJ dog/NN was/VBD ,/, uh/UH ,/, in/IN the/DT office/NN and/CC would/MD sit/VB up/RB and/CC beg/VB ,/,","{C but, } {F uh, } when we walked in [ to the, + to the ] Humane Society, this little dog was, {F uh, } in the office and would sit up and beg, /"
sd,B,"and/CC just/RB ,/, oh/UH ,/, he/PRP was/VBD so/RB cute/JJ ,/,","{C and } just, {F oh, } he was so cute, /"
sd,B,and/CC the/DT kids/NNS just/RB fell/VBD in/IN love/NN with/IN it/PRP ./.,{C and } the kids just fell in love with it. /
sd,B,We/PRP just/RB could/MD n't/RB leave/VB without/IN it/PRP ./.,We just couldn't leave without it. /
sd,B,"But/CC ,/, it/PRP 's/BES ,/, um/UH ,/, whoever/WP had/VBD it/PRP before/RB must/MD have/VB trained/VBN it/PRP real/RB well/RB ,/, because/IN it/PRP 's/BES just/RB ,/, you/PRP know/VBP ,/, it/PRP 's/BES ,/, uh/UH ,/, a/DT good/JJ house/NN dog/NN ./.","{C But, } [ it's, + {F um, } whoever had it ] before must have trained it real well, because [ it's just, + {D you know, } it's, ] {F uh, } a good house dog. /"
sd,B,I/PRP 've/VBP never/RB had/VBN one/CD that/WDT I/PRP could/MD keep/VB in/IN the/DT house/NN before/RB and/CC tolerate/VB it/PRP ./.,I've never had one that I could keep in the house before and tolerate it <laughter>. /
sd,A,"Sometimes/RB I/PRP wish/VBP I/PRP had/VBD not/RB gotten/VBN this/DT one/CD ,/, it/PRP 's/BES a/DT puppy/NN ,/, because/IN I/PRP work/VBP","Sometimes I wish I had not gotten this one, it's a puppy, because I work /"
sd,A,and/CC I/PRP 'm/VBP not/RB home/NN --/:,{C and } I'm not home -- /
b,B,Uh-huh/UH ./.,Uh-huh. /
sd,A,"--/: and/CC unfortunately/RB she/PRP 's/BES not/RB as/IN well/RB trained/JJ as/RB ,/, as/IN I/PRP would/MD like/VB her/PRP to/TO be/VB --/:","-- {C and } unfortunately she's not as well trained [ as, + as ] I would like her to be -- /"
b,B,Uh-huh/UH ./.,Uh-huh. /
sd,A,"--/: and/CC I/PRP realize/VBP it/PRP 's/BES my/PRP$ fault/NN ,/,","-- {C and } I realize it's my fault, /"
sd,A,"I/PRP 'm/VBP not/RB doing/VBG a/DT really/RB great/JJ job/NN as/IN a/DT disciplinarian/NN ,/,","I'm not doing a really great job as a disciplinarian, /"
%,A,"but/CC ,/, uh/UH ,/,","{C but, } {F uh, } -/"
sv,B,"It/PRP 's/BES hard/JJ to/TO do/VB that/DT when/WRB you/PRP 're/VBP not/RB there/RB constantly/RB ,/,","It's hard to do that when you're not there constantly, /"
aa,A,"It/PRP is/VBZ ,/,","It is, /"
aa,A,it/PRP is/VBZ ./.,it is. /
sd,A,"She/PRP 's/BES ,/, you/PRP know/VBP ,/, she/PRP 's/BES real/RB good/JJ ,/,","[ She's, + {D you know, } she's ] real good, /"
sd,A,I/PRP can/MD leave/VB her/PRP$ all/DT day/NN in/IN the/DT bathroom/NN --/:,I can leave her all day in the bathroom --
%,B,Um/UH ./.,{F Um. } /
+,A,"--/: with/IN her/PRP$ toys/NNS and/CC her/PRP$ food/NN and/CC everything/NN ,/,","-- with her toys and her food and everything, /"
sd,A,"and/CC ,/, and/CC ,/, not/RB one/CD mess/NN does/VBZ she/PRP make/VB --/:","[ {C and, } + {C and, } ] not one mess does she make -- /"
b,B,Oh/UH ./.,Oh. /
sd,A,"--/: and/CC then/RB we/PRP go/VBP outside/RB ,/,","-- {C and then } we go outside, /"
sd,A,"and/CC she/PRP 'll/MD stay/VB outside/RB for/IN ,/, oh/UH ,/, thirty/CD minutes/NNS to/IN an/DT hour/NN ,/, come/VB inside/RB and/CC use/VB the/DT restroom/NN ./.","{C and } she'll stay outside for, {F oh, } thirty minutes to an hour, come inside and use the restroom. /"
%,B,Um/UH ./.,{F Um. } /
sd,A,I/PRP just/RB want/VBP to/TO kill/VB her/PRP at/IN --/:,I just want to kill her <laughter> at --
b,B,Oh/UH ./.,Oh. /
+,A,--/: those/DT times/NNS ./.,-- those times. /
sd,A,"But/CC she/PRP 's/BES a/DT doll/NN ,/,","{C But } she's a doll, /"
sd,A,"she/PRP 's/BES a/DT love/NN ,/,","she's a love, /"
sd,A,she/PRP really/RB is/VBZ ./.,she really is. /
sd,B,"About/RB the/DT only/JJ time/NN we/PRP have/VBP ,/,","About the only time we have, - /"
h,B,"well/UH ,/, I/PRP should/MD n't/RB say/VB the/DT only/JJ time/NN ,/,","{D well, } I shouldn't say the only time, /"
sd,B,"but/CC most/JJS of/IN the/DT time/NN when/WRB we/PRP have/VBP problems/NNS with/IN restroom/NN is/VBZ in/IN the/DT night/NN ,/,","{C but } most of the time when we have problems with restroom is in the night, /"
sd,B,"and/CC ,/, uh/UH ,/, she/PRP usually/RB stays/VBZ inside/RB at/IN night/NN ./.","{C and, } {F uh, } she usually stays inside at night. /"
sd,B,"We/PRP try/VBP to/TO take/VB her/PRP out/RB right/RB before/IN we/PRP go/VBP to/TO sleep/VB ,/,","We try to take her out right before we go to sleep, /"
sd,B,"but/CC ,/, uh/UH ,/, sometimes/RB it/PRP does/VBZ n't/RB work/VB ./.","{C but, } {F uh, } sometimes it doesn't work <laughter>. /"
sd,A,"You/PRP know/VBP ,/, I/PRP ,/, I/PRP ,/, we/PRP always/RB had/VBD a/DT pet/NN when/WRB I/PRP was/VBD growing/VBG up/RP ,/, oh/UH always/RB had/VBD a/DT dog/NN ./.","{D You know, } [ [ I, + I, ] + we ] always had a pet when I was growing up, {F oh } always had a dog. /"
sd,A,My/PRP$ mother/NN did/VBD not/RB like/VB cats/NNS ./.,My mother did not like cats. /
sd,A,"So/RB we/PRP always/RB had/VBD a/DT dog/NN ,/,","{C So } we always had a dog, /"
sd,A,"and/CC ,/, and/CC then/RB ,/, course/IN ,/, when/WRB my/PRP$ children/NNS were/VBD growing/VBG up/RP ,/, we/PRP always/RB had/VBD a/DT dog/NN ,/, and/CC always/RB said/VBD it/PRP was/VBD because/IN the/DT children/NNS wanted/VBD the/DT pet/NN --/:","[ {C and, } + {C and then, } ] course, when my children were growing up, we always had a dog, and always said it was because the children wanted the pet -- /"
b,B,Uh-huh/UH ./.,Uh-huh. /
sd,A,"--/: and/CC I/PRP find/VBP that/IN I/PRP 'm/VBP enjoying/VBG this/DT one/CD far/RB more/JJR than/IN I/PRP ever/RB did/VBD when/WRB it/PRP was/VBD the/DT children/NNS 's/POS dog/NN ,/,","-- {C and } I find that I'm enjoying this one far more than I ever did when it was the children's dog, /"
b,B,Oh/UH ./.,Oh. /
sd,A,"I/PRP ,/, uh/UH ,/, in/IN fact/NN my/PRP$ children/NNS gave/VBD me/PRP this/DT ,/, this/DT little/JJ puppy/NN for/IN Christmas/NNP ./.","[ I, + ] {F uh, } in fact my children gave me [ this, + this ] little puppy for Christmas. /"
ba,B,What/WP a/DT cute/JJ idea/NN ./.,What a cute idea. /
aa,A,"Yeah/UH ,/,","Yeah, /"
sd,A,I/PRP think/VBP so/RB ./.,I think so <laughter>. /
sd,B,"Well/UH ,/, we/PRP got/VBD one/NN one/CD year/NN for/IN Christmas/NNP ,/,","{D Well, } we got one one year for Christmas, /"
sd,B,"and/CC ,/, uh/UH ,/, I/PRP had/VBD a/DT baby/NN the/DT next/JJ day/NN --/:","{C and, } {F uh, } I had a baby the next day -- /"
ba,A,"Oh/UH ,/, my/PRP$ goodness/NN ./.","{F Oh, } my goodness. /"
sd,B,"--/: and/CC ,/, uh/UH ,/, so/RB --/:","-- {C and, } {F uh, } {C so } --"
bf,A,"Two/CD babies/NNS ,/,","Two babies, /"
b,A,huh/UH ./.,huh. /
+,B,--/: that/DT one/CD was/VBD n't/RB really/RB well/RB trained/JJ ./.,-- that one wasn't really well trained <laughter>. /
b,A,Oh/UH ./.,Oh. /
sd,B,"Oh/UH ,/, I/PRP just/RB did/VBD n't/RB have/VB time/NN to/TO take/VB care/NN of/IN baby/NN and/CC train/VB puppy/NN at/IN the/DT same/JJ time/NN ,/,","{F Oh, } I just didn't have time to take care of baby and train puppy at the same time, /"
%,B,"so/RB ,/,","{C so, } -/"
sv,A,"That/DT ,/, that/DT is/VBZ really/RB probably/RB bad/JJ timing/NN ./.","[ That, + that ] is really probably bad timing. /"
aa,B,"Yeah/UH ,/,","Yeah, /"
%,B,"I/PRP thin/VBP ,/,","I thin-, - /"
sd,B,"it/PRP was/VBD ,/,","it was, /"
sd,B,it/PRP really/RB was/VBD ./.,it really was. /
sd,B,"The/DT older/JJR kids/NNS had/VBD wanted/VBN one/CD ,/, though/RB ,/,","The older kids had wanted one, though, /"
sd,B,"and/CC ,/, you/PRP know/VBP ,/, we/PRP thought/VBD ,/, well/UH that/DT would/MD be/VB a/DT fun/JJ time/NN for/IN them/PRP to/TO have/VB it/PRP ,/, you/PRP know/VBP ,/, get/VB it/PRP at/IN Christmas/NNP time/NN ./.","{C and, } {D you know, } we thought, {D well } that would be a fun time for them to [ have it, + {D you know, } get it ] at Christmas time. /"
sd,B,"It/PRP was/VBD a/DT little/JJ Spitz/NNP ,/, wi-/IN ,/, a/DT little/JJ white/NN --/:","It was a little Spitz, wi-, a little white --"
ba,A,"Oh/UH ,/, yes/UH ,/,","{F Oh, } yes, /"
+,B,"--/: fluffy/JJ and/CC ,/, you/PRP know/VBP ,/, looked/VBD like/IN it/PRP came/VBD right/RB from/IN the/DT north/JJ pole/NN ,/,","-- fluffy and, {D you know, } looked like it came right from the north pole, - /"
sd,B,"and/CC that/DT was/VBD fun/JJ ,/,","{C and } that was fun, /"
sd,B,"but/CC ,/, um/UH ,/, I/PRP ,/, I/PRP sure/RB was/VBD n't/RB good/JJ at/IN training/VBG it/PRP --/:","{C but, } {F um, } [ I, + I ] sure wasn't good at training it -- /"
%,A,Do/VBP you/PRP --/:,Do you -- -/
sv,B,"--/: I/PRP think/VBP you/PRP have/VBP to/TO have/VB time/NN ,/, you/PRP know/VBP --/:","-- I think you have to have time, {D you know } --"
^2,A,--/: and/CC patience/NN --/:,-- and patience -- /
+,B,--/: to/TO do/VB those/DT things/NNS ./.,-- to do those things. /
sv,A,"--/: and/CC you/PRP have/VBP to/TO ,/, you/PRP really/RB have/VBP to/TO be/VB ,/, just/RB like/IN your/PRP$ children/NNS ,/,","-- {C and } [ you have to, + you really have to ] be, just like your children, /"
sv,A,"when/WRB you/PRP set/VBP a/DT rule/NN you/PRP have/VBP to/TO stand/VB by/IN it/PRP ,/, and/CC be/VB consistent/JJ --/:","when you set a rule you have to stand by it, and be consistent -- /"
aa,B,That/DT 's/BES right/JJ ./.,That's right. /
%,A,--/: and/CC .../:,-- {C and } ... -/
