act_tag,speaker,pos,text
"fo_o_fw_""_by_bc",A,Okay/UH ./.,Okay. /
ad,A,"Well/UH why/WRB do/VBP n't/RB you/PRP start/VB cause/IN it/PRP said/VBD I/PRP was/VBD suppose/^VBN to/TO ask/VB you/PRP what/WP do/VBP you/PRP ,/,","{D Well } why don't you start cause it said I was suppose to ask you what do you, -/"
qy,B,"Do/VBP you/PRP have/VB any/DT elderly/JJ relatives/NNS currently/RB in/IN an/DT ,/, uh/UH ,/, nursing/NN home/NN now/RB ?/.","Do you have any elderly relatives currently in an, {F uh, } nursing home now? /"
ny,A,"Yes/UH ,/,","Yes, /"
sd,A,I/PRP do/VBP ./.,I do. /
bh,B,Do/VBP you/PRP ?/.,Do you? /
sd,B,I/PRP have/VBP a/DT grandmother/NN ./.,I have a grandmother. /
sd,B,She/PRP 's/BES a/DT hundred/CD and/CC two/CD ./.,She's a hundred and two. /
ba,A,Oh/UH my/PRP$ gosh/UH ./.,{F Oh } my gosh. /
sd,B,She/PRP 'll/MD be/VB a/DT hundred/CD and/CC three/CD in/IN August/NNP ./.,She'll be a hundred and three in August. /
b,A,Uh-huh/UH ./.,Uh-huh. /
sd,B,And/CC we/PRP decide/VBP not/RB to/TO put/VB her/PRP in/IN a/DT nursing/NN home/NN ./.,{C And } we decide not to put her in a nursing home. /
sd,B,She/PRP lives/VBZ with/IN my/PRP$ mother/NN and/CC my/PRP$ father/NN who/WP also/RB live/VBP here/RB in/IN town/NN,She lives with my mother and my father who also live here in town /
sd,B,and/CC then/RB my/PRP$ sister/NN takes/VBZ care/NN of/IN her/PRP ./.,{C and then } my sister takes care of her. /
b,A,Uh-huh/UH ./.,Uh-huh. /
sd,B,"She/PRP ,/, even/RB though/IN she/PRP is/VBZ a/DT hundred/CD and/CC two/CD ,/, she/PRP still/RB has/VBZ all/DT of/IN her/PRP$ faculties/NNS ./.","[ She, + even though she ] is a hundred and two, she still has all of her faculties. /"
b,A,Right/UH ./.,Right. /
sd,B,She/PRP still/RB has/VBZ her/PRP$ snap/NN ./.,She still has her snap. /
sd,B,She/PRP takes/VBZ care/NN of/IN her/PRP$ own/JJ business/NN ./.,She takes care of her own business. /
sd,B,"This/DT is/VBZ the/DT first/JJ year/NN that/WDT she/PRP has/VBZ gotten/VBN weak/JJ and/CC actually/RB has/VBZ to/TO have/VB a/DT little/JJ walker/NN ,/,","This is the first year that she has gotten weak and actually has to have a little walker, /"
sd,B,"but/CC with/IN somebody/NN that/WDT needs/VBZ around/IN the/DT clock/NN care/NN ,/,","{C but } with somebody that needs around the clock care, - /"
sd,B,I/PRP have/VBP seen/VBN my/PRP$ family/NN age/VB ./.,I have seen my family age. /
b,A,Right/UH ./.,Right. /
sd,B,"I/PRP have/VBP seen/VBN them/PRP in/IN the/DT ,/,","I have seen them in the, - /"
sd,B,she/PRP 's/HVS been/VBN there/RB ten/CD years/NNS now/RB ./.,she's been there ten years now. /
sd,B,And/CC I/PRP have/VBP seen/VBN them/PRP age/VB twenty/CD --/:,{C And } I have seen them age twenty --
b,A,Yeah/UH ./.,Yeah. /
+,B,"--/: in/IN the/DT time/NN and/CC ,/, and/CC with/IN the/DT expense/NN and/CC everything/NN ,/,","-- in the time [ and, + and ] with the expense and everything, /"
sv,B,"I/PRP th/VBP ,/, I/PRP still/RB think/VBP it/PRP is/VBZ worth/JJ it/PRP if/IN you/PRP ,/, if/IN you/PRP had/VBD a/DT good/JJ nursing/NN home/NN","[ I th-, + I still think ] it is worth it [ if you, + if you ] had a good nursing home /"
sd,B,"and/CC they/PRP needed/VBD some/DT quality/NN care/NN ,/,","{C and } they needed some quality care, /"
sd,B,I/PRP would/MD --/:,I would --
b,A,Right/UH ./.,Right. /
+,B,--/: put/VB someone/NN in/IN a/DT nursing/NN home/NN ./.,-- put someone in a nursing home. /
sd,A,My/PRP$ mother-in-law/NN finally/RB ./.,My mother-in-law finally. /
sd,A,They/PRP had/VBD to/TO make/VB a/DT family/NN decision/NN ./.,They had to make a family decision. /
sd,A,There/EX 's/BES seven/CD children/NNS in/IN my/PRP$ husband/NN 's/POS family/NN,There's seven children in my husband's family /
sd,A,and/CC fortunately/RB four/CD of/IN them/PRP live/VBP in/IN the/DT same/JJ home/NN town/NN,{C and } fortunately four of them live in the same home town /
sd,A,and/CC she/PRP has/VBZ Alzheimer/NNP 's/POS ./.,{C and } she has Alzheimer's. /
sd,A,"It/PRP was/VBD getting/VBG where/WRB she/PRP was/VBD getting/VBG th-/XX ,/, dangerous/JJ ./. I/PRP mean/VBP --/:","It was getting where she was getting [ th-, + dangerous. ] {E I mean } --"
b,B,Uh-huh/UH ./.,Uh-huh. /
+,A,"--/: letting/VBG strangers/NNS in/RB and/CC things/NNS like/IN this/DT ,/,","-- letting strangers in and things like this, /"
sv,A,but/CC they/PRP were/VBD very/RB fortunate/JJ ./.,{C but } they were very fortunate. /
sd,A,It/PRP 's/BES a/DT small/JJ town/NN,It's a small town /
sd,A,and/CC she/PRP happens/VBZ to/TO room/VB with/IN one/CD of/IN the/DT doctor/NN 's/POS mothers/NNS,{C and } she happens to room with one of the doctor's mothers /
sd,A,and/CC --/:,{C and --
ba,B,"Oh/UH ,/, well/UH that/DT 's/BES good/JJ ./.","{F Oh, } {D well } that's good. /"
+,A,--/: then/RB she/PRP 's/HVS got/VBN a/DT lot/NN of/IN family/NN there/RB and/CC that/WDT go/VB and/CC see/VB her/PRP all/DT of/IN the/DT time/NN,-- then } she's got a lot of family there and that go and see her all of the time /
sd,A,but/CC she/PRP really/RB does/VBZ n't/RB ./.,{C but } she really doesn't. /
sd,A,"Nobody/NN thought/VBD she/PRP would/MD adjust/VB ,/,","Nobody thought she would adjust, /"
sd,A,but/CC she/PRP has/VBZ adjusted/VBN beautifully/RB ./.,{C but } she has adjusted beautifully. /
ba,B,"Oh/UH ,/, that/DT is/VBZ great/JJ ./.","{F Oh, } that is great. /"
sd,A,But/CC then/RB I/PRP am/VBP also/RB facing/VBG my/PRP$ father/NN who/WP is/VBZ very/RB sick/JJ,{C But } then I am also facing my father who is very sick /
sd,A,and/CC my/PRP$ mother/NN and/CC father/NN reside/VBP in/IN Colorado/NNP ./.,{C and } my mother and father reside in Colorado. /
sd,A,She/PRP 's/HVS been/VBN taking/VBG care/NN of/IN him/PRP ./.,She's been taking care of him. /
sd,A,I/PRP do/VBP n't/RB know/VB how/WRB much/RB longer/RB this/DT can/MD last/VB,I don't know how much longer this can last /
sd,A,and/CC at/IN that/DT point/NN because/IN he/PRP requires/VBZ round/IN the/DT clock/NN ./.,{C and } at that point because he requires round the clock. - /
sd,A,He/PRP ca/MD n't/RB do/VB anything/NN without/IN her/PRP ./.,He can't do anything without her. /
sd,A,He/PRP does/VBZ n't/RB know/VB when/WRB to/TO take/VB his/PRP$ medicine/NN,He doesn't know when to take his medicine /
sv,A,and/CC it/PRP 's/BES really/RB sad/JJ,{C and } it's really sad /
sd,A,"and/CC I/PRP have/VBP thought/VBN if/IN something/NN would/MD happen/VB to/IN my/PRP$ mother/NN for/IN ,/, uh/UH ,/,","{C and } I have thought if something would happen to my mother for, {F uh, } - /"
sd,A,my/PRP$ brothers/NNP are/VBP not/RB interested/JJ in/IN helping/VBG me/PRP,my brothers are not interested in helping me /
sd,A,so/RB I/PRP would/MD have/VB to/TO move/VB him/PRP down/IN here/RB ./.,{C so } I would have to move him down here. /
%,A,"That/DT way/NN ,/,","That way, - /"
sd,A,I/PRP want/VBP to/TO see/VB the/DT nursing/NN home/NN ./. If/IN I/PRP have/VBP to/TO put/VB him/PRP into/IN one/NN ./.,I want to see the nursing home. If I have to put him into one. /
sd,A,"You/PRP know/VBP ,/, where/WRB I/PRP can/MD go/VB see/VB it/PRP ./.","{D You know, } where I can go see it. /"
sd,A,"I/PRP ,/, I/PRP 'd/MD be/VB very/RB uncomfortable/JJ with/IN him/PRP being/VBG in/IN Colorado/NNP ./.","[ I, + I'd ] be very uncomfortable with him being in Colorado. /"
%,A,"And/CC ,/,","{C And, } -/"
b,B,"Oh/UH ,/, why/WRB yeah/UH ./.","{F Oh, } why yeah. /"
sv,B,I/PRP am/VBP sure/JJ you/PRP have/VBP got/VBN some/DT really/RB good/JJ nursing/NN homes/NNS around/IN Dallas/NNP ./.,I am sure you have got some really good nursing homes around Dallas. /
aa,A,Yes/UH ./.,Yes. /
sd,A,"And/CC some/DT of/IN them/PRP are/VBP limited/JJ care/NN too/RB where/WRB people/NNS can/MD do/VB ,/, uh/UH ,/,","{C And } some of them are limited care too where people can do, {F uh, } - /"
sd,A,"like/IN they/PRP have/VBP apartment/NN styles/NNS ,/,","{D like } they have apartment styles, /"
sd,A,but/CC that/DT would/MD n't/RB work/VB for/IN him/PRP ./.,but that wouldn't work for him. /
sv,A,I/PRP think/VBP he/PRP is/VBZ beyond/IN that/DT ./.,I think he is beyond that. /
sd,A,"Where/WRB if/IN you/PRP need/VBP help/VB you/PRP can/MD get/VB it/PRP ,/,","Where if you need help you can get it, /"
sd,A,but/CC basically/RB people/NNS kind/RB of/RB have/VBP a/DT small/JJ apartment/NN,{C but } basically people kind of have a small apartment /
sd,A,and/CC doctors/NNP are/VBP available/JJ if/IN they/PRP need/VBP them/PRP ./.,{C and } doctors are available if they need them. /
b,B,Uh-huh/UH ./.,Uh-huh. /
sd,B,"I/PRP ,/, I/PRP --/:","[ I, + I ] --"
%,A,"And/CC allows/VBZ ,/,","{C And } allows, -/"
+,B,--/: know/VBP a/DT lady/NN that/WDT lives/VBZ in/IN a/DT place/NN similar/JJ --/:,-- know a lady that lives in a place similar --
b,A,Yeah/UH ./.,Yeah. /
+,B,--/: to/IN that/DT in/IN Austin/NNP ./.,-- to that in Austin. /
b,A,Yeah/UH ./.,Yeah. /
sv,A,"Well/UH ,/, the/DT only/JJ problem/NN with/IN these/DT are/VBP that/IN they/PRP are/VBP very/RB expensive/JJ ./.","{D Well, } the only problem with these are that they are very expensive. /"
sv,A,"Of/IN course/NN ,/, I/PRP guess/VBP all/DT nursing/NN homes/NNS there/EX is/VBZ","Of course, I guess all nursing homes there is /"
%,A,"but/CC ,/,","{C but, } -/"
sv,B,"And/CC the/DT bad/JJ thing/NN about/IN it/PRP ,/, before/IN you/PRP can/MD get/VB any/DT kind/NN of/IN government/NN help/NN ,/, you/PRP just/RB practically/RB have/VBP ,/, well/UH you/PRP have/VBP to/TO be/VB a/DT pauper/NN ./.","{C And } the bad thing about it, before you can get any kind of government help, [ you just practically have, + {D well } you have ] to be a pauper. /"
b,A,Right/UH ./.,Right. /
sv,B,"It/PRP ,/, it/PRP takes/VBZ every/DT penny/NN ./.","[ It, + it ] takes every penny. /"
sv,B,They/PRP want/VBP you/PRP to/TO spend/VB every/DT dime/NN you/PRP have/VBP --/:,They want you to spend every dime you have --
b,A,Yeah/UH ./.,Yeah. /
+,B,--/: before/IN the/DT government/NN will/MD pay/VB for/IN your/PRP$ your/PRP$ care/NN ./.,-- before the government will pay for [ your + your ] care. /
b,A,Right/UH ./.,Right. /
sv,B,And/CC that/DT 's/BES the/DT sad/JJ part/NN about/IN it/PRP ./.,{C And } that's the sad part about it. /
b,A,Yeah/UH ./.,Yeah. /
%,A,"I/PRP ,/, uh/UH ,/,","I, {F uh, } - /"
%,A,"yeah/UH ,/,","yeah, /"
sv,A,and/CC I/PRP think/VBP a/DT lot/NN of/IN people/NNS who/WP do/VBP it/PRP now/RB ./.,{C and } I think a lot of people who do it now. - /
sv,A,In/IN Colorado/NNP it/PRP 's/BES interesting/JJ ./.,In Colorado it's interesting. /
sd,A,I/PRP talked/VBD to/IN my/PRP$ mother/NN ./.,I talked to my mother. /
sd,A,They/PRP allow/VBP you/PRP sixty/CD five/CD thousand/CD dollars/NNS and/CC your/PRP$ car/NN and/CC your/PRP$ home/NN ./.,They allow you sixty five thousand dollars and your car and your home. /
sd,A,And/CC my/PRP$ mother/NN could/MD make/VB it/PRP on/IN that/DT ./.,{C And } my mother could make it on that. /
sd,A,What/WP she/PRP probably/RB would/MD do/VB is/VBZ disburse/VB the/DT money/NN to/IN me/PRP,What she probably would do is disburse the money to me /
sd,A,and/CC then/RB I/PRP would/MD send/VB it/PRP back/RB to/IN her/PRP,{C and then } I would send it back to her /
sd,A,so/RB that/DT 's/BES what/WP would/MD happen/VB ./.,{C so } that's what would happen. /
b,B,Uh-huh/UH ./.,Uh-huh. /
sv,B,I/PRP think/VBP that/DT 's/BES what/WP most/JJS people/NNS do/VBP ./.,I think that's what most people do. /
sv,B,"You/PRP just/RB have/VBP to/TO give/VB it/PRP ,/, everything/NN away/RB ./.","You just have to give [ it, + everything ] away. /"
aa,A,Yeah/UH ./.,Yeah. /
sv,A,It/PRP 's/BES unfortunate/JJ ./.,It's unfortunate. /
sd,B,"I/PRP ,/, I/PRP work/VBP at/IN a/DT brokerage/NN firm/NN","[ I, + I ] work at a brokerage firm /"
sd,B,"and/CC I/PRP have/VBP seen/VBN so/RB many/JJ people/NNS that/WDT just/RB have/VBP to/TO gift/VB ,/, you/PRP know/VBP ,/, their/PRP$ belongings/NNS --/:","{C and } I have seen so many people that just have to gift, {D you know, } their belongings --"
b,A,Right/UH ./.,Right. /
+,B,--/: as/RB much/RB as/IN they/PRP can/MD each/DT year/NN in/IN anticipation/NN of/IN having/VBG to/TO move/VB to/IN a/DT nursing/NN home/NN ./.,-- as much as they can each year in anticipation of having to move to a nursing home. /
b,A,Yeah/UH ./.,Yeah. /
sv,A,It/PRP 's/BES frightening/JJ ./.,It's frightening. /
sd,A,"And/CC I/PRP guess/VBP ,/, uh/UH ,/, I/PRP do/VBP n't/RB know/VB how/WRB old/JJ you/PRP are/VBP ./.","{C And } I guess, {F uh, } I don't know how old you are. /"
sd,A,I/PRP 'm/VBP forty-six/CD ./.,I'm forty-six. /
sd,A,"You/PRP know/VBP ,/, we/PRP 're/VBP the/DT generation/NN moving/VBG into/IN this/DT","{D You know, } we're the generation moving into this /"
sd,A,and/CC I/PRP do/VBP n't/RB know/VB how/WRB our/PRP$ kids/NNS are/VBP going/VBG to/TO take/VB care/NN of/IN us/PRP ./.,{C and } I don't know how our kids are going to take care of us.
ba,B,I/PRP ca/MD n't/RB imagine/VB ./.,I can't imagine. /
+,A,You/PRP know/VBP ./.,{D You know. } /
sd,B,I/PRP 'm/VBP twenty-nine/CD ./.,I'm twenty-nine. /
b,A,Yeah/UH ./.,Yeah. /
sd,B,"And/CC everybody/NN in/IN my/PRP$ family/NN has/VBZ always/RB had/VBN ,/,","{C And } everybody in my family has always had, - /"
sd,B,we/PRP do/VBP n't/RB have/VB any/DT children/NNS ./.,we don't have any children. /
sd,B,"Everybody/NN that/WDT has/VBZ ,/, has/VBZ them/PRP later/RB in/IN life/NN ./.","Everybody that has, has them later in life. /"
b,A,Yeah/UH ./.,Yeah. /
sd,B,"So/UH ,/, my/PRP$ ,/, my/PRP$ mother/NN and/CC my/PRP$ father/NN are/VBP in/IN their/PRP$ late/JJ sixties/NNS ./.","{D So, } [ my, + my ] mother and my father are in their late sixties. /"
sv,B,"So/RB ,/, I/PRP mean/VBP ,/, they/PRP 're/VBP not/RB --/:","{C So, } {E I mean, } they're not <laughter> --"
b,A,Right/UH ./.,Right. /
+,B,--/: that/RB far/RB away/RB ./.,-- that far away. /
sv,A,I/PRP also/RB see/VBP on/IN my/PRP$ generation/NN a/DT squeeze/NN between/IN looking/VBG to/IN having/VBG to/TO help/VB my/PRP$ parents/NNS and/CC still/RB having/VBG to/TO help/VB my/PRP$ son/NN because/IN things/NNS are/VBP so/RB rough/JJ out/IN there/RB job/NN wise/RB,I also see on my generation a squeeze between looking to having to help my parents and still having to help my son because things are so rough out there job wise /
sd,A,and/CC he/PRP 's/BES still/RB living/VBG at/IN home/NN,{C and } he's still living at home /
sd,A,and/CC I/PRP do/VBP n't/RB know/VB how/WRB he/PRP is/VBZ ever/RB going/VBG to/TO get/VB on/IN his/PRP$ own/JJ the/DT way/NN things/NNS are/VBP ./.,{C and } I don't know how he is ever going to get on his own the way things are. /
b,B,"Oh/UH ,/, I/PRP know/VBP ./.","{F Oh, } I know. /"
%,A,"And/CC so/RB ,/, it/PRP 's/BES kind/RB of/RB ,/,","{C And so, } it's kind of, - /"
sv,A,"you/PRP feel/VBP squeezed/JJ in/IN the/DT middle/NN of/IN having/VBG both/DT generations/NNS ,/,","you feel squeezed in the middle of having both generations, /"
sv,A,"but/CC it/PRP ,/, something/NN will/MD have/VB to/TO change/VB as/IN more/JJR and/CC more/JJR of/IN us/PRP get/VBP older/JJR ./.","{C but } [ it, + something ] will have to change as more and more of us get older. /"
sd,A,"Uh/UH ,/, luckily/RB ,/, if/IN we/PRP could/MD be/VB like/IN your/PRP$ grandmother/NN ,/, I/PRP ,/, uh/UH you/PRP know/VBP ,/, I/PRP would/MD love/VB to/TO live/VB to/IN a/DT hundred/CD and/CC two/CD if/IN I/PRP were/VBD okay/JJ ./.","{F Uh, } luckily, if we could be like your grandmother, [ I, + {F uh } {D you know, } I ] would love to live to a hundred and two if I were okay. /"
sd,A,But/CC --/:,{C But } --
%,B,"It/PRP ,/,","It, - /"
b,B,but/CC yeah/UH ./.,{C but } yeah. /
+,A,--/: you/PRP see/VBP these/DT people/NNS in/IN their/PRP$ seventies/NNS --/:,-- you see these people in their seventies -- -/
sv,B,Most/JJS people/NNS are/VBP n't/RB ./.,Most people aren't. /
aa,A,"--/: yeah/UH ,/,","-- yeah, /"
sv,A,most/JJS are/VBP n't/RB ./.,most aren't. /
sv,A,That/DT 's/BES the/DT problem/NN ./.,That's the problem. /
sv,B,And/CC that/DT 's/BES the/DT bad/JJ thing/NN ./.,{C And } that's the bad thing. /
sd,B,I/PRP would/MD hate/VB to/TO have/VB lived/VBN so/RB long/RB ./.,I would hate to have lived so long. /
sd,B,She/PRP lived/VBD by/IN herself/PRP ./.,She lived by herself. /
sd,B,"My/PRP$ grandfather/NN passed/VBD away/RB before/IN I/PRP was/VBD born/VBN so/RB she/PRP lived/VBD by/IN herself/PRP up/IN until/IN she/PRP was/VBD ninety/CD ,/, ninety-one/CD ./.","My grandfather passed away before I was born so she lived by herself up until she was ninety, ninety-one."
ba,A,That/DT 's/BES incredible/JJ ./.,That's incredible. /
+,B,"And/CC just/RB did/VBD everything/NN ,/,","And just did everything, /"
