act_tag,speaker,pos,text
qo,A,"Well/UH ,/, what/WP do/VBP you/PRP think/VB about/IN it/PRP ?/.","{D Well, } what do you think about it? /"
sd,B,"Well/UH ,/, um/UH ,/, most/JJS of/IN the/DT stuff/NN up/IN until/IN now/RB ,/, in/IN the/DT recent/JJ months/NNS ,/, I/PRP ,/, I/PRP ,/, I/PRP do/VBP n't/RB have/VB any/DT problem/NN with/IN ./.","{D Well, } {F um, } most of the stuff up until now, in the recent months, [ [ I, + I, ] + I ] don't have any problem with. /"
aa,A,"No/UH ,/,","No, /"
sd,A,I/PRP do/VBP n't/RB either/RB ./.,I don't either. /
%,B,"Uh/UH ,/, I/PRP mean/VBP it/PRP 's/BES ,/,","{F Uh, } {E I mean } it's, - /"
%,B,"you/PRP know/VBP it/PRP ,/,","{D you know } it, -/"
sv,A,I/PRP do/VBP n't/RB think/VB it/PRP 's/BES going/VBG to/TO change/VB very/RB much/JJ,I don't think it's going to change very much /
%,A,but/CC ./.,{C but } <laughter>. -/
aa,B,"No/UH ,/,","No, /"
aa,B,"I/PRP agree/VBP with/IN that/DT ./. As/RB ,/, as/RB far/RB as/IN the/DT ,/, as/RB far/RB as/IN the/DT mess/NN that/WDT 's/BES developing/VBG as/IN a/DT result/NN ,/, um/UH ,/, you/PRP know/VBP ,/,","I agree with that. [ [ As, + as ] far as the, + as far as the ] mess that's developing as a result, {F um, } {D you know, } - /"
sv,B,"as/IN a/DT country/NN ,/, the/DT United/NNP States/NNPS ,/, uh/UH ,/,","as a country, the United States, {F uh, } - /"
sv,B,I/PRP think/VBP our/PRP$ hands/NNS are/VBP tied/JJ --/:,I think our hands are tied --
b,A,Uh-huh/UH ./.,Uh-huh. /
+,B,"--/: as/RB far/RB as/IN ,/, as/IN ,/, as/IN any/DT further/JJR involvement/NN ,/,","-- as far [ [ as, + as, ] + as ] any further involvement,"
b,A,Yeah/UH ./.,Yeah. /
+,B,until/IN the/DT U/NNP N/NNP sanctions/VBZ it/PRP ./.,until the U N sanctions it. /
sv,B,"In/IN fact/NN ,/, it/PRP really/RB was/VBD to/TO begin/VB with/IN ./.","In fact, it really was to begin with. /"
b,A,Yeah/UH ./.,Yeah. /
sd,B,"And/CC ,/, uh/UH ,/, I/PRP just/RB ,/, I/PRP heard/VBD a/DT comment/NN on/IN the/DT radio/NN this/DT morning/NN that/IN ,/, uh/UH ,/, you/PRP know/VBP ,/, it/PRP ,/, it/PRP gets/VBZ to/IN a/DT point/NN where/WRB ,/, uh/UH ,/, if/IN enough/JJ people/NNS are/VBP ,/, are/VBP going/VBG to/TO be/VB slaughtered/VBN over/IN there/RB over/IN the/DT ,/, the/DT ,/, the/DT internal/JJ problems/NNS ,/, um/UH ,/, somebody/NN may/MD step/VB in/RP again/RB ./.","{C And, } {F uh, } [ I just, + I ] heard a comment on the radio this morning that, {F uh, } {D you know, } [ it, + it ] gets to a point where, {F uh, } if enough people [ are, + are ] going to be slaughtered over there over [ [ the, + the, ] + the ] internal problems, {F um, } somebody may step in again. /"
b,A,Uh-huh/UH ./.,Uh-huh. /
sv,B,"But/CC ,/, uh/UH ,/, I/PRP really/RB think/VBP it/PRP 's/BES ,/, it/PRP 's/BES a/DT U/NNP N/NNP issue/NN ,/,","{C But, } {F uh, } I really think [ it's, + it's ] a U N issue,"
b,A,Yeah/UH ./.,Yeah. /
+,B,at/IN that/DT point/NN because/IN it/PRP is/VBZ internal/JJ ./.,at that point because it is internal. /
sv,A,"Well/UH ,/, you/PRP know/VBP the/DT funny/JJ thing/NN I/PRP find/VBP about/IN American/JJ opinion/NN is/VBZ that/IN when/WRB we/PRP have/VBP gone/VBN in/RB to/TO destabilize/VB a/DT government/NN before/IN ,/, the/DT American/JJ public/NN goes/VBZ crazy/JJ ./.","{D Well, } {D you know } the funny thing I find about American opinion is that when we have gone in to destabilize a government before, the American public goes crazy. /"
b,B,Uh-huh/UH ./.,Uh-huh. /
sv,A,"And/CC now/RB the/DT fact/NN that/WDT we/PRP 're/VBP not/RB interfering/VBG with/IN the/DT internal/JJ rebellion/NN in/IN ,/, in/IN Iraq/NNP ,/, they/PRP 're/VBP going/VBG crazy/JJ ./.","{C And } now the fact that we're not interfering with the internal rebellion [ in, + in ] Iraq, they're going crazy. /"
aa,B,"That/DT 's/BES right/JJ ,/,","That's right, /"
aa,B,that/DT 's/BES right/JJ ./.,that's right . /
sv,A,"You/PRP know/VBP ,/, I/PRP mean/VBP you/PRP ca/MD n't/RB please/VB them/PRP one/CD way/NN or/CC the/DT other/JJ ./.","<Laughter> {D You know, } {E I mean } you can't please them one way or the other. /"
aa,B,Absolutely/RB right/JJ ./.,Absolutely right. /
aa,A,"You/PRP know/VBP ,/, and/CC I/PRP ,/, and/CC I/PRP think/VBP that/IN ,/, I/PRP ,/, I/PRP agree/VBP with/IN you/PRP ,/,","{D You know, } [ {C and } I, + {C and } I ] think that, [ I, + I ] agree with you, /"
sv,A,this/DT is/VBZ exactly/RB the/DT right/JJ course/NN ./.,this is exactly the right course. /
sv,A,I/PRP mean/VBP that/DT 's/BES an/DT internal/JJ problem/NN to/IN Iraq/NNP ./.,{E I mean } that's an internal problem to Iraq. /
sv,A,It/PRP has/VBZ nothing/NN to/TO do/VB with/IN us/PRP ./.,It has nothing to do with us. /
b,B,Uh-huh/UH ./.,Uh-huh. /
sv,A,"And/CC until/IN he/PRP starts/VBZ doing/VBG something/NN so/RB inhumane/JJ that/IN the/DT U/NNP N/NNP gets/VBZ involved/JJ ,/, then/RB it/PRP 's/BES nobody/NN 's/POS business/NN ./.","{C And } until he starts doing something so inhumane that the U N gets involved, then it's nobody's business. /"
aa,B,That/DT 's/BES right/JJ ./.,That's right. /
%,A,"Um/UH ,/,","{F Um, } /"
sv,B,"I/PRP mean/VBP these/DT ,/, these/DT types/NNS of/IN internal/JJ things/NNS go/VBP on/RP all/RB over/IN the/DT world/NN all/PDT the/DT time/NN ./.","{E I mean } [ these, + these ] types of internal things go on all over the world all the time. /"
aa,A,All/PDT the/DT time/NN ./.,All the time. /
aa,A,"I/PRP mean/VBP ,/, yeah/UH ,/,","{E I mean, } yeah, /"
%,A,"I/PRP mean/VBP ,/,","{E I mean, } -/"
sv,B,"Some/DT of/IN them/PRP have/VBP been/VBN going/VBG on/RP for/IN ,/, for/IN tens/NNS of/IN years/NNS ,/,","Some of them have been going on [ for, + for ] tens of years,"
b,A,Yeah/UH ./.,Yeah. /
+,B,"if/IN ,/, if/IN I/PRP understand/VBP it/PRP right/RB in/IN places/NNS like/IN the/DT Sudan/NNP and/CC ,/,","[ if, + if ] I understand it right in places like the Sudan and, -/"
aa,A,"Yeah/UH ,/,","Yeah, /"
sv,A,"and/CC it/PRP 's/HVS certainly/RB ,/, and/CC it/PRP 's/HVS certainly/RB been/VBN going/VBG on/RP over/IN there/RB for/IN hundreds/NNS of/IN years/NNS ./.","[ {C and } it's certainly, + {C and } it's certainly ] been going on over there for hundreds of years. /"
b,B,Yeah/UH ./.,Yeah. /
sv,A,And/CC it/PRP 's/BES going/VBG to/TO continue/VB ./.,{C And } it's going to continue. /
aa,B,That/DT 's/BES right/JJ ./.,That's right. /
sv,A,"As/RB long/RB as/IN you/PRP have/VBP so/RB many/JJ diverse/JJ groups/NNS that/WDT are/VBP ,/, that/WDT are/VBP vying/VBG for/IN power/NN ,/, it/PRP 's/BES going/VBG to/TO happen/VB all/PDT the/DT time/NN ./.","As long as you have so many diverse groups [ that are, + that are ] vying for power, it's going to happen all the time. /"
aa,B,"Yeah/UH ,/,","Yeah, /"
aa,B,that/DT 's/BES absolutely/RB right/JJ ./.,that's absolutely right. /
sv,A,I/PRP mean/VBP the/DT Kurds/NNPS have/VBP tried/VBN it/PRP before/RB ./.,{E I mean } the Kurds have tried it before. /
sv,A,"They/PRP 've/VBP gotten/VBN their/PRP$ butts/NNS kicked/VBN ,/,","They've gotten their butts kicked, /"
b,B,Yeah/UH ./.,Yeah. /
sv,A,and/CC this/DT is/VBZ just/RB another/DT time/NN that/WDT it/PRP 's/BES happening/VBG ./.,{C and } this is just another time that it's happening. /
aa,B,"That/DT 's/BES ,/, that/DT 's/BES absolutely/RB right/JJ ./.","[ That's, + that's ] absolutely right. /"
sv,A,"You/PRP know/VBP ,/, they/PRP 'll/MD regroup/VB out/IN in/IN the/DT mountains/NNS","{D You know, } they'll regroup out in the mountains /"
sv,A,and/CC they/PRP 'll/MD try/VB it/PRP again/RB in/IN a/DT couple/NN of/IN years/NNS ./.,{C and } they'll try it again in a couple of years. /
aa,B,"Yeah/UH ,/,","Yeah, /"
%,B,"it/PRP was/VBD just/RB ,/, you/PRP know/VBP ,/, it/PRP was/VBD ,/,","[ it was just, + {D you know, } it was, ] - /"
sv,B,it/PRP 's/BES a/DT very/RB opportune/JJ moment/NN for/IN them/PRP to/TO try/VB ./.,it's a very opportune moment for them to try. /
%,B,"You/PRP know/VBP you/PRP ,/,","{D You know } you, -/"
aa,A,"Sure/UH ,/,","Sure, /"
sv,A,"and/CC ,/, and/CC ,/, and/CC I/PRP do/VBP n't/RB have/VB any/DT doubt/NN that/IN through/IN some/DT back/JJ channels/NNS that/IN we/PRP encouraged/VBD it/PRP ./.","[ [ {C and, } + {C and, } ] + {C and } ] I don't have any doubt that through some back channels [ that + ] we encouraged it."
b,B,"Oh/UH ,/, yeah/UH ./.","{F Oh, } yeah. /"
+,A,You/PRP know/VBP ./.,{D You know. } /
b,B,Yeah/UH ./.,Yeah. /
sd,A,"But/CC ,/, I/PRP 'm/VBP not/RB real/RB sure/JJ that/IN we/PRP promised/VBD them/PRP anything/NN ./.","{C But, } I'm not real sure that we promised them anything. /"
b,B,Uh-huh/UH ./.,Uh-huh. /
%,A,"I/PRP ,/,","I, - /"
sv,A,"that/DT would/MD have/VB been/VBN stupid/JJ ,/,","that would have been stupid, /"
b,B,Yeah/UH ./.,Yeah. /
sv,A,"and/CC ,/, and/CC I/PRP do/VBP n't/RB think/VB we/PRP did/VBD it/PRP ./.","[ {C and, } + {C and } ] I don't think we did it. /"
sv,A,Everything/NN else/RB we/PRP handled/VBD in/IN this/DT seemed/VBD to/TO be/VB perfectly/RB right/JJ ./.,Everything else we handled in this seemed to be perfectly right. /
sv,A,I/PRP do/VBP n't/RB think/VB they/PRP would/MD have/VB done/VBN that/DT ./.,I don't think they would have done that. /
aa,B,"Yeah/UH ,/,","Yeah, /"
aa,B,I/PRP agree/VBP ./.,I agree. /
sv,A,"But/CC it/PRP just/RB ,/, it/PRP ,/, it/PRP really/RB does/VBZ n't/RB make/VB any/DT difference/NN ./.","{C But } [ [ it just, + it, ] + it ] really doesn't make any difference. /"
sv,A,"This/DT is/VBZ just/RB a/DT ,/, a/DT ,/, another/DT chapter/NN in/IN Middle/RB Eastern/JJ history/NN ./.","This is just [ [ a, + a, ] + another ] chapter in Middle Eastern history. /"
aa,B,"Yeah/UH ,/,","Yeah, /"
sv,B,"and/CC ,/, you/PRP know/VBP ,/, and/CC it/PRP ,/, there/EX are/VBP many/JJ of/IN them/PRP ./.","[ {C and, } + {D you know, } {C and } ] [ it, + there ] are many of them. /"
sv,B,There/EX 's/BES no/DT doubt/NN about/IN it/PRP ./.,There's no doubt about it. /
aa,A,"Oh/UH ,/, sure/UH ,/,","{F Oh, } sure, /"
sd,A,"I/PRP mean/VBP the/DT ,/, the/DT British/NNPS occupied/VBD the/DT place/NN ,/,","{E I mean } [ the, + the ] British occupied the place, /"
sd,A,"the/DT French/NNPS occupied/VBD it/PRP ,/,","the French occupied it, /"
sd,A,we/PRP 've/VBP done/VBN it/PRP ./.,we've done it. /
sv,A,"It/PRP ,/, it/PRP 's/HVS happened/VBN so/RB many/JJ times/NNS ,/,","[ It, + it's ] happened so many times, /"
sv,A,"this/DT is/VBZ ,/, this/DT is/VBZ really/RB nothing/NN special/JJ ./. Uh/UH ,/,","[ this is, + this is ] really nothing special. {F Uh, } /"
aa,B,Uh-huh/UH ./.,Uh-huh. /
sv,B,"Well/UH ,/, and/CC ,/, and/CC ,/, and/CC so/RB many/JJ of/IN the/DT ,/, so/RB many/JJ of/IN the/DT conflicts/NNS ,/, um/UH ,/, really/RB do/VBP n't/RB have/VB a/DT basis/NN in/IN ,/, in/IN ,/, uh/UH ,/, politics/NNS or/CC ,/, or/CC human/NN rights/NNS or/CC anything/NN like/IN that/DT ./.","{D Well, } [ [ {C and, } + {C and, } ] + {C and } ] [ so many of the, + so many of the ] conflicts, {F um, } really don't have a basis [ in, + in, ] {F uh, } politics [ or, + or ] human rights or anything like that. /"
sv,B,"It/PRP ,/,","[ [ It, +"
aa,A,"That/DT 's/BES right/JJ ,/,","That's right, /"
^2,A,"it/PRP 's/BES al-/RB ,/, it/PRP 's/BES mostly/RB religious/JJ anyway/RB ./.","[ it's al-, + it's mostly ] religious anyway. /"
+,B,"It/PRP 's/BES ,/, it/PRP 's/BES religious/JJ based/NN","It's, ] + it's ] religious based /"
sv,B,"and/CC ,/, uh/UH ,/, you/PRP know/VBP ,/, by/IN ,/, by/IN self-proclamation/NN this/DT is/VBZ a/DT holy/JJ war/NN","{C and, } {F uh, } {D you know, } [ by, + by ] self-proclamation this is a holy war /"
sv,B,and/CC it/PRP is/VBZ right/JJ ./.,{C and } it is right. /
b,A,Yeah/UH ./.,Yeah. /
sv,B,"And/CC then/RB ,/, uh/UH ,/, we/PRP ,/, we/PRP go/VBP on/RP from/IN there/RB","{C And then, } {F uh, } [ we, + we ] go on from there /"
%,B,"and/CC ,/,","{C and, } -/"
aa,A,"Yeah/UH ,/,","Yeah, /"
aa,A,exactly/UH ./.,exactly. /
b,B,"Yeah/UH ,/,","Yeah, /"
sv,B,"it/PRP ,/, it/PRP 's/BES ,/, it/PRP 's/BES a/DT mess/NN ./.","[ [ it, + it's, ] + it's ] a mess. /"
%,B,"It/PRP ,/, it/PRP 's/BES ,/,","[ It, + it's, ] - /"
sv,B,"there/EX 's/BES no/DT doubt/NN about/IN it/PRP ,/,","there's no doubt about it, /"
%,B,"and/CC ,/, uh/UH ,/,","{C and, } {F uh, } -/"
sv,A,"Well/UH ,/, I/PRP ,/, I/PRP ,/, I/PRP think/VBP one/CD of/IN the/DT big/JJ problems/NNS ,/,","{D Well, } [ [ I, + I, ] + I ] think one of the big problems, - /"
sv,A,"I/PRP mean/VBP looking/VBG at/IN it/PRP from/IN the/DT Am/JJ ,/, the/DT American/JJ public/NN 's/POS standpoints/NNS ,/, they/PRP do/VBP n't/RB understand/VB the/DT Middle/NNP Easterners/NNPS ./.","{E I mean } looking at it from [ the Am-, + the American ] public's standpoints, they don't understand the Middle Easterners. /"
aa,B,That/DT 's/BES right/JJ ./.,That's right. /
sv,A,"They/PRP do/VBP n't/RB understand/VB what/WP ,/,","They don't understand what, - /"
sv,A,I/PRP mean/VBP their/PRP$ politics/NNS really/RB is/VBZ n't/RB politics/NNS ./.,{E I mean } their politics really isn't politics. /
sv,A,It/PRP 's/BES religion/NN couched/VBN as/IN politics/NNS ./.,It's religion couched as politics. /
aa,B,"Uh-huh/UH ,/,","Uh-huh, /"
aa,B,uh-huh/UH ./.,uh-huh. /
sv,A,And/CC there/EX 's/BES a/DT big/JJ difference/NN ./.,{C And } there's a big difference. /
aa,B,Absolutely/UH ./.,Absolutely. /
sv,A,"You/PRP know/VBP ,/, uh/UH ,/, we/PRP sit/VBP there/RB","{D You know, } {F uh, } we sit there /"
sv,A,"and/CC ,/, and/CC we/PRP think/VBP that/IN they/PRP think/VBP the/DT way/NN we/PRP think/VBP ./.","[ {C and, } + {C and } ] we think that they think the way we think. /"
b,B,Uh-huh/UH ./.,Uh-huh. /
sv,A,"And/CC that/DT 's/BES a/DT big/JJ mistake/NN ,/,","{C And } that's a big mistake,"
ba,B,You/PRP bet/VBP ./.,You bet. /
+,A,because/IN they/PRP do/VBP n't/RB ./.,because they don't. /
ba,B,You/PRP bet/VBP ./.,You bet. /
aa,B,"Well/UH ,/, yeah/UH ,/,","{D Well, } yeah, /"
sv,B,"because/IN there/EX 's/BES no/DT ,/, uh/UH ,/, you/PRP know/VBP ,/, there/EX 's/BES ,/, there/EX 's/BES ,/, there/EX 's/BES a/DT complete/RB different/JJ set/NN of/IN values/NNS ./.","{C because } [ [ [ there's no, + {F uh, } {D you know, } there's, ] + there's, ] + there's ] a complete different set of values. /"
b,A,Uh-huh/UH ./.,Uh-huh. /
sv,B,"Um/UH ,/, there/EX 's/BES ,/, there/EX 's/BES different/JJ value/NN placed/VBN on/IN human/NN life/NN ,/,","{F Um, } [ there's, + there's ] different value placed on human life,"
b,A,Yeah/UH ./.,Yeah. /
+,B,"and/CC ,/, uh/UH ,/, right/RB down/IN the/DT list/NN ,/, you/PRP know/VBP ,/, possessions/NNS and/CC ,/, and/CC everything/NN else/RB ./.","[ and, + ] {F uh, } right down the list, {D you know, } possessions [ and, + and ] everything else. /"
b,A,Yeah/UH ./.,Yeah. /
sv,B,"And/CC ,/, uh/UH ,/, what/WP 's/BES right/JJ is/VBZ wrong/JJ and/CC what/WP 's/BES wrong/JJ is/VBZ right/JJ in/IN some/DT cases/NNS ./.","{C And, } {F uh, } what's right is wrong and what's wrong is right in some cases. /"
aa,A,"That/DT 's/BES ,/, that/DT 's/BES it/PRP a/DT lot/NN of/IN the/DT time/NN ./.","[ That's, + that's ] it a lot of the time. /"
sd,A,"I/PRP ,/, I/PRP was/VBD stationed/VBN in/IN ,/, in/IN Turkey/NNP for/IN ,/, for/IN a/DT year/NN and/CC a/DT half/NN ./.","[ I, + I ] was stationed [ in, + in ] Turkey [ for, + for ] a year and a half. /"
b,B,Okay/UH ./.,Okay. /
sd,A,"And/CC it/PRP ,/, it/PRP was/VBD tough/JJ ,/,","{C And } [ it, + it ] was tough,"
b,B,Yeah/UH ./.,Yeah <laughter>. /
+,A,"under/VBG ,/, understanding/VBG those/DT folks/NNS ./.","[ under-, + understanding ] those folks. /"
b,B,Yeah/UH ./.,Yeah. /
sd,A,"You/PRP know/VBP ,/, it/PRP ,/, they/PRP ,/, they/PRP 're/VBP ,/, they/PRP 're/VBP so/RB completely/RB different/JJ culturally/RB and/CC socially/RB and/CC --/:","{D You know, } [ [ [ it, + they, ] + they're, ] + they're ] so completely different culturally and socially [ and + --"
b,B,Uh-huh/UH ./.,Uh-huh. /
+,A,"--/: and/CC religiously/RB ,/,","-- and ] religiously, /"
sd,A,"it/PRP 's/BES just/RB ,/, it/PRP was/VBD very/RB strange/JJ ./.","[ it's just, + it was ] very strange. /"
ba,B,I/PRP believe/VBP it/PRP ./.,I believe it. /
sd,A,It/PRP was/VBD very/RB interesting/JJ ./.,It was very interesting. /
aa,B,"Yeah/UH ,/,","Yeah, /"
aa,B,"yeah/UH ,/,","yeah, /"
ba,B,"I/PRP can/MD ,/, I/PRP can/MD ,/, I/PRP can/MD believe/VB that/DT ./.","[ [ I can, + I can, ] + I can ] believe that. /"
aa,B,"Yeah/UH ,/,","Yeah, /"
sd,B,"I/PRP ,/, I/PRP do/VBP n't/RB claim/VB to/TO have/VB an/DT in-depth/JJ understanding/NN by/IN any/DT means/NNS ,/,","[ I, + I ] don't claim to have an in-depth understanding by any means, /"
%,B,"but/CC ,/, uh/UH ,/,","{C but, } {F uh, } -/"
%,A,"Now/RB I/PRP ,/,","{D Now } I, - /"
sv,A,"shoot/UH ,/, I/PRP ,/, I/PRP think/VBP some/DT of/IN these/DT people/NNS that/WDT they/PRP claim/VBP as/IN Middle/JJ Eastern/JJ experts/NNS do/VBP n't/RB ,/, do/VBP n't/RB have/VB a/DT clue/NN sometimes/RB ./.","shoot, [ I, + I ] think some of these people that they claim as Middle Eastern experts [ don't, + don't ] have a clue sometimes. /"
aa,B,"That/DT 's/BES probably/RB true/JJ ,/,","That's probably true, /"
aa,B,that/DT 's/BES probably/RB true/JJ ./.,that's probably true. /
sv,A,"You/PRP know/VBP they/PRP ,/, they/PRP sit/VBP there/RB and/CC ,/, and/CC read/VBP their/PRP$ books/NNS and/CC then/RB proclaim/VBP themselves/PRP an/DT expert/NN ./.","{D You know } [ they, + they ] sit there [ and, + and ] read their books and then proclaim themselves an expert. /"
b,B,Uh-huh/UH ./.,Uh-huh. /
sv,A,"Well/UH ,/, I/PRP 'm/VBP not/RB real/RB sure/JJ that/DT 's/BES ,/, that/DT 's/BES appropriate/JJ ./.","{D Well, } I'm not real sure [ that's, + that's ] appropriate. /"
aa,B,"No/UH ,/,","No, /"
aa,B,"no/UH ,/,","no, /"
%,B,"that/DT 's/BES ,/, that/DT 's/BES ,/, uh/UH ,/,","[ that's, + that's, ] {F uh, } - /"
sv,B,"a/DT ,/, a/DT little/JJ bit/NN of/IN background/NN study/NN has/VBZ never/RB made/VBN an/DT expert/NN in/IN any/DT field/NN ./.","[ a, + a ] little bit of background study has never made an expert in any field. /"
aa,A,No/UH ./.,No. /
%,B,"But/CC ,/, uh/UH ,/,","{C But, } {F uh, } -/"
%,A,"Well/UH ,/, I/PRP sort/RB ,/,","{D Well, } I sort, - /"
sd,A,"that/DT sort/RB of/RB goes/VBZ to/IN my/PRP$ pet/NN peeve/NN about/IN the/DT education/NN system/NN in/IN this/DT country/NN ,/, too/RB ./.","that sort of goes to my pet peeve about the education system in this country, too. /"
b,B,Yeah/UH ./.,Yeah. /
sv,A,And/CC we/PRP make/VBP experts/NNS by/IN reading/VBG books/NNS ./.,{C And } we make experts by reading books. /
aa,B,That/DT 's/BES right/JJ ./.,That's right. /
sv,A,"You/PRP know/VBP ,/, and/CC the/DT Japanese/NNPS and/CC the/DT Germans/NNPS and/CC everybody/NN else/RB make/VBP experts/NNS by/IN doing/VBG ./.","{D You know, } {C and } the Japanese and the Germans and everybody else make experts by doing. -/"
aa,B,"Uh-huh/UH ,/,","Uh-huh, /"
aa,B,"absolutely/UH ,/,","absolutely, /"
b,A,Yeah/UH ./.,Yeah. /
aa,B,Absolutely/UH ./.,Absolutely. /
b,A,Yeah/UH ./.,Yeah. /
qy^d,A,"I/PRP ,/, uh/UH ,/, I/PRP ,/, I/PRP guess/VBP you/PRP work/VBP for/IN T/NNP I/NNP ./.","[ [ I, + {F uh, } I, ] + I ] guess you work for T I. /"
ny,B,"That/DT 's/BES right/JJ ,/, yes/UH ./.","That's right, yes. /"
qy^d,A,So/RB you/PRP guys/NNS are/VBP well/RB aware/JJ of/IN the/DT problems/NNS with/IN the/DT Japanese/JJ markets/NNS and/CC everything/NN else/RB ./.,{C So } you guys are well aware of the problems with the Japanese markets and everything else. /
na,B,"Right/UH ,/,","Right, /"
na,B,"right/UH ,/,","right, /"
sd,B,that/DT 's/BES an/DT everyday/JJ occurrence/NN ./.,that's an everyday occurrence. /
b,A,Yeah/UH ./.,Yeah. /
sv,A,"It/PRP 's/BES ,/, it/PRP 's/BES like/IN our/PRP$ car/NN industry/NN ,/,","[ It's, + it's ] like our car industry, /"
sv,A,"the/DT only/JJ reason/NN our/PRP$ car/NN industry/NN has/VBZ n't/RB gone/VBN down/IN the/DT tubes/NNS is/VBZ because/IN the/DT Japanese/NNPS ,/, you/PRP know/VBP ,/, came/VBD into/IN it/PRP and/CC helped/VBD ,/,","the only reason our car industry hasn't gone down the tubes is because the Japanese, {D you know, } came into it and helped,"
b,B,Uh-huh/UH ./.,Uh-huh. /
+,A,us/PRP out/RP ./.,us out. /
b,B,Uh-huh/UH ./.,Uh-huh. /
x,A,./.,<Laughter>.
aa,B,I/PRP agree/VBP ./.,I agree. /
aa,B,"Yeah/UH ,/,","Yeah, /"
sv,B,"it/PRP 's/BES ,/, it/PRP 's/BES ,/, uh/UH ,/, there/EX ,/, there/EX is/VBZ ,/, there/EX is/VBZ ,/, it/PRP 's/BES an/DT overall/JJ problem/NN in/IN ,/, in/IN ,/, in/IN this/DT country/NN understanding/VBG ,/, uh/UH ,/, foreign/JJ cultures/NNS ,/,","[ [ [ [ [ it's, + it's, ] + {F uh, } there, ] + there is, ] + there is, ] + it's ] an overall problem [ [ in, + in, ] + in ] this country understanding, {F uh, } foreign cultures,"
b,A,Uh-huh/UH ./.,Uh-huh. /
+,B,or/CC even/RB accepting/VBG them/PRP ./.,or even accepting them. /
b,A,Uh-huh/UH ./.,Uh-huh. /
sv,B,"And/CC ,/, uh/UH ,/, it/PRP ,/, it/PRP ,/, it/PRP bites/VBZ us/PRP over/IN and/CC over/IN","{C And, } {F uh, } [ [ it, + it, ] + it ] bites us over and over /"
%,B,"again/RB ,/, the/DT ,/, the/DT ,/, the/DT ,/,","[ again, + ] [ [ the, + the, ] + the, ] -/"
aa,A,"Yeah/UH ,/,","Yeah, /"
sv,A,"and/CC until/IN we/PRP ,/, until/IN we/PRP start/VBP changing/VBG our/PRP$ educational/JJ system/NN ,/, I/PRP mean/VBP we/PRP 're/VBP ,/, we/PRP 're/VBP going/VBG to/TO be/VB ,/,","{C and } [ until we, + until we ] start changing our educational system, {E I mean } [ we're, + we're ] going to be, - /"
sv,A,"we/PRP 're/VBP ,/, we/PRP 've/VBP already/RB been/VBN overtaken/VBN ,/,","[ we're, + we've ] already been overtaken, /"
sv,A,but/CC it/PRP 's/BES going/VBG to/TO get/VB even/RB worse/JJR later/RB ./.,{C but } it's going to get even worse later. /
b,B,Uh-huh/UH ./.,Uh-huh. /
sv,A,"I/PRP mean/VBP looks/VBZ who/WP 's/BES ,/, looks/VBZ who/WP 's/BES getting/VBG the/DT engineering/NN degrees/NNS and/CC the/DT ,/, the/DT math/NN and/CC the/DT science/NN and/CC everything/NN ./.","{E I mean } [ looks who's, + looks who's ] getting the engineering degrees and the, the math and the science and everything. /"
aa,B,That/DT 's/BES right/JJ ./.,That's right. /
sv,A,It/PRP 's/BES not/RB us/PRP ./.,It's not us. /
aa,B,That/DT 's/BES right/JJ ./.,That's right. /
sv,A,"You/PRP know/VBP ,/, we/PRP ,/, we/PRP 've/VBP got/VBN folks/NNS running/VBG around/IN here/RB who/WP get/VBP ,/, who/WP get/VBP degrees/NNS in/IN basket/NN weaving/NN and/CC --/:","{D You know, } [ we, + we've ] got folks running around here [ who get, + who get ] degrees in basket weaving and --"
b,B,Uh-huh/UH ./.,Uh-huh. /
+,A,"--/: you/PRP know/VBP ,/, underwater/JJ psychology/NN ,/,","-- {D you know, } underwater psychology,"
x,B,./.,<Laughter>.
+,A,"or/CC some/DT ,/, some/DT ridiculous/JJ stuff/NN like/IN that/DT ./.","or [ some, + some ] ridiculous stuff like that. /"
aa,B,Absolutely/UH ./.,Absolutely. /
qh,A,"And/CC ,/, and/CC where/WRB are/VBP the/DT engineers/NNS coming/VBG from/IN ?/.","[ {C And, } + {C and } ] where are the engineers coming from? /"
sv,B,"Uh/UH ,/, well/UH ,/, they/PRP 're/VBP ,/, they/PRP 're/VBP coming/VBG from/IN various/JJ places/NNS ,/,","{F Uh, } {D well, } [ they're, + they're ] coming from various places, /"
sv,B,and/CC a/DT lot/NN of/IN them/PRP are/VBP going/VBG back/RB there/RB ./.,{C and } a lot of them are going back there. /
aa,A,"Yeah/UH ,/,","Yeah, /"
aa,A,exactly/UH ./.,exactly. /
%,B,"That/DT 's/BES ,/,","That's <laughter>, -/"
sd,A,"My/PRP$ ,/, uh/UH ,/, my/PRP$ roommate/NN is/VBZ a/DT ,/, uh/UH ,/,","[ My, + {F uh, } my ] roommate is a, {F uh, } - /"
sd,A,"he/PRP 's/BES getting/VBG his/PRP$ doctorate/NN in/IN industrial/JJ ,/,","he's getting his doctorate in industrial, - /"
sd,A,"well/UH ,/, it/PRP 's/BES not/RB industrial/JJ engineering/NN ,/,","{D well, } it's not industrial engineering, /"
sd,A,it/PRP 's/BES human/NN factors/NNS ./.,it's human factors. /
b,B,Okay/UH ./.,Okay. /
sd,A,"His/PRP$ degree/NN was/VBD in/IN ,/, uh/UH ,/, industrial/JJ engineering/NN ./.","His degree was in, {F uh, } industrial engineering. /"
b,B,I/PRP see/VBP ./.,I see. /
sd,A,"Uh/UH ,/, and/CC he/PRP 's/BES from/IN the/DT Philippines/NNP ./.","{F Uh, } {C and } he's from the Philippines. /"
b,B,Yeah/UH ./.,Yeah. /
sd,A,And/CC the/DT only/JJ reason/NN he/PRP came/VBD here/RB was/VBD because/IN the/DT education/NN is/VBZ so/RB much/RB better/JJR for/IN those/DT who/WP will/MD go/VB after/IN it/PRP ./.,{C And } the only reason he came here was because the education is so much better for those who will go after it. /
b,B,Right/UH ./.,Right. /
sd,A,He/PRP has/VBZ no/DT intention/NN of/IN going/VBG back/RB to/IN the/DT Philippines/NNP because/IN there/EX 's/BES no/DT jobs/NNS ./.,He has no intention of going back to the Philippines because there's no jobs. /
b,B,"Sure/UH ,/,","Sure, /"
b,B,okay/UH ./.,okay. /
sd,A,"You/PRP know/VBP ,/, uh/UH ,/, but/CC I/PRP ,/, I/PRP see/VBP it/PRP all/DT too/RB often/RB ./.","{D You know, } {F uh, } {C but } [ I, + I ] see it all too often. /"
sv,A,I/PRP mean/VBP we/PRP 've/VBP got/VBN loads/NNS of/IN foreign/JJ students/NNS --/:,{E I mean } we've got loads of foreign students -- /
b,B,Uh-huh/UH ./.,Uh-huh. /
sv,A,"--/: and/CC they/PRP 're/VBP coming/VBG here/RB ,/, going/VBG after/IN the/DT hard/JJ degrees/NNS","-- {C and } they're coming here, going after the hard degrees /"
sv,A,"and/CC then/RB they/PRP 're/VBP going/VBG back/RB to/IN Korea/NNP and/CC Japan/NNP ,/,","{C and then } they're going back to Korea and Japan,"
aa,B,Absolutely/UH ./.,Absolutely. /
+,A,and/CC Hong/NNP Kong/NNP and/CC everywhere/RB else/RB,and Hong Kong and everywhere else /
sv,A,and/CC they/PRP 're/VBP applying/VBG it/PRP there/RB ./.,{C and } they're applying it there. /
aa,B,That/DT 's/BES right/JJ ./.,That's right. /
h,A,"And/CC I/PRP do/VBP n't/RB know/VB ,/,","{C And } <laughter> I don't know, /"
sv,A,"it/PRP 's/BES ,/, to/IN me/PRP it/PRP 's/BES amazing/JJ ./.","[ it's, + to me it's ] amazing. /"
sd,A,I/PRP do/VBP n't/RB know/VB what/WP we/PRP 're/VBP going/VBG to/TO do/VB as/IN a/DT country/NN ./.,I don't know what we're going to do as a country. /
sv,A,"We/PRP 're/VBP ,/, we/PRP 're/VBP going/VBG to/TO become/VB dependent/JJ on/IN these/DT other/JJ folks/NNS sooner/RBR or/CC later/RBR ./.","[ We're, + we're ] going to become dependent on these other folks sooner or later. /"
aa,B,"Yeah/UH ,/,","Yeah, /"
%,B,"bec-/IN ,/, you/PRP know/VBP ,/, every/DT ,/, every/DT ,/,","[ bec-, + ] {D you know, } [ every, + every, ] - /"
sv,B,"the/DT ,/, the/DT country/NN 's/HVS got/VBN a/DT problem/NN with/IN ,/, uh/UH ,/, with/IN quarterly/JJ reports/NNS and/CC annual/JJ statements/NNS and/CC things/NNS like/IN that/DT ./.","[ the, + the ] country's got a problem [ with, + {F uh, } with ] quarterly reports and annual statements and things like that. /"
b,A,Uh-huh/UH ./.,Uh-huh. /
sv,B,"And/CC the/DT long/JJ ,/, long-range/JJ views/NNS are/VBP ,/, are/VBP just/RB kind/RB of/RB ,/, become/VBN a/DT thing/NN of/IN the/DT past/NN ./.","{C And } the [ long, + long-range ] views [ are, + are ] just kind of, become a thing of the past. /"
b,A,Yeah/UH,Yeah /
%,A,"you/PRP ,/,","you, -/"
%,B,"And/CC ,/, uh/UH ,/,","{C And, } {F uh, } -/"
sv,A,"I/PRP do/VBP n't/RB ,/, I/PRP do/VBP n't/RB think/VB there/EX can/MD be/VB anymore/RB long/JJ range/NN planning/NN ./.","[ I don't, + I don't ] think there can be anymore long range planning. /"
sv,A,"I/PRP think/VBP it/PRP ,/, it/PRP 's/BES ,/, it/PRP 's/BES sticking/VBG your/PRP$ finger/NN in/IN the/DT holes/NNS in/IN the/DT dike/NN ./.","I think [ [ it, + it's, ] + it's ] sticking your finger in the holes in the dike. /"
b,B,Uh-huh/UH ./.,Uh-huh. /
sv,A,"You/PRP know/VBP ,/, it/PRP ,/, oh/UH ,/, here/RB 's/BES a/DT crisis/NN ./.","{D You know, } [ it, + {F oh, } here's ] a crisis. /"
sv,A,"Well/UH ,/, let/VB 's/PRP plug/VBP it/PRP up/RP ./.","{D Well, } let's plug it up. /"
aa,B,"Yeah/UH ,/,","Yeah, /"
aa,B,yeah/UH ./.,yeah. /
h,A,I/PRP do/VBP n't/RB know/VB ./.,I don't know. /
sd,A,I/PRP do/VBP n't/RB know/VB what/WP the/DT answer/NN is/VBZ ./.,I don't know what the answer is. /
sv,A,It/PRP 's/BES far/RB beyond/IN me/PRP ./.,It's far beyond me. /
aa,B,"Yeah/UH ,/,","Yeah, /"
ba,B,that/DT 's/BES for/IN sure/JJ ./.,that's for sure. /
sv,B,"That/DT 's/BES ,/, that/DT 's/BES the/DT way/NN things/NNS have/VBP gotten/VBN ./.","[ That's, + that's ] the way things have gotten. /"
aa,A,"Yeah/UH ,/,","Yeah, /"
sv,A,all/DT we/PRP can/MD do/VB is/VBZ keep/VB plugging/VBG ./.,all we can do is keep plugging. /
b,B,Yeah/UH ./.,Yeah. /
sd,A,"You/PRP know/VBP ,/, I/PRP ,/, I/PRP wonder/VBP ,/,","{D You know, } [ I, + I ] wonder, /"
sd,A,"I/PRP ,/, I/PRP read/VBD in/IN the/DT paper/NN just/RB last/JJ week/NN ,/, I/NNP B/NNP M/NNP 's/BES unveiling/VBG their/PRP$ new/JJ laptop/NN computer/NN ./.","[ I, + I ] read in the paper just last week, I B M's unveiling their new laptop computer. /"
b,B,Uh-huh/UH ./.,Uh-huh. /
sv,A,"Well/UH ,/, at/IN a/DT price/NN tag/NN of/IN six/CD thousand/CD bucks/NNS ,/, I/PRP do/VBP n't/RB know/VB if/IN they/PRP 're/VBP going/VBG to/TO have/VB a/DT whole/JJ lot/NN of/IN takers/NNS ./.","{D Well, } at a price tag of six thousand bucks, I don't know if they're going to have a whole lot of takers. /"
aa,B,"No/UH ,/,","No, /"
aa,B,absolutely/UH ./.,absolutely. /
%,A,"Be-/IN ,/,","Be-, - /"
sd,A,"now/RB I/PRP have/VBP the/DT I-/XX ,/, I/PRP have/VBP the/DT I/NNP B/NNP M/NNP ,/, P/NNP S/NNP two/CD --/:","now [ I have the + [ I-, + I ] have the ] I B M, P S two -- /"
b,B,Okay/UH ./.,Okay. /
sd,A,--/: but/CC I/PRP 'm/VBP sorry/JJ I/PRP got/VBD it/PRP ./.,-- {C but } I'm sorry I got it. /
b,B,Yeah/UH ./.,Yeah. /
sd,A,"It/PRP 's/BES slow/JJ ,/,","It's slow, /"
sv,A,"it/PRP 's/BES ,/, uh/UH ,/, there/EX are/VBP many/RB better/JJR machines/NNS on/IN the/DT market/NN right/RB now/RB --/:","[ it's, + {F uh, } there are ] many better machines on the market right now --"
b,B,Yeah/UH ./.,Yeah. /
+,A,"--/: for/IN a/DT ,/,","-- for a, - /"
sd,A,the/DT only/JJ reason/NN I/PRP got/VBD it/PRP is/VBZ because/IN I/PRP got/VBD it/PRP through/IN an/DT educational/JJ purchase/NN plan/NN --/:,the only reason I got it is because I got it through an educational purchase plan --
b,B,Okay/UH ./.,Okay. /
+,A,--/: through/IN the/DT school/NN --/:,-- through the school -- /
b,B,Okay/UH ./.,Okay. /
sd,A,"--/: and/CC I/PRP saved/VBD forty-eight/CD percent/NN ,/,","-- {C and } I saved forty-eight percent, /"
b,B,Uh-huh/UH ./.,Uh-huh. /
sd,A,"so/RB I/PRP said/VBD ,/, yeah/UH ,/, if/IN I/PRP can/MD have/VB an/DT I/NNP B/NNP M/NNP for/IN forty-eight/CD percent/NN discount/NN ,/, I/PRP 'll/MD take/VB it/PRP ./.","{C so } I said, {D yeah, } if I can have an I B M for forty-eight percent discount, I'll take it. /"
aa,B,Absolutely/UH ./.,Absolutely. /
sd,A,"But/CC up/IN to/IN that/DT point/NN I/PRP had/VBD nev-/RB ,/, I/PRP had/VBD always/RB said/VBN I/PRP would/MD never/RB have/VB one/CD because/IN I/PRP would/MD n't/RB pay/VB that/DT kind/NN of/IN money/NN for/IN their/PRP$ name/NN ./.","{C But } up to that point [ I had nev-, + I had always ] said I would never have one because I wouldn't pay that kind of money for their name. /"
aa,B,That/DT 's/BES right/JJ ./.,That's right. /
%,A,But/CC --/:,{C But } -- -/
aa,B,"That/DT 's/BES absolutely/RB right/JJ ,/,","That's absolutely right, /"
aa,B,yeah/UH ./.,yeah. /
ad,A,"--/: now/RB you/PRP watch/VBP ,/,","-- now you watch, /"
sv,A,"just/RB sure/JJ as/IN anything/NN ,/, the/DT Japanese/NNPS are/VBP going/VBG to/TO come/VB out/RP with/IN a/DT laptop/NN at/IN half/PDT the/DT price/NN --/:","just sure as anything, the Japanese are going to come out with a laptop at half the price --"
b,B,Uh-huh/UH ./.,Uh-huh. /
+,A,--/: with/IN more/JJR stuff/NN on/IN it/PRP ./.,-- with more stuff on it. /
aa,B,Uh-huh/UH ./.,Uh-huh. /
aa,B,"Yeah/UH ,/,","Yeah, /"
%,B,"the/DT ,/, the/DT ,/,","[ the, + the, ] - /"
sv,B,"unfortunately/RB the/DT way/NN the/DT ,/, the/DT way/NN the/DT high/JJ tech/NN market/NN goes/VBZ ,/, by/IN the/DT time/NN you/PRP can/MD get/VB ,/, get/VB something/NN in/IN your/PRP$ hands/NNS ,/,","unfortunately [ the way the, + the way the ] high tech market goes, by the time you can [ get, + get ] something in your hands, -/"
b,A,Uh-huh/UH ./.,Uh-huh. /
b,B,"um/UH ,/,","{F um, } /"
^2,A,It/PRP 's/BES already/RB outdated/JJ ./.,It's already outdated. /
sv,B,"it/PRP ,/, it/PRP 's/BES ,/, it/PRP 's/BES obsolete/JJ ,/,","[ [ it, + it's, ] + it's ] obsolete, /"
sd,B,"and/CC ,/, uh/UH --/:","{C and, } {F uh } --"
b,A,Yeah/UH ./.,Yeah. /
+,B,"--/: we/PRP 're/VBP ,/, we/PRP ,/, we/PRP fight/VBP that/DT battle/NN every/DT day/NN here/RB at/IN work/NN ,/,","-- [ [ we're, + we, ] + we ] fight that battle every day here at work, /"
b,A,"Yeah/UH ,/,","Yeah, /"
b,A,"yeah/UH ,/,","yeah, /"
ba,A,"I/PRP ,/, I/PRP can/MD imagine/VB ./.","[ I, + I ] can imagine. /"
%,B,"and/CC ,/, uh/UH ,/,","{C and, } {F uh, } /"
sd,A,"I/PRP ,/, uh/UH ,/, years/NNS ago/RB ,/, I/PRP remember/VBP when/WRB I/PRP had/VBD a/DT T/NNP I/NNP ninety-nine/CD ./.","[ I, + {F uh, } years ago, I remember when I ] had a T I ninety-nine."
b,B,Uh-huh/UH ./.,Uh-huh. /
+,A,"Put/VBD all/PDT the/DT money/NN into/IN the/DT expansion/NN box/NN and/CC all/PDT this/DT ,/, that/DT and/CC the/DT other/JJ","Put all the money into the expansion box and all this, that and the other /"
sd,A,"and/CC ,/, uh/UH ,/, things/NNS just/RB kept/VBD changing/VBG so/RB much/RB","{C and, } {F uh, } things just kept changing so much /"
sd,A,"and/CC I/PRP kept/VBD getting/VBG rid/VBN of/IN them/PRP ,/,","{C and } I kept getting rid of them, /"
sd,A,"and/CC I/PRP finally/RB said/VBD ,/, well/UH ,/, you/PRP ca/MD n't/RB do/VB this/DT ./.","{C and } I finally said, {D well, } you can't do this <laughter>. /"
aa,B,That/DT 's/BES right/JJ ./.,That's right. /
^q,A,"You/PRP 've/VBP got/VBN to/TO buy/VB something/NN and/CC stick/VB with/IN it/PRP ,/,","You've got to buy something and stick with it, /"
%,A,so/RB I/PRP --/:,[ {C so } I + --
aa,B,That/DT 's/BES right/JJ ./.,That's right. /
+,A,"--/: so/RB I/PRP just/RB ,/,","-- {C so } I ] just, - /"
sd,A,"at/IN an/DT opportune/JJ time/NN I/PRP got/VBD one/CD that/WDT ,/, that/WDT suited/VBD my/PRP$ needs/NNS","at an opportune time I got one [ that, + that ] suited my needs /"
sd,A,and/CC I/PRP 've/VBP just/RB stuck/VBN with/IN it/PRP ./.,{C and } I've just stuck with it. /
sd,A,"The/DT only/JJ thing/NN I/PRP 've/VBP done/VBN to/IN it/PRP is/VBZ just/RB add/VB a/DT ,/, uh/UH ,/, add/VB a/DT mouse/NN and/CC a/DT hard/JJ drive/NN ./.","The only thing I've done to it is just [ add a, + {F uh, } add a ] mouse and a hard drive. /"
b,B,"Okay/UH ,/,","Okay, /"
b,B,yeah/UH ./.,yeah. /
sd,A,And/CC that/DT 's/BES all/DT I/PRP plan/VBP to/TO do/VB ./.,{C And } that's all I plan to do. /
sd,A,"Of/IN course/NN ,/, I/PRP 'm/VBP limited/JJ on/IN memory/NN now/RB because/IN I/PRP 've/VBP got/VBN the/DT low/JJ line/NN ./.","Of course, I'm limited on memory now because I've got the low line. /"
sd,A,I/PRP got/VBD the/DT model/NN twenty-five/CD ./.,I got the model twenty-five. /
b,B,"Oh/UH ,/, okay/UH ./.","{F Oh, } okay. /"
sd,A,"So/RB I/PRP 'm/VBP stuck/JJ with/IN six/CD forty/CD ,/,","{C So } I'm stuck with six forty, /"
sd,A,but/CC I/PRP 'm/VBP not/RB a/DT power/NN user/NN,{C but } I'm not a power user /
sd,A,so/RB it/PRP does/VBZ n't/RB matter/NN ./.,{C so } it doesn't matter. /
b,B,Yeah/UH ./.,Yeah. /
sv,B,"Well/UH ,/, that/DT ,/, that/DT 's/BES ,/, that/DT 's/BES the/DT key/NN ,/, you/PRP know/VBP ,/, what/WDT ,/, whatever/WDT works/VBZ for/IN you/PRP ./.","{D Well, } [ [ that, + that's, ] + that's ] the key, {D you know, } [ what-, + whatever ] works for you. /"
b,A,Yeah/UH ./.,Yeah. /
sv,B,"And/CC ,/, uh/UH ,/, if/IN it/PRP does/VBZ the/DT job/NN ,/, then/RB that/DT 's/BES ,/, that/DT 's/BES what/WP you/PRP need/VBP ./.","{C And, } {F uh, } if it does the job, then [ that's, + that's ] what you need. /"
aa,A,"Yeah/UH ,/,","Yeah, /"
sd,A,"now/RB my/PRP$ roomie/NN ,/, on/IN the/DT other/JJ hand/NN ,/, he/PRP is/VBZ a/DT power/NN user/NN ./.","{D now } my roomie, on the other hand, he is a power user. /"
x,B,./.,<Laughter>.
sd,A,"He/PRP 's/BES ,/, he/PRP 's/BES looking/VBG now/RB to/TO get/VB rid/VBN of/IN his/PRP$ ./.","[ He's, + he's ] looking now to get rid of his. /"
sd,A,He/PRP 's/HVS got/VBN a/DT three/CD eighty-six/CD and/CC wants/VBZ to/TO get/VB a/DT four/CD eighty-six/CD ./.,He's got a three eighty-six and wants to get a four eighty-six.
b,B,Uh-huh/UH ./.,Uh-huh. /
+,A,"You/PRP know/VBP ,/, this/DT kind/NN of/IN stuff/NN ./.","{D You know, } this kind of stuff. /"
