act_tag,speaker,pos,text
qw,A,"Well/UH ,/, what/WP 's/BES your/PRP$ favorite/JJ baseball/NN team/NN ,/, Rita/NNP ?/.","{D Well, } what's your favorite baseball team, Rita? /"
qy,B,"Well/UH ,/, I/PRP suppose/VBP I/PRP 'm/VBP supposed/VBN to/TO say/VB the/DT Rangers/NNPS ,/, right/UH ./.","{D Well, } I suppose I'm supposed to say the Rangers, right <laughter>. /"
qy,B,"Is/VBZ that/DT what/WP I-/XX ,/,","Is that what I-, -/"
x,A,./.,<Laughter>.
qy,B,is/VBZ the/DT million/CD dollar/NN question/NN here/RB ?/.,is the million dollar question here? /
no,A,"Well/UH ,/, that/DT is/VBZ n't/RB a/DT ,/, a/DT true/JJ false/JJ or/CC right/JJ or/CC wrong/JJ test/NN here/RB ./.","{D Well, } that isn't [ a, + a ] true false or right or wrong test here. /"
b,B,Yeah/UH ./.,<Laughter> Yeah. /
sd,B,"Uh/UH ,/, uh/UH ,/, you/PRP know/VBP ,/, I/PRP would/MD like/VB to/TO say/VB the/DT Rangers/NNPS ,/,","{F Uh, } {F uh, } {D you know, } I would {D like } to say the Rangers, /"
sd,B,but/CC unfortunately/RB they/PRP 're/VBP not/RB ./.,{C but } unfortunately they're not. /
sd,B,"I/PRP was/VBD from/IN Illinois/NNP ,/,","I was from Illinois, /"
sd,B,and/CC my/PRP$ favorite/JJ team/NN was/VBD the/DT White/NNP Sox/NNP ./.,{C and } my favorite team was the White Sox. /
qy,A,"Not/RB a/DT Cubbies/NNPS fan/NN ,/, huh/UH ./.","Not a Cubbies fan, {F huh. } /"
nn,B,"No/UH ,/,","No, /"
nn,B,"no/UH ,/,","no, /"
sd,B,"my/PRP$ family/NN ,/, my/PRP$ dad/NN was/VBD ,/,","[ my family, + my dad ] was, /"
sd,B,but/CC I/PRP turned/VBD out/RP to/TO be/VB a/DT White/NNP Sox/NNP fan/NN ./.,{C but } I turned out to be a White Sox fan. /
bd,A,"Well/UH ,/, that/DT 's/BES all/RB right/JJ ./.","{D Well, } that's all right. /"
sd,B,I/PRP lived/VBD in/IN Chicago/NNP ./.,I lived in Chicago. /
qo,A,How/WRB do/VBP you/PRP expect/VB them/PRP to/TO do/VB this/DT year/NN ?/.,How do you expect them to do this year? /
b,B,Yeah/UH,Yeah /
sd,B,they/PRP did/VBD pretty/RB well/RB ./.,they did pretty well. /
bk,A,Okay/UH ./.,Okay. /
qo,B,What/WP did/VBD you/PRP think/VB of/IN the/DT World/NNP Series/NNP ?/.,What did you think of the World Series? /
^h,A,"Well/UH ,/, I/PRP 'll/MD tell/VB you/PRP ./.","{D Well, } I'll tell you. /"
sd,A,"I/PRP just/RB ,/, uh/UH ,/, moved/VBD down/IN from/IN South/NNP Dakota/NNP in/IN July/NNP ,/,","I just, {F uh, } moved down from South Dakota in July, /"
sd,A,"and/CC ,/, uh/UH ,/, in/IN South/NNP Dakota/NNP ,/, the/DT Minnesota/NNP Twins/NNPS are/VBP the/DT closest/JJS professional/JJ sports/NNS team/NN to/IN where/WRB I/PRP was/VBD living/VBG --/:","{C and, } {F uh, } in South Dakota, the Minnesota Twins are the closest professional sports team to where I was living -- /"
b,B,Uh-huh/UH ./.,Uh-huh. /
sd,A,"--/: and/CC so/RB everybody/NN was/VBD a/DT Twins/NNPS fan/NN ,/,","-- {C and so } everybody was a Twins fan, /"
sd,A,"and/CC I/PRP was/VBD kind/RB of/RB ,/, uh/UH ,/, did/VBD n't/RB have/VB much/JJ interest/NN in/IN the/DT Twins/NNPS ,/, you/PRP know/VBP ,/,","{C and } I [ was kind of, + ] {F uh, } didn't have much interest in the Twins, {D you know, } /"
sd,A,"it/PRP was/VBD ,/, it/PRP was/VBD kind/RB of/RB pathetic/JJ ,/, I/PRP mean/VBP ,/,","[ it was, + it was ] kind of pathetic, {E I mean, } /"
sd,A,"we/PRP only/RB had/VBD two/CD radio/NN stations/NNS ,/,","we only had two radio stations, /"
sd,A,"and/CC one/CD of/IN them/PRP broadcast/VBD every/DT Twins/NNPS game/NN live/JJ ,/, you/PRP know/VBP ,/,","{C and } one of them broadcast every Twins game live, {D you know, } /"
sd,A,"and/CC ,/, and/CC the/DT other/JJ one/NN was/VBD country/JJ ./.","[ {C and, } + {C and } ] the other one was country. /"
qy,B,"So/RB you/PRP did/VBD n't/RB really/RB have/VB a/DT lot/NN of/IN choice/NN ,/, did/VBD you/PRP ./.","<Laughter> {C So } you didn't really have a lot of choice, did you. /"
na,A,"So/RB ,/, that/DT 's/BES right/JJ ./.","<Laughter> {C So, } that's right. /"
x,B,./.,<Laughter>.
sd,A,"There/EX 's/BES was/VBD Twins/NNPS there/RB ,/, or/CC ,/, you/PRP know/VBP --/:","There's was Twins there, or, {D you know } --"
^2,B,Or/CC country/JJ ./.,Or country. /
+,A,--/: Skip/NNP Williams/NNP ./.,-- Skip Williams. /
b,B,Yeah/UH ./.,Yeah. /
sd,B,"Oh/UH ,/, uh/UH ,/, and/CC I/PRP was/VBD routing/VBG for/IN the/DT Twins/NNPS myself/PRP because/IN ,/, uh/UH ,/, they/PRP ,/, a/DT couple/NN of/IN Ranger/NNP players/NNS that/WDT I/PRP had/VBD watched/VBN when/WRB we/PRP first/RB moved/VBD here/RB ,/, uh/UH ,/, went/VBD to/IN Minnesota/NNP ,/,","{F Oh, } {F uh, } {C and } I was routing for the Twins myself because, {F uh, } [ they, + ] a couple of Ranger players that I had watched when we first moved here, {F uh, } went to Minnesota, /"
sd,B,"and/CC we/PRP used/VBD to/TO tease/VB about/IN ,/, my/PRP$ son/NN","{C and } we used to tease [ about, + ] my son /"
sd,B,"and/CC I/PRP used/VBD to/TO have/VB a/DT bet/NN going/VBG about/IN some/DT of/IN the/DT players/NNS that/WDT had/VBD moved/VBN from/IN here/RB to/IN Minnesota/NNP ,/,","{C and } I used to have a bet going about some of the players that had moved from here to Minnesota, /"
sv,B,"but/CC it/PRP was/VBD int-/XX ,/, it/PRP certainly/RB was/VBD an/DT exciting/JJ Series/NN ,/, anyway/RB ./.","{C but } [ it was int-, + it certainly was ] an exciting Series, anyway. /"
aa,A,"It/PRP sure/RB was/VBD ,/,","It sure was, /"
aa,A,it/PRP sure/RB was/VBD ./.,it sure was. /
qo,B,What/WP do/VBP you/PRP think/VB going/VBG to/TO happen/VB to/IN the/DT Rangers/NNPS ?/.,What do you think going to happen to the Rangers? /
sd,A,"Well/UH ,/, I/PRP --/:","{D Well, } [ I -- +"
qrr,B,Or/CC can/MD we/PRP predict/VB ?/.,{C Or } can we predict? /
+,A,"--/: I/PRP would/MD like/VB to/TO a/VB ,/, a/VB ,/, assume/VB that/IN they/PRP 're/VBP going/VBG to/TO do/VB ,/, do/VB better/RBR this/DT coming/VBG year/NN ,/,","-- I ] would like to [ [ a-, + a-, ] + assume ] that they're going to [ do, + do ] better this coming year, /"
sd,A,I/PRP was/VBD sure/RB hopeful/JJ anyway/UH ./.,I was sure hopeful anyway. /
sd,A,"When/WRB we/PRP moved/VBD down/RB ,/, uh/UH ,/, I/PRP was/VBD able/JJ to/TO go/VB to/IN my/PRP$ first/RB ,/, you/PRP know/VBP baseball/NN game/NN ,/, and/CC --/:","When we moved down, {F uh, } I was able to go to my first, {D you know } baseball game, and --"
b,B,Uh-huh/UH ./.,Uh-huh. /
+,A,"--/: thought/NN ,/, this/DT is/VBZ great/JJ ,/, this/DT is/VBZ incredible/JJ ./.","-- thought, this is great, this is incredible. /"
sd,A,So/RB I/PRP became/VBD a/DT Rangers/NNPS fan/NN ./.,{C So } I became a Rangers fan. /
sd,A,I/PRP did/VBD n't/RB really/RB have/VB one/CD in/IN South/NNP Dakota/NNP ./.,I didn't really have one in South Dakota. /
sd,A,"So/RB I/PRP adopted/VBD the/DT Rangers/NNPS ,/,","{C So } I adopted the Rangers, /"
sd,A,"or/CC rather/RB they/PRP adopted/VBD me/PRP ,/, I/PRP guess/VBP --/:","{C or } rather they adopted me, I guess -- /"
b,B,Uh-huh/UH ./.,Uh-huh. /
sd,A,"--/: and/CC ,/, uh/UH ,/, it/PRP was/VBD just/RB exciting/JJ ,/, you/PRP know/VBP ,/,","-- {C and, } {F uh, } it was just exciting, {D you know, } /"
sd,A,you/PRP can/MD watch/VB baseball/NN on/IN T/NN V/NN,you can watch baseball on T V /
sd,A,"and/CC they/PRP hit/VBP the/DT long/JJ ball/NN ,/,","{C and } they hit the long ball, /"
sd,A,"and/CC it/PRP looks/VBZ like/IN wow/UH ,/, they/PRP really/RB hit/VBP that/DT ball/NN ./.","{C and } it looks like wow, they really hit that ball. /"
sv,A,"But/CC when/WRB you/PRP go/VBP to/IN the/DT ball/NN park/NN ,/, it/PRP 's/BES really/RB not/RB all/RB that/RB far/RB --/:","{C But } when you go to the ball park, it's really not all that far --"
aa,B,No/UH ./.,No. /
+,A,"--/: you/PRP know/VBP ,/,","-- {D you know, } /"
sv,A,"and/CC it/PRP 's/BES so/RB much/RB more/RBR exciting/JJ watching/VBG a/DT ball/NN come/VB at/IN you/PRP ,/,","{C and } it's so much more exciting watching a ball come at you, /"
%,A,and/CC ./.,{C and. } -/
ba,B,"Oh/UH ,/, is/VBZ n't/RB it/PRP though/RB ./.","{F Oh, } isn't it though. /"
sv,B,"You/PRP know/VBP ,/, but/CC ,/, oh/UH ,/, I/PRP ,/, I/PRP think/VBP going/VBG to/IN the/DT ball/NN park/NN just/RB really/RB makes/VBZ it/PRP ./. Because/IN then/RB you/PRP watch/VBP it/PRP on/IN T/NN V/NN you/PRP feel/VBP like/IN you/PRP 're/VBP more/RBR a/DT part/NN of/IN it/PRP too/RB ./.","{D You know, } {C but, } {F oh, } [ I, + I ] think going to the ball park just really makes it. Because then you watch it on T V you feel like you're more a part of it too. /"
ba,A,"That/DT 's/BES right/JJ ,/,","That's right, /"
ba,A,that/DT 's/BES right/JJ ./.,that's right. /
sd,B,"Well/UH ,/, I/PRP 'm/VBP a/DT great/JJ sports/NNS enthusiast/NN ,/,","{D Well, } I'm a great sports enthusiast, /"
sd,B,"so/RB I/PRP love/VBP ,/, you/PRP know/VBP ,/, baseball/NN teams/NNS ,/,","{C so } I love, {D you know, } baseball teams, /"
%,B,"and/CC they/PRP ,/,","{C and } they, - /"
sd,B,"in/IN fact/NN ,/, on/IN the/DT news/NN tonight/NN ,/, Nolan/NNP Ryan/NNP was/VBD on/IN there/RB ./.","in fact, on the news tonight, Nolan Ryan was on there. /"
sd,B,"He/PRP was/VBD being/VBG ,/, he/PRP was/VBD put/VBN in/IN the/DT ,/, which/WDT I/PRP never/RB knew/VBD existed/VBN ,/, the/DT Restaurant/NNP Hall/NNP of/IN Fame/NNP ./.","[ He was being, + he was put ] in [ the, + {A which I never knew existed, } the ] Restaurant Hall of Fame <laughter>. /"
b^m,A,"The/DT Restaurant/NNP Ha-/NNP ,/,","The Restaurant Ha-, -/"
sd,B,"The/DT Restaurant/NNP Hall/NNP of/IN Fame/NNP inducted/VBD him/PRP tonight/NN ,/,","The Restaurant Hall of Fame inducted him tonight, /"
sd,B,and/CC --/:,{C and } --
b,A,Huh/UH ./.,Huh. /
+,B,"--/: he/PRP ,/, uh/UH ,/, says/VBZ he/PRP 's/BES coming/VBG back/RB ,/, you/PRP know/VBP ,/, uh/UH ,/,","-- he, {F uh, } says he's coming back, {D you know, } {F uh, } /"
sd,B,he/PRP does/VBZ n't/RB know/VB how/WRB many/JJ years/NNS --/:,he doesn't know how many years --
b,A,Right/UH ./.,Right. /
+,B,"--/: I/PRP mean/VBP ,/, to/TO pitch/VB ./.","-- {E I mean, } to pitch. /"
sd,B,"He/PRP 'll/MD be/VB at/IN least/JJS one/CD more/JJR ,/,","He'll be at least one more, /"
sd,B,"and/CC he/PRP said/VBD he/PRP 's/HVS been/VBN saying/VBG one/CD more/JJR ,/, and/CC it/PRP 's/HVS been/VBN two/CD and/CC three/CD ,/, might/MD be/VB two/CD and/CC three/CD more/JJR ./.","{C and } he said he's been saying one more, and it's been two and three, might be two and three more. /"
sd,B,He/PRP likes/VBZ it/PRP ./.,He likes it. /
ba,A,That/DT 's/BES right/JJ --/:,That's right -- /
b,B,Yeah/UH ./.,Yeah. /
sv,A,--/: and/CC he/PRP 's/BES still/RB doing/VBG great/RB --/:,-- {C and } he's still doing great --
ba,B,That/DT 's/BES right/JJ ./.,That's right. /
+,A,--/: still/RB doing/VBG excellent/RB ./.,-- still doing excellent. /
sd,B,"You/PRP know/VBP ,/, and/CC he/PRP said/VBD ,/, I/PRP get/VBP a/DT kick/NN out/IN of/IN it/PRP ,/, you/PRP know/VBP ,/,","{D You know, } {C and } he said, I get a kick out of it, {D you know, } /"
sv,B,"he/PRP 's/BES ,/, he/PRP 's/BES such/PDT a/DT nice/JJ man/NN ./.","[ he's, + he's ] such a nice man. /"
qy,A,"Well/UH ,/, did/VBD n't/RB he/PRP just/RB sign/VB a/DT twelve/CD year/NN contract/NN with/IN the/DT Rangers/NNPS ?/.","{D Well, } didn't he just sign a twelve year contract with the Rangers? /"
ny,B,"Yeah/UH ,/,","Yeah, /"
%,B,"and/CC he/PRP ,/,","{C and } he, - /"
sd,B,"you/PRP know/VBP when/WRB he/PRP quits/VBZ at/IN being/VBG active/JJ ,/, he/PRP will/MD go/VB into/IN ,/, you/PRP know/VBP --/:","{D you know } when he quits at being active, he will go into, {D you know } --"
^2,A,Management/NN ./.,Management. /
+,B,"--/: being/VBG a/DT ,/, managing/VBG and/CC ,/, yeah/UH ,/, you/PRP know/VBP ,/, being/VBG a/DT coach/NN ,/, I/PRP 'm/VBP sure/JJ ./.","-- [ being a, + ] managing and, {D yeah, } {D you know, } being a coach, I'm sure. /"
b,A,Right/UH ./.,Right. /
sv,B,"But/CC ,/, he/PRP 's/BES ,/, uh/UH ,/, he/PRP certainly/RB is/VBZ a/DT good/JJ example/NN ,/, uh/UH ,/, for/IN the/DT kids/NNS ./.","{C But, } [ he's, + {F uh, } he ] certainly is a good example, {F uh, } for the kids. /"
ba,A,That/DT 's/BES right/JJ ./.,That's right. /
sv,B,"You/PRP know/VBP ,/, you/PRP like/VBP to/TO have/VB someone/NN like/IN that/DT you/PRP could/MD point/VB to/IN say/VB ,/, see/VB what/WP a/DT fine/JJ man/NN ,/, that/WDT ,/, he/PRP is/VBZ ./.","{D You know, } you like to have someone like that you could point to say, see what a fine man, that, he is. /"
%,A,"You/PRP know/VBP ,/, some/DT of/IN the/DT ,/,","{D You know, } some of the, - /"
sd,A,"like/IN ,/, uh/UH ,/, Ivan/NNP Rodriguez/NNP was/VBD n't/RB even/RB born/VBN when/WRB ,/, when/WRB ,/, uh/UH ,/, Nolan/NNP Ryan/NNP started/VBD pitching/VBG ./.","{D like, } {F uh, } Ivan Rodriguez wasn't even born [ when, + when, ] {F uh, } Nolan Ryan started pitching. /"
ba,B,That/DT 's/BES right/JJ ./.,That's right. /
sv,A,"And/CC it/PRP 's/BES just/RB incredible/JJ to/TO think/VB that/IN there/EX 's/BES ,/, uh/UH ,/, there/EX are/VBP players/NNS who/WP are/VBP the/DT sons/NNS of/IN ball/NN players/NNS that/WDT used/VBD to/TO play/VB against/IN Nolan/NNP --/:","{C And } it's just incredible to think that [ there's, + {F uh, } there are ] players who are the sons of ball players that used to play against Nolan --"
b,B,Uh-huh/UH ./.,Uh-huh. /
+,A,"--/: or/CC with/IN Nolan/NNP ,/, you/PRP know/VBP ,/,","-- or with Nolan, {D you know, } /"
sd,A,and/CC now/RB their/PRP$ sons/NNS are/VBP ./.,{C and } now their sons are. /
sd,B,"Oh/UH ,/, he/PRP 's/HVS been/VBN a/DT legend/NN for/IN so/RB many/JJ years/NNS ,/, you/PRP know/VBP ,/,","{F Oh, } he's been a legend for so many years, {D you know, } /"
h,B,"and/CC I/PRP do/VBP n't/RB know/VB ,/,","{C and } I don't know, /"
qy^d,B,"were/VBD you/PRP here/RB ,/, had/VBD you/PRP moved/VBN here/RB yet/RB when/WRB he/PRP did/VBD the/DT exhibition/NN at/IN U/NNP T/NNP with/IN his/PRP$ son/NN ./.","[ were you here, + had you moved here ] yet when he did the exhibition at U T with his son. /"
sd,B,His/PRP$ son/NN pitched/VBD for/IN U/NNP T/NNP,His son pitched for U T /
sd,B,and/CC he/PRP pitched/VBD for/IN an/DT exhibition/NN game/NN for/IN the/DT Rangers/NNPS ./.,{C and } he pitched for an exhibition game for the Rangers. /
nn,A,"Uh-huh/UH ,/,","Uh-huh, /"
sd,A,I/PRP was/VBD n't/RB ./.,I wasn't. /
b,B,"Yeah/UH ,/,","Yeah, /"
%,B,"it/PRP was/VBD a/DT ,/,","it was a, - /"
sd,B,"I/PRP think/VBP it/PRP was/VBD a/DT little/RB early/JJ part/NN of/IN the/DT summer/NN ,/,","I think it was a little early part of the summer, /"
sd,B,"and/CC uh/UH ,/,","{C and } {F uh, }"
qy,A,"Was/VBD it/PRP Nolan/NNP against/IN ,/, uh/UH --/:","Was it Nolan against, {F uh } -- -/"
+,B,Nolan/NNP against/IN ./.,Nolan against. -/
qy,A,"--/: Ryan/NNP against/IN Ryan/NNP ,/, huh/UH ./.","-- Ryan against Ryan, {F huh. } /"
na,B,"Ryan/NNP against/IN Ryan/NNP ,/,","Ryan against Ryan, /"
ny,B,"yeah/UH ,/,","yeah, /"
sd,B,his/PRP$ son/NN pitched/VBD for/IN U/NNP T/NNP --/:,his son pitched for U T -- /
ba,A,Well/UH that/DT is/VBZ neat/JJ ./.,{D Well } that is neat. /
sd,B,"--/: and/CC ,/, uh/UH ,/, only/RB ,/, uh/UH ,/, Ryan/NN did/VBD n't/RB want/VB too/RB much/JJ publicity/NN on/IN it/PRP because/IN he/PRP did/VBD n't/RB want/VB his/PRP$ son/NN getting/VBG too/RB nervous/JJ about/IN this/DT whole/JJ thing/NN ./.","-- {C and, } {F uh, } only, {F uh, } Ryan didn't want too much publicity on it because he didn't want his son getting too nervous about this whole thing. /"
b,A,Uh-huh/UH ./.,Uh-huh. /
sv,B,"A/DT game/NN is/VBZ a/DT game/NN ,/, you/PRP know/VBP ./.","A game is a game, {D you know. } /"
sv,B,"Well/UH ,/, the/DT Rangers/NNPS really/RB ,/, uh/UH ,/, knocked/VBD the/DT socks/NNS off/IN of/IN them/PRP ,/, which/WDT you/PRP would/MD expect/VB --/:","{D Well, } the Rangers really, {F uh, } knocked the socks off of them, which you would expect --"
b,A,Right/UH ./.,Right. /
+,B,"--/: you/PRP know/VBP ,/, anyway/UH ,/,","-- {D you know, } anyway, /"
sd,B,"but/CC Nolan/NNP I/PRP think/VBP took/VBD himself/PRP out/RP after/IN a/DT couple/NN of/IN innings/NN or/CC something/NN ,/, you/PRP know/VBP ,/, of/IN the/DT game/NN","{C but } Nolan I think took himself out after a couple of innings or something, {D you know, } of the game /"
%,B,"so/RB ,/,","{C so, } -/"
