act_tag,speaker,pos,text
"fo_o_fw_""_by_bc",B,"Okay/UH ,/,","Okay, /"
sd,B,"in/IN order/NN to/TO make/VB the/DT ,/, uh/UH ,/, curried/JJ chicken/NN ,/, I/PRP just/RB fried/VBD the/DT chicken/NN ,/,","in order to make the, {F uh, } curried chicken, I just fried the chicken,"
b,A,Uh-huh/UH ./.,Uh-huh. /
+,B,"until/IN it/PRP was/VBD nice/JJ and/CC brown/JJ ,/, you/PRP know/VBP","until it was nice and brown, {D you know } /"
ad,B,make/VB sure/JJ it/PRP 's/BES nice/JJ and/CC brown/JJ on/IN both/DT sides/NNS,make sure it's nice and brown on both sides /
ad,B,and/CC then/RB you/PRP take/VBP it/PRP out/IN of/IN the/DT fat/NN,{C and then } you take it out of the fat /
ad,B,"and/CC you/PRP ,/, you/PRP let/VBP the/DT chicken/NN you/PRP fried/VBD kind/RB of/RB drain/VB ,/, so/IN that/IN a/DT lot/NN of/IN the/DT oil/NN comes/VBZ out/IN of/IN it/PRP ./.","{C and } [ you, + you ] let the chicken you fried kind of drain, so that a lot of the oil comes out of it <cough>. /"
b,A,Uh-huh/UH ./.,Uh-huh. /
ad,B,"And/CC then/RB you/PRP ,/, you/PRP ,/, uh/UH ,/, pour/VBP most/JJS of/IN the/DT ,/, all/DT of/IN the/DT oil/NN out/IN of/IN the/DT pan/NN","{C And then } [ you, + you, ] {F uh, } pour [ most of the, + all of the ] oil out of the pan /"
ad,B,and/CC you/PRP kind/RB of/RB clean/VBP it/PRP out/RP,{C and } you kind of clean it out /
ad,B,"and/CC you/PRP put/VBP back/RB maybe/RB two/CD tablespoons/NNS full/JJ of/IN the/DT oil/NN and/CC saute/VB some/DT ,/, um/UH ,/, bell/NN peppers/NNS and/CC onions/NNS in/IN ,/, in/IN that/DT little/JJ bit/NN of/IN oil/NN ./.","{C and } you put back maybe two tablespoons full of the oil and saute some, {F um, } bell peppers and onions [ in, + in ] that little bit of oil. /"
ad,B,"Maybe/RB one/CD tablespoon/NN or/CC two/CD tablespoons/NNS ,/, let/VB that/DT brown/VB ,/, then/RB put/VB all/DT of/IN the/DT chicken/NN back/RB in/IN there/RB ./.","Maybe one tablespoon or two tablespoons, let that brown, then put all of the chicken back in there. /"
ad,B,"And/CC then/RB you/PRP ,/, uh/UH ,/, mix/VB flour/NN and/CC a/DT cup/NN of/IN water/NN ,/, maybe/RB ,/, uh/UH ,/, one/CD tablespoon/NN of/IN flour/NN and/CC a/DT cup/NN of/IN water/NN ./.","{C And then } you, {F uh, } mix flour and a cup of water, maybe, {F uh, } one tablespoon of flour and a cup of water. /"
ad,B,"Stir/VB it/PRP real/RB ,/, real/RB well/RB ./.","Stir it real, real well. /"
b,A,Uh-huh/UH ./.,Uh-huh. /
ad,B,"Then/RB you/PRP ,/, uh/UH ,/, pour/VB that/DT in/IN there/RB ,/, you/PRP know/VBP ,/, to/TO make/VB the/DT gravy/NN ./.","Then you, {F uh, } pour that in there, {D you know, } to make the gravy. /"
ad,B,And/CC you/PRP let/VBP it/PRP come/VB to/IN a/DT boil/NN again/RB,{C And } you let it come to a boil again /
ad,B,and/CC then/RB you/PRP let/VBP it/PRP simmer/VB,{C and then } you let it simmer /
ad,B,"and/CC you/PRP add/VBP ,/, uh/UH ,/, about/RB a/DT tablespoon/NN of/IN ,/, what/WP I/PRP 'm/VBP using/VBG now/RB is/VBZ Jamaican/JJ curry/NN powder/NN ./.","{C and } you add, {F uh, } about a tablespoon of, what I'm using now is Jamaican curry powder. /"
b,A,Oh/UH ./.,Oh. /
sv,B,"And/CC that/DT 's/BES going/VBG to/TO ,/, it/PRP 's/BES going/VBG to/TO be/VB really/RB good/JJ ./.","{C And } [ that's going to, + it's going to ] be really good <laughter>. /"
bf,A,"That/DT 's/BES very/RB spicy/JJ ,/, too/RB ./.","That's very spicy, too. /"
b,B,"Yeah/UH ,/,","Yeah, /"
%,B,"it/PRP 's/BES ,/,","it's, -/"
bf,A,I/PRP mean/VBP these/DT bell/NN peppers/NNS and/CC curry/NN ./.,{E I mean } these bell peppers and curry. /
aa,B,"Right/UH ,/,","Right, /"
sd,B,"and/CC then/RB if/IN you/PRP like/VBP it/PRP really/RB hot/JJ ,/, you/PRP can/MD add/VB some/DT hot/JJ ,/, hot/JJ peppers/NNS and/CC hot/JJ sauce/NN and/CC all/PDT that/DT kind/NN of/IN stuff/NN ./.","{C and then } if you like it really hot, you can add some hot, hot peppers and hot sauce and all that kind of stuff. /"
sv,A,"Oh/UH ,/, that/DT sounds/VBZ really/RB good/JJ ./.","{F Oh, } that sounds really good. /"
b,B,Yeah/UH ./.,Yeah. /
b,A,Huh/UH ./.,Huh. /
sd,A,"I/PRP guess/VBP it/PRP was/VBD ,/,","I guess it was, - /"
qy,A,is/VBZ this/DT dinner/NN time/NN for/IN you/PRP ?/.,is this dinner time for you? /
na,B,"Uh/UH ,/, well/UH it/PRP will/MD be/VB in/IN a/DT little/JJ while/IN ,/,","{F Uh, } {D well } it will be in a little while, /"
sd,B,"I/PRP 'm/VBP trying/VBG to/TO get/VB it/PRP ,/, get/VB it/PRP ready/JJ early/JJ ./.","I'm trying to [ get it, + get it ] ready early. /"
bf,A,"All/RB done/JJ in/IN advance/NN ,/,","All done in advance, /"
b,A,yeah/UH ./.,yeah. /
sd,A,"That/DT 's/BES um/UH ,/, I/PRP ,/, uh/UH ,/, I/PRP 'm/VBP ,/, I/PRP 'm/VBP not/RB that/RB great/JJ a/DT cook/NN","[ [ That's + {F um, } <throat_clearing> I, ] + {F uh, } [ I'm, + I'm ] ] not that great a cook /"
sd,A,but/CC I/PRP was/VBD single/JJ until/IN I/PRP was/VBD thirty/CD,{C but } I was single until I was thirty /
sd,A,"so/IN I/PRP did/VBD cook/VB a/DT little/JJ ,/, you/PRP know/VBP ./.","{C so } I did cook a little, {D you know. } /"
b,B,Oh/UH ./.,Oh. /
sd,A,"Uh/UH ,/, and/CC I/PRP cook/VBP a/DT little/JJ bit/NN now/RB ./.","{F Uh, } {C and } I cook a little bit now. /"
sd,A,What/WP I/PRP like/VBP to/TO do/VB mostly/RB is/VBZ stir/GW fries/^NNS,What I like to do mostly is stir fries /
sd,A,"and/CC my/PRP$ wife/NN normally/RB says/VBZ ,/, oh/UH ,/, Tom/NNP ,/, why/WRB ,/, why/WRB do/VBP n't/RB you/PRP make/VB a/DT stir/NN fry/NN tonight/RB","{C and } my wife normally says, {F oh, } Tom, [ why, + why ] don't you make a stir fry tonight /"
sd,A,"and/CC so/RB we/PRP even/RB ,/, we/PRP just/RB were/VBD recently/RB married/VBN so/IN we/PRP have/VBP a/DT stir/NN fry/NN pan/NN sort/RB of/RB like/IN a/DT big/JJ wok/NN ./.","{C and so } [ we even, + we just ] were recently married so we have a stir fry pan sort of like a big wok. /"
b,B,Uh-huh/UH ./.,Uh-huh. /
sd,A,"And/CC we/PRP do/VBP a/DT lot/NN of/IN ,/, um/UH ,/, stir/NN fry/NN vegetables/NNS ./.","{C And } we do a lot of, {F um, } stir fry vegetables. /"
qw,B,"What/WDT kind/NN of/IN wok/NN do/VBP you/PRP have/VB ,/,","What kind of wok do you have, /"
qy,B,"is/VBZ it/PRP ,/, is/VBZ it/PRP a/DT real/JJ Chinese/JJ wok/NN ./.","[ is it, + is it ] a real Chinese wok. /"
sd,A,"It/PRP 's/BES ,/, it/PRP 's/BES called/VBN a/DT stir/NN fry/NN pan/NN","[ It's, + it's ] called a stir fry pan /"
sd,A,"and/CC it/PRP ,/, and/CC it/PRP fits/VBZ right/RB on/IN your/PRP$ ,/, uh/UH ,/, st-/XX ,/, it/PRP fits/VBZ right/RB on/IN your/PRP$ burner/NN ,/, whether/IN it/PRP 's/BES gas/NN or/CC electric/JJ","[ [ {C and } it, + {C and } it ] fits right on your, {F uh, } st-, + it fits right on your burner, ] whether it's gas or electric /"
sd,A,"so/IN it/PRP 's/BES ,/, it/PRP has/VBZ a/DT flatter/JJR bottom/NN than/IN a/DT normal/JJ wok/NN does/VBZ ./.","{C so } [ it's, + it ] has a flatter bottom than a normal wok does. /"
b,B,Uh-huh/UH ./.,Uh-huh. /
b,B,I/PRP see/VBP ./.,I see. /
sd,A,"And/CC ,/, um/UH ,/, normally/RB what/WP happ/VBZ ,/, what/WP we/PRP do/VBP is/VBZ ,/, um/UH ,/, just/RB ,/, you/PRP know/VBP ,/, like/IN two/CD tablespoons/NNS of/IN oil/NN ,/, maybe/RB sesame/NN oil/NN or/CC some/DT other/JJ type/NN of/IN oil/NN than/IN just/RB regular/JJ oi-/NN ,/, vegetable/NN oil/NN ./.","{C And, } {F um, } normally [ what happ-, + what we ] do is, {F um, } just, {D you know, } like two tablespoons of oil, maybe sesame oil {C or } some other type of oil than just regular [ oi-, + vegetable oil. ] /"
sd,A,"But/CC I/PRP will/MD use/VB peanut/NN ,/, peanut/NN oil/NN ,/, or/CC things/NNS ./.","{C But } I will use [ peanut, + peanut ] oil, or things. /"
sd,A,"And/CC then/RB we/PRP just/RB stir/GW fry/^VBP broccoli/NN and/CC carrots/NNS and/CC ,/, um/UH ,/, green/JJ peppers/NNS ,/, and/CC ,/, um/UH ,/, maybe/RB put/VBP in/RB a/DT little/JJ bit/NN of/IN ,/, um/UH garlic/NN and/CC ginger/NN ,/, uh/UH ,/, beforehand/RB ./.","{C And then } we just stir fry broccoli and carrots and, {F um, } green peppers, and, {F um, } maybe put in a little bit of, {F um } garlic and ginger, {F uh, } beforehand. /"
sd,A,"That/DT gives/VBZ ,/, uh/UH ,/, uh/UH ,/, uh/UH ,/, spicier/JJR flavor/NN","That gives, {F uh, } {F uh, } {F uh, } spicier flavor /"
sd,A,"and/CC then/RB after/IN the/DT stir/GW fry/NN is/VBZ over/RB ,/, just/RB mix/VB in/RB ,/, um/UH ,/, a/DT little/JJ bit/NN of/IN ,/, uh/UH ,/, sometimes/RB chicken/NN broth/NN ,/,","{C and then } after the stir fry is over, just mix in, {F um, } a little bit of, {F uh, } sometimes chicken broth,"
b,B,Yeah/UH ./.,Yeah. /
+,A,and/CC corn/NN starch/NN and/CC soy/NN sauce/NN,and corn starch and soy sauce /
sd,A,"and/CC that/DT sort/RB of/RB makes/VBZ a/DT ,/, uh/UH ,/, a/DT glaze/NN ,/,","{C and } that sort of makes [ a, + {F uh, } a ] glaze,"
b,B,Uh-huh/UH ./.,Uh-huh. /
+,A,"that/WDT sticks/VBZ to/IN the/DT ,/, the/DT vegetables/NNS ,/,","that sticks to [ the, + the ] vegetables, /"
%,A,"I/PRP 've/VBP used/VBN ,/,","I've used, - /"
sd,A,you/PRP turn/VBP them/PRP over/RB ./.,you turn them over. /
sd,A,"A/DT lot/NN of/IN times/NNS when/WRB we/PRP do/VBP stir/GW fry/^VB we/PRP just/RB put/VBP in/IN tofu/NN ,/,","A lot of times when we do stir fry we just put in tofu, /"
sd,A,"we/PRP do/VBP n't/RB put/VB in/IN meat/NN ,/,","we don't put in meat,"
b,B,Uh-huh/UH ./.,Uh-huh. /
+,A,"cause/IN I/PRP guess/VBP we/PRP 're/VBP ,/, I/PRP 'm/VBP not/RB","cause I guess [ we're, + I'm ] not /"
sd,A,"but/CC ,/, uh/UH ,/, she/PRP likes/VBZ to/TO watch/VB all/PDT the/DT ,/, how/WRB much/JJ red/JJ meat/NN and/CC things/NNS ,/,","{C but, } {F uh, } she likes to watch [ all the, + ] how much red meat and things, /"
sd,A,"so/RB ./. We/PRP 'll/MD do/VB ,/, a/DT lot/NN of/IN times/NNS vegetarian/JJ ./.","{C so. } We'll do, a lot of times vegetarian. /"
b,B,Yeah/UH ./.,Yeah. /
sd,A,"But/CC it/PRP 's/BES a/DT real/RB good/JJ meal/NN because/IN you/PRP have/VBP squash/NN and/CC broccoli/NNS and/CC ,/, uh/UH ,/, carrots/NNS and/CC celery/NN and/CC green/JJ peppers/NNS and/CC ,/, um/UH ,/, oh/UH ,/, gee/UH ,/, mushrooms/NNS ./.","{C But } it's a real good meal because you have squash and broccoli and, {F uh, } carrots and celery and green peppers and, {F um, } {F oh, } {D gee, } mushrooms. /"
sv,B,"Oh/UH that/DT 's/BES ,/,","{F Oh } [ that's, +"
sd,A,"It/PRP 's/BES ,/, it/PRP 's/BES a/DT pretty/RB big/JJ","[ It's, + it's ] a pretty big - /"
sd,A,and/CC we/PRP put/VBP that/DT over/IN rice/NN ./.,{C and } we put that over rice. /
+,B,"That/DT sounds/VBZ real/RB good/RB except/IN the/DT squash/NN ,/,","That ] sounds real good except the squash, /"
sd,B,I/PRP just/RB do/VBP n't/RB like/VB squash/NN ./.,I just don't like squash. /
bf,A,"Oh/UH ,/, you/PRP do/VBP n't/RB ./.","{F Oh, } you don't <laughter>. /"
sd,B,I/PRP never/RB did/VBD ./.,I never did. /
sd,B,My/PRP$ mother/NN used/VBD to/TO cook/VB a/DT whole/JJ pan/NN full/JJ of/IN squash/NN,<laughter> My mother used to cook a whole pan full of squash /
sd,B,and/CC she/PRP 'd/MD have/VB squash/NN and/CC corn/NN bread/NN ./.,{C and } she'd have squash and corn bread <laughter>. /
b,A,Oh/UH ./.,Oh. /
sd,B,"And/CC maybe/RB some/DT ,/, she/PRP 'd/MD have/VB chicken/NN or/CC something/NN ./.","{C And } maybe [ some, + ] she'd have chicken or something. /"
b,A,Uh-huh/UH ./.,Uh-huh. /
sd,B,"And/CC I/PRP 'd/MD just/RB be/VB ,/,","{C And } I'd just be, -/"
b,A,"Yeah/UH ,/,","Yeah, /"
sd,A,"see/VB ,/, we/PRP never/RB ,/, in/IN fact/NN I/PRP never/RB had/VBD squash/NN growing/VBG up/RP ./.","{D see, } [ we never, + in fact I never ] had squash growing up. /"
sd,A,"My/PRP$ ,/, my/PRP$ wife/NN eats/VBZ more/JJR vegetables/NNS ,/, ate/VBD more/JJR vegetable/NN than/IN I/PRP did/VBD growing/VBG up/RP ./.","[ My, + my ] wife [ eats more vegetables, + ate more vegetable ] than I did growing up./"
sd,A,"I/PRP 'm/VBP ,/, I/PRP 'm/VBP from/IN Pittsburgh/NNP","[ I'm, + I'm ] from Pittsburgh /"
sd,A,and/CC Pittsburgh/NNP is/VBZ a/DT very/JJ meat/NN and/CC potato/NN town/NN ./.,{C and } Pittsburgh is a very meat and potato town. /
b,B,Uh-huh/UH ./.,Uh-huh. /
b,A,"Yeah/UH ,/,","Yeah, /"
sd,A,recipes/NNS in/IN Pittsburgh/NNP consisted/VBD of/IN red/JJ meat/NN and/CC a/DT potato/NN ./.,recipes in Pittsburgh consisted of red meat and a potato. /
b,B,Uh-huh/UH ./.,Uh-huh. /
sd,A,Red/JJ meat/NN and/CC a/DT potato/NN ./.,Red meat and a potato. /
ba,B,"Oh/UH ,/, that/DT sounds/VBZ good/JJ ./.","{F Oh, } that sounds good. /"
sd,B,"We/PRP ,/, we/PRP were/VBD from/IN North/NNP Carolina/NNP","[ We, + we ] were from North Carolina /"
sd,B,and/CC we/PRP had/VBD a/DT garden/NN,{C and } we had a garden /
sd,B,"and/CC my/PRP$ mother/NN would/MD ,/, would/MD ,/, uh/UH ,/, grow/VB the/DT squash/NN","{C and } my mother [ would, + would, ] {F uh, } grow the squash /"
sd,B,"and/CC she/PRP 'd/MD grow/VB white/JJ potatoes/NNS and/CC onions/NNS and/CC cabbage/NN and/CC collards/NNS and/CC all/DT kinds/NNS of/IN ,/,","{C and } she'd grow white potatoes and onions and cabbage and collards and all kinds of, -/"
bf,A,"Oh/UH ,/, she/PRP had/VBD all/DT of/IN those/DT types/NNS of/IN vegetables/NNS ./.","{F Oh, } she had all of those types of vegetables. /"
aa,B,Right/UH ./.,Right. /
sd,A,"See/VB ,/, never/RB ,/, no/DT vegetables/NNS in/IN my/PRP$ family/NN ./.","{D See, } [ never, + no ] vegetables in my family. -/"
ba,B,Wow/UH ./.,Wow. /
b,A,"Yeah/UH ,/,","Yeah, /"
sd,A,it/PRP was/VBD really/RB funny/JJ ./.,it was really funny. /
sd,B,"You/PRP would/MD n't/RB believe/VB it/PRP ,/, we/PRP even/RB raised/VBD chickens/NNS ./.","You wouldn't believe it, we even raised chickens <laughter>. /"
bf,A,Well/UH that/DT was/VBD a/DT real/JJ farm/NN ./.,<Laughter> {D Well } that was a real farm. /
qy,B,You/PRP ever/RB seen/VBN anybody/NN kill/VB a/DT chicken/NN ?/.,You ever seen anybody kill a chicken? /
nn,A,"No/UH ,/,","No, /"
sd,A,"but/CC I/PRP ,/, I/PRP 've/VBP ,/, I/PRP 've/VBP heard/VBN stories/NNS uh/UH ,/,","{C but } [ [ I, + I've, ] + I've ] heard stories {F uh, } /"
sd,A,I/PRP 've/VBP heard/VBN stories/NNS ./.,I've heard stories. /
sd,B,And/CC they/PRP put/VBP the/DT head/NN under/IN a/DT tin/NN tub/NN and/CC chop/VB the/DT head/NN off/RP ./.,{C And } they put the head under a tin tub and chop the head off. /
b,A,Uh/UH ./.,{F Uh. } /
sd,B,And/CC then/RB you/PRP hear/VBP the/DT chicken/NN jumping/VBG around/RB under/IN the/DT tub/NN,{C And then } you hear the chicken jumping around under the tub /
sd,B,"and/CC finally/RB it/PRP dies/VBZ down/RP ,/,","{C and } finally it dies down, /"
sd,B,you/PRP get/VBP just/RB a/DT little/JJ patter/NN,you get just a little patter /
sd,B,"and/CC then/RB it/PRP ,/,","{C and then } it, -/"
sv,A,"Oh/UH ,/, this/DT is/VBZ ter/JJ ,/,","{F Oh, } this is ter-, - /"
ad,A,"you/PRP should/MD n't/RB be/VB talking/VBG about/IN this/DT right/RB before/IN ,/, while/IN you/PRP 're/VBP fixing/VBG dinner/NN ./.","you shouldn't be talking about this [ right before, + ] while you're fixing dinner. /"
sd,B,Getting/VBG ready/JJ to/TO eat/VB chicken/NN too/RB ./.,<Laughter> Getting ready to eat chicken too. /
aa,A,"That/DT 's/BES right/JJ ,/,","That's right, /"
ad,A,you/PRP should/MD be/VB careful/JJ ./.,you should be careful <laughter>. /
sv,A,That/DT 's/BES pretty/RB funny/JJ ./.,That's pretty funny. /
x,B,,<Laughter>.
sd,A,"But/CC my/PRP$ dad/NN used/VBD to/TO tell/VB stories/NNS ,/, you/PRP know/VBP ,/, about/IN the/DT way/NN they/PRP eat/VBP chickens/NNS","{C But } my dad used to tell stories, {D you know, } about the way they eat chickens /"
sd,A,"but/CC I/PRP never/RB ,/, we/PRP never/RB ,/, we/PRP lived/VBD in/IN the/DT suburbs/NNS ,/,","{C but } [ [ I never, + we never, ] + we lived ] in the suburbs, /"
sd,A,"we/PRP ,/, we/PRP bought/VBD everything/NN in/IN a/DT grocery/NN store/NN ./.","[ we, + we ] bought everything in a grocery store. /"
b,B,Uh-huh/UH ./.,Uh-huh. /
sd,A,"There/EX was/VBD no/DT ,/,","There was no, - /"
sd,A,"but/CC it/PRP was/VBD funny/JJ ,/, you/PRP know/VBP ,/,","{C but } it was funny, {D you know, } - /"
%,A,"it/PRP so/IN ,/,","it so, - /"
sd,A,"but/CC when/WRB we/PRP got/VBD married/VBN ,/, you/PRP know/VBP ,/, a/DT lot/NN more/JJR vegetables/NNS ,/, a/DT lot/NN more/JJR ,/, you/PRP know/VBP ,/, a/DT lot/NN of/IN changes/NNS ./.","{C but } when we got married, {D you know, } a lot more vegetables, [ a lot more, + {D you know, } a lot of ] changes. /"
ba,B,Well/UH that/DT 's/BES good/JJ ./.,{D Well } that's good. /
sv,B,A/DT lot/NN of/IN people/NNS are/VBP eating/VBG healthier/RBR now/GW a/GW days/^RB ./.,A lot of people are eating healthier now a days. /
aa,A,"I/PRP think/VBP so/RB too/RB ,/,","I think so too, /"
b,B,Yeah/UH ./.,Yeah. /
sd,A,but/CC we/PRP just/RB went/VBD shopping/VBG,{C but } we just went shopping /
sd,A,"and/CC we/PRP came/VBD back/RB with/IN ,/, uh/UH ,/, with/IN ,/, uh/UH ,/, sweets/NNS ,/, you/PRP know/VBP ,/, chocolate/NN covered/JJ peanuts/NNS","{C and } we came back [ with, + {F uh, } with, ] {F uh, } sweets, {D you know, } chocolate covered peanuts /"
sd,A,and/CC --/:,{C and } --
ba,B,Ugh/UH ./.,Ugh. /
+,A,"--/: uh/UH ,/, we/PRP came/VBD back/RB with/IN sweets/NNS ./.","-- {F uh, } we came back with sweets. /"
sd,A,We/PRP did/VBD n't/RB bring/VB all/PDT the/DT healthy/JJ food/NN back/RB too/RB ./.,We didn't bring all the healthy food back too. /
b,B,"Yeah/UH ,/,","Yeah, /"
sd,B,"I/PRP 'm/VBP trying/VBG to/TO learn/VB how/WRB to/TO cook/VB ,/, um/UH ,/, deserts/NNS without/IN ,/, without/IN all/DT of/IN the/DT sweets/NNS ,/, you/PRP know/VBP ,/, maybe/RB use/VBP honey/NN or/CC something/NN ./.","I'm trying to learn how to cook, {F um, } deserts [ without, + without ] all of the sweets, {D you know, } maybe use honey or something. /"
b,A,"Uh-huh/UH ,/,","Uh-huh, /"
sd,A,"well/UH that/DT 's/BES ,/, that/DT 's/BES supposed/VBN to/TO be/VB ,/, um/UH ,/, the/DT trend/NN of/IN the/DT future/NN ,/,","{D well } [ that's, + that's ] supposed to be, {F um, } the trend of the future,"
b,B,Yeah/UH ./.,Yeah. /
+,A,"but/CC ,/, uh/UH ,/, the/DT cut/GW back/^NN ./.","but, {F uh, } the cut back. /"
sd,A,"I/PRP ,/, uh/UH ,/, recently/RB was/VBD over/IN a/DT friends/NNS house/VBP that/WDT 's/BES Indian/JJ","[ I, + ] {F uh, } recently was over a friends house that's Indian /"
sd,A,"and/CC ,/, uh/UH ,/, she/PRP had/VBD brought/VBN Indian/JJ sweets/NNS into/IN the/DT office/NN","{C and, } {F uh, } she had brought Indian sweets into the office /"
sd,A,and/CC it/PRP was/VBD really/RB funny/JJ because/IN they/PRP were/VBD made/VBN from/IN yogurt/NN and/CC carrots/NNS ./.,{C and } it was really funny because they were made from yogurt and carrots. /
ba,B,Ugh/UH ./.,Ugh. /
aa,A,"Yeah/UH ,/,","Yeah, /"
sd,A,that/DT was/VBD a/DT sweet/JJ,that was a sweet /
sd,A,and/CC I/PRP was/VBD like/IN ugh/UH ./.,{C and } I was like ugh. /
x,B,,<Laughter>.
^q,A,This/DT is/VBZ a/DT sweet/JJ ./.,This is a sweet. /
^q,A,"Oh/UH it/PRP is/VBZ ,/, it/PRP 's/BES a/DT candy/NN ,/,","{F Oh } [ it is, + it's ] a candy, /"
sd,A,"I/PRP 'm/VBP like/IN ugh/UH ,/, you/PRP know/VBP ,/,","I'm like ugh, {D you know, } /"
^q,A,Indian/JJ candy/NN is/VBZ not/RB very/RB good/JJ ./.,Indian candy is not very good. /
aa,B,"Uh/UH ,/, right/UH ./.","{F Uh, } right. /"
sd,A,"But/CC everything/NN was/VBD ,/, and/CC everything/NN ,/,","[ {C But } everything was, + {C and } everything, ] - /"
sd,A,"you/PRP did/VBD n't/RB notice/VB it/PRP at/IN first/JJ ,/,","you didn't notice it at first, /"
sd,A,but/CC everything/NN was/VBD sort/RB of/RB hot/JJ ./.,{C but } everything was sort of hot. /
sd,A,Everything/NN had/VBD a/DT little/JJ bit/NN of/IN curry/NN in/IN it/PRP ./.,Everything had a little bit of curry in it. /
bf,B,"The/DT spice/NN ,/,","The spice, /"
b,B,yeah/UH ./.,yeah. /
sd,A,"It/PRP was/VBD funny/JJ ,/, even/RB the/DT sweets/NNS did/VBD ./.","It was funny, even the sweets did. /"
ba,B,Wow/UH ./.,Wow. /
sd,A,When/WRB you/PRP first/RB took/VBD a/DT bite/NN of/IN them/PRP you/PRP did/VBD n't/RB notice/VB it/PRP,When you first took a bite of them you didn't notice it /
sd,A,but/CC then/RB after/IN a/DT couple/NN of/IN minutes/NNS you/PRP could/MD taste/VB it/PRP ./.,{C but } then after a couple of minutes you could taste it. /
sd,A,"You/PRP know/VBP ,/, it/PRP had/VBD that/DT ,/, that/DT after/GW taste/^NN that/WDT ,/, very/RB ,/, it/PRP was/VBD a/DT very/RB Indian/JJ flavor/NN ./.","{D You know, } it had [ that, + that ] after taste that, [ very, + it was a very ] Indian flavor. /"
b,B,Yeah/UH ./.,Yeah. /
"fo_o_fw_""_by_bc",A,"Good/JJ ,/,","Good, /"
sd,A,"they/PRP did/VBD n't/RB have/VB ,/,","they didn't have, - /"
sd,A,"I/PRP did/VBD n't/RB like/VB her/PRP$ desserts/NNS very/RB well/RB ,/,","I didn't like her desserts very well, /"
sd,A,"they/PRP were/VBD very/RB ,/, yogurt/NN and/CC carrots/NNS and/CC pin-/XX ,/, pistachios/NNS ,/, pistachio/NN nuts/NNS and/CC yogurt/NN ./.","they were very, yogurt and carrots and [ pin-, + ] [ pistachios, + pistachio ] nuts and yogurt. /"
b,B,Uh-huh/UH ./.,Uh-huh. /
sd,A,And/CC it/PRP was/VBD n't/RB very/RB good/JJ ./.,{C And } it wasn't very good. /
sd,B,Well/UH I/PRP might/MD have/VB liked/VBN some/DT of/IN that/DT,{D Well } I might have liked some of that /
sd,B,"I/PRP ,/, I/PRP like/VBP hot/JJ stuff/NN ,/,","[ I, + I ] like hot stuff, /"
b,A,Uh-huh/UH ./.,Uh-huh. /
sd,B,I/PRP really/RB do/VBP ./.,I really do. /
b,A,"Yeah/UH ,/,","Yeah, /"
sd,A,well/UH have/VBP we/PRP done/VBN our/PRP$ ten/CD minutes/NNS ./.,{D well } have we done our ten minutes. /
qy,B,Oh/UH is/VBZ it/PRP ten/CD minutes/NNS ./.,{F Oh } is it ten minutes. /
na,A,"Something/NN like/IN that/DT ,/,","Something like that, /"
sd,A,"I/PRP think/VBP we/PRP 're/VBP ,/,","I think we're, -/"
h,B,"I/PRP do/VBP n't/RB know/VB ,/,","I don't know, /"
qy,B,do/VBP we/PRP get/VB a/DT signal/NN ./.,do we get a signal. /
nn,A,"No/UH ,/,","No, /"
sd,A,"nor-/RB ,/, normally/RB they/PRP just/RB come/VBP in/RB","[ nor-, + normally ] they just come in /"
sd,A,"and/CC they/PRP say/VBP you/PRP 've/VBP overextended/VBN your/PRP$ ,/, your/PRP$ conversation/NN ./.","{C and } they say you've overextended [ your, + your ] conversation. /"
sd,B,"Oh/UH ,/, well/UH this/DT is/VBZ my/PRP$ first/JJ one/NN ./.","{F Oh, } {D well } this is my first one. /"
bk,A,"Oh/UH ,/, okay/UH","{F Oh, } okay /"
%,A,"well/UH that/DT 's/BES ,/,","{D well } that's, - /"
sd,A,"you/PRP 'll/MD see/VB it/PRP will/MD normally/RB ,/, it/PRP will/MD come/VB on/RP","you'll see [ it will normally, + it will ] come on /"
sd,A,"and/CC it/PRP 'll/MD say/VB you/PRP 've/VB over/GW extended/^VBN your/PRP$ conversation/NN ,/, you/PRP now/RB have/VBP fifteen/CD minutes/NNS to/TO compl/VB ,/, fifteen/CD seconds/NNS to/TO complete/VB it/PRP ./.","{C and } it'll say you've over extended your conversation, you now have [ fifteen minutes to compl-, + fifteen seconds to complete ] it. /"
ba,B,Oh/UH wow/UH ./.,{F Oh } wow. /
sd,A,"But/CC ,/, uh/UH ,/, I/PRP 've/VBP been/VBN cut/VBN off/RP twice/RB ./.","{C But, } {F uh, } I've been cut off twice. /"
b,B,Uh-huh/UH ./.,Uh-huh. /
sd,A,"So/RB I/PRP just/RB thought/VBD ,/,","{C So } I just thought, - /"
sd,A,"in/IN fact/NN I/PRP 'm/VBP just/RB also/RB ,/,","in fact I'm just also, - /"
sd,A,"I/PRP 'm/VBP hearing/VBG a/DT siren/NN outside/RB I/PRP think/VBP my/PRP$ ,/, my/PRP$ neighbors/NNS car/NN must/MD have/VB got/VBN bumped/VBN ,/, you/PRP know/VBP ,/,","I'm hearing a siren outside I think [ my, + my ] neighbors car must have got bumped, {D you know, } /"
sd,A,"he/PRP has/VBZ one/CD of/IN those/DT alarms/NNS on/IN his/PRP$ car/NN ,/,","he has one of those alarms on his car, /"
ba,B,Goodness/UH ./.,Goodness. /
sd,A,"one/CD of/IN the/DT ,/, the/DT neighbor/NN has/VBZ an/DT alarm/NN on/IN a/DT car/NN","[ one of the, + the neighbor has an alarm on a car ] /"
sd,A,and/CC it/PRP 's/BES going/VBG off/RP ./.,{C and } it's going off. /
b,B,Uh-huh/UH ./.,Uh-huh. /
sd,A,"So/RB ,/, I/PRP was/VBD going/VBG to/TO go/VB out/RB and/CC see/VB what/WP they/PRP were/VBD doing/VBG ./.","{C So, } I was going to go out and see what they were doing. /"
bk,B,"Well/UH ,/, okay/UH ./.","{D Well, } okay. /"
b,A,"Okay/UH ,/,","Okay, /"
ft,A,hey/UH thanks/UH so/RB much/JJ ./.,{D hey } thanks so much. /
fc,B,"Yeah/UH ,/,","Yeah, /"
ft,B,"thank/VB you/PRP ,/,","thank you, /"
fc,B,it/PRP was/VBD nice/JJ talking/VBG with/IN you/PRP ./.,it was nice talking with you. /
fc,A,"Uh-huh/UH ,/,","Uh-huh, /"
bf,A,"and/CC you/PRP said/VBD this/DT was/VBD your/PRP$ fi-/XX ,/,","{C and } you said this was your fi-, - /"
sv,A,"well/UH you/PRP 'll/MD ,/, you/PRP 'll/MD get/VB a/DT couple/NN more/JJR probably/RB ./.","{D well } [ you'll, + you'll ] get a couple more probably. /"
b,B,Yeah/UH ./.,Yeah. /
sd,A,"I/PRP ,/, uh/UH ,/, I/PRP called/VBD yesterday/RB ,/, I/PRP ,/, or/CC Friday/NNP ,/,","[ I, + {F uh, } I ] called yesterday, [ I, + ] or Friday, /"
sd,A,"maybe/RB I/PRP talked/VBD to/IN somebody/NN that/WDT ,/, uh/UH ,/, I/PRP got/VBD them/PRP on/IN ,/, uh/UH ,/, during/IN the/DT day/NN ./.","maybe I talked to somebody that, {F uh, } I got them on, {F uh, } during the day. /"
sd,A,It/PRP was/VBD a/DT housewife/NN,It was a housewife /
sd,A,and/CC she/PRP was/VBD home/NN with/IN two/CD kids/NNS ./.,{C and } she was home with two kids. /
b,B,Ugh/UH ./.,Ugh. /
sd,A,"And/CC while/IN we/PRP 're/VBP talking/VBG the/DT kids/NNS are/VBP screaming/VBG in/IN the/DT background/NN ,/, you/PRP know/VBP ,/, that/IN they/PRP wanted/VBD something/NN","{C And } while we're talking the kids are screaming in the background, {D you know, } that they wanted something /"
sd,A,and/CC they/PRP were/VBD arguing/VBG back/RB and/CC forth/RB,{C and } they were arguing back and forth /
sd,A,"and/CC she/PRP just/RB kept/VBD talking/VBG the/DT whole/JJ time/NN ,/,","{C and } she just kept talking the whole time, /"
sd,A,it/PRP was/VBD pretty/RB funny/JJ ./.,it was pretty funny. /
b,B,"Yeah/UH ,/,","Yeah, /"
bf,B,kind/RB of/RB hard/JJ that/DT way/NN ./.,kind of hard that way. /
b,A,Okay/UH ./.,Okay. /
b,B,Okay/UH ./.,Okay. /
ft,A,"Hey/UH thanks/NNS a/DT lot/NN ,/,","{D Hey } thanks a lot, /"
fc,A,I/PRP 'll/MD talk/VB to/IN you/PRP later/RB ./.,I'll talk to you later. /
fc,B,"All/RB right/JJ ,/,","All right, /"
ft,B,"thank/VB you/PRP ,/,","thank you, /"
fc,B,bye-bye/UH ./.,bye-bye. /
fc,A,Bye/UH ./.,Bye. /
