act_tag,speaker,pos,text
qo,A,What/WDT type/NN of/IN lawn/NN and/CC garden/NN work/NN do/VBP you/PRP do/VB ?/.,What type of lawn and garden work do you do? /
arp_nd,B,"Well/UH ,/, I/PRP do/VBP it/PRP all/DT ./.","{D Well, } I do it all <laughter>. /"
bk,A,I/PRP see/VBP ./.,I see. /
qy,A,Do/VBP you/PRP have/VB a/DT garden/NN ?/.,Do you have a garden? /
ny,B,"Uh/UH ,/, yes/UH ./.","{F Uh, } yes. /"
sd,B,"I/PRP ,/, I/PRP try/VBP to/TO grow/VB ,/, uh/UH ,/, uh/UH ,/, a/DT vegetable/NN garden/NN","[ I, + I ] try to grow, {F uh, } {F uh, } a vegetable garden /"
%,B,"and/CC ,/,","{C and, } -/"
sv,A,We/PRP do/VBP the/DT same/JJ thing/NN ./.,We do the same thing. /
sd,A,"It/PRP 's/BES ,/, I/PRP just/RB have/VBP a/DT small/JJ plot/NN it/PRP 's/BES like/IN ten/CD feet/NNS by/IN five/CD feet/NNS ./.","[ It's, + I just have a small plot it's ] {D like } ten feet by five feet. /"
b,B,Yeah/UH ./.,Yeah. /
sd,B,"I/PRP have/VBP two/CD plots/NNS ,/,","I have two plots, /"
sd,B,one/CD 's/BES ten/CD by/IN ten/CD,one's ten by ten /
sd,B,and/CC one/CD 's/BES like/UH fifteen/CD by/IN four/CD ./.,{C and } one's {D like } fifteen by four. /
b,A,I/PRP see/VBP ./.,I see. /
sd,B,It/PRP 's/BES a/DT long/JJ skinny/JJ one/NN,It's a long skinny one /
%,B,"and/CC ,/,","{C and, } -/"
b,A,"Yeah/UH ,/,","Yeah, /"
sd,A,you/PRP do/VBP a/DT lot/RB more/JJR area/NN than/IN I/PRP do/VBP ./.,you do a lot more area than I do. /
%,A,"I/PRP 've/VBP ,/,","I've, - /"
sd,A,"all/PDT the/DT rest/NN of/IN my/PRP$ yard/NN ,/, backyard/NN is/VBZ ,/, uh/UH ,/, you/PRP know/VBP ,/, pool/NN and/CC decking/NN","all the rest of my [ yard, + backyard ] is, {F uh, } {D you know, } pool and decking /"
sd,A,"it/PRP 's/BES all/PDT the/DT dirt/NN I/PRP have/VBP ,/,","it's all the dirt I have,"
b,B,"Oh/UH ,/, I/PRP see/VBP ./.","{F Oh, } I see. /"
+,A,left/VBN in/IN my/PRP$ backyard/NN ./.,left in my backyard <laughter>. /
b,B,Yeah/UH ./.,Yeah. /
b,B,I/PRP see/VBP ./.,I see. /
sd,A,"Well/UH ,/, I/PRP enj/VBP ,/, I/PRP enjoy/VBP fiddling/VBG around/IN ./.","{D Well, } [ I enj-, + I enjoy ] fiddling around. /"
sv,A,It/PRP 's/BES cheap/JJ entertainment/NN ./.,It's cheap entertainment. /
aa,B,Right/UH ./.,Right. /
aa,B,Right/UH ./.,Right. /
aa,B,"Yeah/UH ,/,","Yeah, /"
sv,B,it/PRP 's/BES nice/JJ to/TO get/VB out/IN in/IN the/DT open/JJ air/NN ./.,it's nice to get out in the open air. /
aa,A,"It/PRP is/VBZ ,/,","It is, /"
aa,A,uh-huh/UH ./.,uh-huh. /
sv,B,"And/CC especially/RB when/WRB the/DT weather/NN 's/BES not/RB too/RB hot/JJ or/CC ,/,","{C And } especially when the weather's not too hot or,"
aa,A,That/DT 's/BES right/JJ ./.,That's right. /
+,B,"not/RB raining/VBG or/CC whatever/WDT ,/,","not raining or whatever, /"
b,A,Yeah/UH ./.,Yeah. /
sd,B,"but/CC ,/, uh/UH ,/,","{C but, } {F uh, }"
%,A,"I/PRP enjoy/VBP ,/,","I enjoy, -/"
+,B,"sometimes/RB I/PRP ,/,","[ sometimes [ I, +"
ad,A,"Excuse/VB me/PRP ,/, go/VB ahead/RB ./.","{E Excuse me, } go ahead. /"
+,B,"I/PRP said/VBD ,/, I/PRP sometimes/RB I/PRP wish/VBP I/PRP had/VBD more/JJR space/NN --/:","{E I said, } I ] + sometimes I ] wish I had more space --"
b,A,Uh-huh/UH ./.,Uh-huh. /
+,B,--/: you/PRP know/VBP ./.,-- {D you know. } /
sd,B,"I/PRP grow/VBP a/DT lot/NN of/IN things/NNS ,/, a/DT lot/NN of/IN food/NN ./.","I grow a lot of things, a lot of food. /"
b,A,Uh-huh/UH ./.,Uh-huh. /
sd,B,"And/CC sometimes/RB I/PRP ,/, I/PRP want/VBP to/TO plant/VB something/NN ,/, there/EX 's/BES not/RB enough/JJ room/NN to/TO plant/NN ./.","{C And } sometimes [ I, + I ] want to plant something, there's not enough room to plant."
aa,A,That/DT 's/BES right/JJ ./.,That's right. /
aa,A,That/DT 's/BES right/JJ ./.,That's right. /
+,B,"Some/DT of/IN those/DT things/NNS like/IN ,/, uh/UH ,/, you/PRP know/VBP ,/, the/DT things/NNS that/WDT vine/VBP like/IN ,/, uh/UH ,/, cucumbers/NNS ,/,","Some of those things like, {F uh, } {D you know, } the things that vine {D like, } {F uh, } cucumbers,"
b,A,Uh-huh/UH ./.,Uh-huh. /
+,B,"or/CC ,/, uh/UH ,/, squash/NN or/CC something/NN ,/,","or, {F uh, } squash or something,"
b,A,Uh-huh/UH ./.,Uh-huh. /
+,B,like/IN that/DT ./.,like that.
sv,A,Takes/VBZ a/DT lot/NN of/IN room/NN ./.,Takes a lot of room. /
+,B,Plant/VB one/CD of/IN those/DT,Plant one of those /
sv,B,and/CC it/PRP takes/VBZ up/RP your/PRP$ whole/JJ space/NN ./.,{C and } it takes up your whole space <laughter>. /
aa,A,It/PRP sure/RB does/VBZ ./.,It sure does. /
sd,A,"I/PRP made/VBD mistake/NN one/CD year/NN and/CC planted/VBD some/DT cantaloupe/NN ,/,","I made mistake one year and planted some cantaloupe, /"
sd,A,"my/PRP$ goodness/UH ,/,","my goodness,"
b,B,Yeah/UH ./.,Yeah. /
+,A,what/WP a/DT mistake/NN that/DT was/VBD ./.,what a mistake that was. /
aa,B,Yeah/UH ./.,Yeah. /
sv,B,"They/PRP ,/, they/PRP just/RB run/VBP all/DT over/IN ,/,","[ They, + they ] just run all over,"
aa,A,They/PRP do/VBP ./.,They do. /
+,B,"the/DT place/NN ,/, do/VBP n't/RB they/PRP ,/,","the place, don't they, /"
sd,A,"Well/UH ,/, it/PRP was/VBD very/RB good/JJ","{D Well, } it was very good /"
sv,A,"it/PRP just/RB takes/VBZ up/RP ,/, you/PRP know/VBP ,/, like/IN you/PRP say/VBP ,/, a/DT lot/NN of/IN your/PRP$ garden/NN area/NN ./.","it just takes up, {D you know, } like you say, a lot of your garden area. /"
aa,B,Right/UH ./.,Right. /
aa,B,Right/UH ./.,Right. /
x,B,MUMBLEx/XX ./.,(( )) .
sd,A,It/PRP 's/BES the/DT first/JJ and/CC only/JJ time/NN I/PRP 've/VBP done/VBN that/DT ./.,It's the first and only time I've done that. /
sd,A,We/PRP do/VBP n't/RB do/VB anything/NN exotic/JJ,We don't do anything exotic /
sd,A,"we/PRP just/RB do/VBP ,/, oh/UH ,/,","we just do, {F oh, }"
^2,B,The/DT basics/NNS ./.,The basics. /
+,A,"tomatoes/NNS ,/, bell/NN peppers/NNS ,/,","tomatoes, bell peppers,"
b,B,Right/UH ./.,Right. /
+,A,"radishes/NNS and/CC turnips/NNS ,/, I/PRP mean/VBP ,/, not/RB turnips/NNS ,/, carrots/NNS ,/, beets/NNS and/CC things/NNS like/IN that/DT ./.","radishes and turnips, {E I mean, } not turnips, carrots, beets and things like that. /"
b,B,Yeah/UH ./.,Yeah. /
sd,B,That/DT 's/BES what/WP we/PRP do/VBP too/RB ./.,That's what we do too. /
sd,A,My/PRP$ wife/NN used/VBN to/TO plant/VB a/DT few/JJ snow/NN peas/NNS ./.,My wife used to plant a few snow peas. /
sd,A,I/PRP do/VBP n't/RB really/RB care/VB for/IN snow/NN peas/NNS ./.,I don't really care for snow peas. /
sd,A,"Well/UH ,/, she/PRP just/RB plants/VBZ a/DT few/JJ for/IN herself/PRP ./.","{D Well, } she just plants a few for herself. /"
b,B,Right/UH ./.,Right. /
%,B,Peas/NNS --/:,Peas -- -/
b,A,Yeah/UH ./.,Yeah. /
sd,B,"--/: I/PRP ,/, I/PRP got/VBD a/DT few/JJ peas/NNS out/IN my/PRP$ garden/NN a/DT couple/NN of/IN days/NNS ago/RB ./.","-- [ I, + I ] got a few peas out my garden a couple of days ago. /"
bh,A,Did/VBD you/PRP really/RB ?/.,Did you really? /
sd,B,"The/DT first/JJ one/NN ,/, they/PRP started/VBD them/PRP indoors/NN this/DT time/NN ./.","The first one, they started them indoors this time. /"
sd,B,"I/PRP read/VBD it/PRP ,/,","I read it, /"
b,A,"Oh/UH ,/, I/PRP see/VBP ./.","{F Oh, } I see. /"
%,B,"And/CC so/RB I/PRP ,/,","{C And so } I, -/"
b,A,Okay/UH ./.,Okay. /
sd,A,We/PRP do/VBP n't/RB start/VB anything/NN indoors/RB,We don't start anything indoors /
sd,A,"we/PRP ,/,","we,"
b,B,Yeah/UH ./.,Yeah. /
+,A,"just/RB wait/VBP until/IN ,/, you/PRP know/VBP ,/, the/DT weather/NN warm/JJ enough/RB to/TO stick/VB it/PRP in/IN the/DT ground/NN ./.","just wait until, {D you know, } the weather warm enough to stick it in the ground. /"
qy^d,B,"I/PRP ,/, uh/UH ,/, I/PRP guess/VBP you/PRP can/MD get/VB an/DT earlier/JJR harvest/NN by/IN doing/VBG that/DT ,/,","[ I, + {F uh, } I ] guess you can get an earlier harvest by doing that, /"
na,A,Probably/RB so/RB ./.,Probably so. /
ny,A,"Yeah/UH ,/,","Yeah, /"
sv,A,you/PRP can/MD get/VB a/DT head/NN start/NN on/IN it/PRP ./.,you can get a head start on it. <Noise> <<sounds like ice in glass.>> /
sv,B,"But/CC ,/, uh/UH ,/, sure/RB is/VBZ a/DT heck/NN of/IN a/DT lot/NN of/IN work/NN ./.","{C But, } {F uh, } sure is a heck of a lot of work. /"
aa,A,"I/PRP guess/VBP it/PRP ,/, it/PRP ,/,","I guess [ it, + it, ]"
sv,B,"Because/IN you/PRP got/VBD to/TO ,/,","{C Because } you got to,"
+,A,"might/MD would/MD ,/,","[ might + would, ] /"
aa,A,yeah/UH ./.,yeah. /
+,B,"watch/VB them/PRP every/DT day/NN ,/,","watch them every day,"
b,A,Uh-huh/UH ./.,Uh-huh. /
+,B,and/CC keep/VB them/PRP watered/JJ,and keep them watered /
sd,B,"and/CC I/PRP ,/, I/PRP do/VBP n't/RB think/VB I/PRP 'll/MD do/VB it/PRP again/RB ./.","{C and } [ I, + I ] don't think I'll do it again <laughter>. /"
sv,A,"Well/UH it/PRP will/MD make/VB ,/, it/PRP will/MD make/VB them/PRP taste/VB better/RB I/PRP 'm/VBP sure/JJ ./.","<Laughter> {D Well } [ it will make, + it will make ] them taste better I'm sure. /"
b,B,"Oh/UH ,/, yeah/UH ./.","{F Oh, } yeah. /"
b,B,"Yeah/UH ,/,","Yeah, /"
sd,B,I/PRP enjoy/VBP it/PRP ./.,I enjoy it. /
sd,B,I/PRP come/VBP home/NN from/IN work/NN,I come home from work /
sd,B,"and/CC ,/, and/CC I/PRP usually/RB say/VBP hello/UH to/IN wife/NN and/CC kids/NNS ,/,","[ {C and, } + {C and } ] I usually say hello to wife and kids,"
b,A,Sure/UH ./.,Sure. /
+,B,"and/CC then/RB go/VBP out/RP and/CC fiddle/VBP ,/, you/PRP know/VBP ,/, just/RB walk/VB around/IN the/DT yard/NN and/CC --/:","and then go out and fiddle, {D you know, } just walk around the yard and --"
^2,A,"You/PRP got/VBD to/TO inspect/VB it/PRP ,/,","You got to inspect it, /"
%,A,yeah/UH ./.,yeah. /
+,B,--/: inspect/VB it/PRP,-- inspect it /
sd,B,"and/CC the/DT kids/NNS want/VBP to/TO swing/VB ,/,","{C and } the kids want to swing, /"
b,A,Sure/UH ./.,Sure. /
sd,B,and/CC I/PRP push/VBP them/PRP on/IN swing/NN ./.,{C and } I push them on swing. /
b,A,Sure/UH ./.,Sure. /
sd,B,"And/CC I/PRP wal-/XX ,/, I/PRP mow/VBP my/PRP$ own/JJ lawn/NN ./.","{C And } [ I wal-, + I mow ] my own lawn. /"
b,A,Yeah/UH ./.,Yeah. /
sd,B,"And/CC I/PRP do/VBP ,/, I/PRP do/VBP n't/RB have/VB a/DT sprinkler/NN system/NN ./.","{C And } [ I do, + I don't ] have a sprinkler system. /"
sd,B,"I/PRP ,/, I/PRP do/VBP n't/RB enjoy/VB watering/NN ./.","[ I, + I ] don't enjoy watering. /"
b,A,No/UH ./.,No. /
%,B,"Especially/RB ,/,","Especially, -/"
%,A,"I/PRP ,/,","I, /"
sd,A,"this/DT is/VBZ the/DT first/JJ home/NN we/PRP 've/VBP lived/VBN in/IN we/PRP 've/VBP had/VBN a/DT sprinkler/NN system/NN ,/,","this is the first home we've lived in we've had a sprinkler system, /"
%,B,"Oh/UH how/WRB ,/,","{F Oh } how, -/"
sd,A,"and/CC boy/UH ,/, it/PRP is/VBZ really/RB nice/JJ ,/,","{C and } {D boy, } it is really nice, /"
b,B,Oh/UH ./.,Oh. /
sv,A,it/PRP sure/RB beats/VBZ dragging/VBG hoses/NNS around/RB ./.,it sure beats dragging hoses around. /
aa,B,"Yeah/UH ,/,","Yeah, /"
sv,B,you/PRP can/MD have/VB it/PRP come/VB on/RP just/RB early/JJ in/IN the/DT morning/NN ./.,you can have it come on just early in the morning.
aa,A,That/DT 's/BES right/JJ ./.,That's right. /
+,B,"And/CC ,/, and/CC off/IN by/IN the/DT ,/, you/PRP know/VBP ,/, by/IN the/DT time/NN you/PRP 're/VBP up/IN and/CC about/IN ./.","[ And, + and ] off [ by the, + {D you know, } by the ] time you're up and about. /"
aa,A,That/DT 's/BES right/JJ ./.,That's right. /
sd,A,It/PRP 's/BES really/RB nice/JJ ./.,It's really nice. /
b,B,Yeah/UH ./.,Yeah. /
sd,B,"I/PRP ,/, I/PRP usually/RB get/VBP it/PRP started/VBN for/IN my/PRP$ wife/NN --/:","[ I, + I ] usually get it started for my wife -- /"
b,A,Uh-huh/UH ./.,Uh-huh. /
sd,B,"--/: and/CC I/PRP ,/, and/CC she/PRP moves/VBZ it/PRP around/RB ever/RB other/JJ day/NN ./.","-- [ {C and } I, + {C and } she ] moves it around <laughter> ever other day. /"
sd,A,"I/PRP 'll/MD have/VB to/TO admit/VB I/PRP do/VBP n't/RB ,/, I/PRP do/VBP my/PRP$ own/JJ yard/NN ./.","I'll have to admit [ I don't, + I do ] my own yard. /"
sd,A,"I/PRP ,/, I/PRP really/RB do/VBP n't/RB enjoy/VB doing/VBG that/DT ./.","[ I, + I ] really don't enjoy doing that. /"
sd,A,"I/PRP enjoy/VBP having/VBG a/DT nice/RB looking/JJ yard/NN ,/,","I enjoy having a nice looking yard, /"
b,B,Uh-huh/UH ./.,Uh-huh. /
sd,A,"I/PRP just/RB do/VBP n't/RB enjoy/VB the/DT work/NN ,/,","I just don't enjoy the work,"
b,B,Uh-huh/UH ./.,Uh-huh. /
+,A,that/WDT it/PRP takes/VBZ to/TO get/VB it/PRP done/VBN ./.,that it takes to get it done. /
b,B,Yeah/UH ./.,Yeah. /
sd,A,I/PRP had/VBD a/DT lawn/NN service/NN to/TO do/VB my/PRP$ yard/NN for/IN me/PRP --/:,I had a lawn service to do my yard for me --
b,B,Uh-huh/UH ./.,Uh-huh. /
+,A,"--/: during/IN the/DT real/RB hot/JJ summer/NN months/NNS ,/, you/PRP know/VBP ,/, until/IN I/PRP retired/VBD","-- during the real hot summer months, {D you know, } until I retired /"
sd,A,"and/CC now/RB I/PRP ,/, I/PRP 've/VBP lost/VBN my/PRP$ excuse/NN for/IN that/DT so/RB I/PRP have/VBP to/TO ,/,","{C and } now [ I, + I've ] lost my excuse for that so I have to <laughter>, /"
x,B,./.,<Laughter>.
sd,A,for/IN the/DT last/JJ couple/NN of/IN years/NNS I/PRP 've/VBP done/VBN it/PRP myself/PRP ./.,for the last couple of years I've done it myself. /
b,B,Yeah/UH ./.,Yeah. /
sd,B,"Sometimes/RB I/PRP wish/VBP I/PRP could/MD get/VB one/CD of/IN these/DT ,/, uh/UH ,/, chemical/NN services/NNS to/TO come/VB ,/,","Sometimes I wish I could get one of these, {F uh, } chemical services to come,"
b,A,Uh-huh/UH ./.,Uh-huh. /
+,B,"out/RB and/CC spray/VB for/IN weeds/NNS ,/,","out and spray for weeds,"
b,A,Yeah/UH ./.,Yeah. /
+,B,"and/CC fertilize/VB ,/,","and fertilize,"
b,A,Uh-huh/UH ./.,Uh-huh. /
+,B,and/CC all/PDT that/DT and/CC take/VB that/DT one/CD step/NN out/IN of/IN MUMBLEx/XX ./.,and all that and take that one step out of (( )) . /
b,A,Uh-huh/UH ./.,Uh-huh. /
sv,B,"But/CC ,/, uh/UH ,/, they/PRP want/VBP too/RB much/JJ money/NN ./.","{C But, } {F uh, } they want too much money. /"
aa,A,"It/PRP is/VBZ kind/RB of/RB expensive/JJ ,/,","It is kind of expensive, /"
aa,A,it/PRP is/VBZ ./.,it is. /
b,B,Yeah/UH ./.,Yeah. /
sv,A,"Of/IN course/NN ,/, the/DT chemicals/NNS themselves/PRP when/WRB you/PRP buy/VBP them/PRP ,/, they/PRP 're/VBP expensive/JJ too/RB ./.","Of course, the chemicals themselves when you buy them, they're expensive too. /"
aa,B,Right/UH ./.,Right. /
aa,B,Right/UH ./.,Right. /
sv,B,But/CC it/PRP 's/BES still/RB be/VB quite/RB a/DT bit/NN cheaper/JJR to/TO do/VB it/PRP yourself/PRP ./.,{C But } it's still be quite a bit cheaper to do it yourself. /
aa,A,That/DT 's/BES right/JJ ./.,That's right. /
sd,A,"If/IN I/PRP have/VBP a/DT problem/NN discipline/NN ,/, you/PRP know/VBP ,/, I/PRP think/VBP ,/,","If I have a problem discipline, {D you know, } I think, /"
^q,A,"now/RB ,/, boy/UH ,/, I/PRP really/RB need/VBP to/TO get/VB out/RB ,/, you/PRP know/VBP ,/, and/CC apply/VB something/NN ,/, you/PRP know/VBP ,/,","{D now, } boy, I really need to get out, {D you know, } and apply something, {D you know, } /"
sd,A,and/CC I/PRP screw/VBP around/RP and/CC do/VBP n't/RB do/VB it/PRP or/CC wait/VBP too/RB long/JJ or/CC something/NN ./.,{C and } I screw around and don't do it or wait too long or something. /
b,B,Right/UH,Right /
qy^d,B,"and/CC the/DT weed/NN come/VBN up/RP ,/,","{C and } the weed come up, /"
aa,A,That/DT 's/BES right/JJ ./.,That's right. /
sv,B,and/CC all/DT of/IN a/DT sudden/JJ you/PRP 've/VBP got/VBN to/TO do/VB something/NN else/RB ./.,{C and } all of a sudden you've got to do something else. /
aa,A,That/DT 's/BES right/JJ ./.,That's right. /
sd,A,"I/PRP 'm/VBP ,/, I/PRP 'm/VBP kind/RB of/RB bad/JJ about/IN that/DT ./.","[ I'm, + I'm ] kind of bad about that. /"
b,B,Yeah/UH ./.,Yeah. /
sd,A,I/PRP enjoyed/VBD having/VBG a/DT lawn/NN service/NN,I enjoyed having a lawn service /
sd,A,but/CC now/RB I/PRP have/VBP the/DT time/NN,{C but } now I have the time /
sd,A,"and/CC I/PRP really/RB ca/MD n't/RB ,/, I/PRP really/RB don-/XX ,/, you/PRP know/VBP ,/, do/VBP n't/RB ,/,","{C and } [ I really can't, + I really [ don-, + {D you know, } don't, ] ]"
sv,B,"Well/UH ,/, if/IN you/PRP ,/,","{D Well, } if you,"
+,A,want/VB to/TO spend/VB the/DT money/NN for/IN it/PRP ./.,want to spend the money for it. /
+,B,"enjoy/VBP it/PRP too/RB ,/,","enjoy it too,"
b,A,Yeah/UH ./.,Yeah. /
+,B,"you/PRP know/VBP ,/, you/PRP ,/, you/PRP can/MD get/VB out/RB in/IN the/DT morning/NN when/WRB ,/, before/IN it/PRP gets/VBZ hot/JJ and/CC ,/,","{D you know, } [ you, + you ] can get out in the morning [ when, + before ] it gets hot [ and, +"
aa,A,That/DT 's/BES right/JJ ./.,That's right. /
+,B,"and/CC do/VBP it/PRP and/CC stuff/NN ,/,","and ] do it and stuff,"
sd,A,"I/PRP 'm/VBP not/RB limited/JJ to/IN ,/,","I'm not limited to,"
+,B,"when/WRB you/PRP only/RB have/VBP to/IN ,/,","when you only have to, /"
+,A,"just/RB mowing/VBG it/PRP on/IN Saturday/NNP morning/NN ,/, you/PRP know/VBP ,/,","just mowing it on Saturday morning, {D you know, } /"
b,B,Right/UH ./.,Right. /
sd,A,I/PRP can/MD do/VB it/PRP on/IN most/RBS any/DT day/NN of/IN the/DT week/NN ./.,I can do it on most any day of the week. /
sv,B,"When/WRB the/DT days/NNS start/VBP getting/VBG a/DT little/RB longer/JJR ,/,","When the days start getting a little longer,"
b,A,Uh-huh/UH ./.,Uh-huh. /
+,B,"you/PRP know/VBP ,/, you/PRP can/MD ,/, I/PRP can/MD start/VB doing/VBG it/PRP in/IN the/DT evening/NN after/IN work/NN ./.","{D you know, } [ you can, + I can ] start doing it in the evening after work. /"
aa,A,That/DT 's/BES right/JJ ./.,That's right. /
%,B,"When/WRB they/PRP ,/, when/WRB they/PRP switch/VBP to/IN ,/,","[ When they, + when they ] [ switch to, +"
b,A,Yeah/UH ./.,Yeah. /
+,B,"switch/VBP ,/,","switch, ] - /"
%,B,"when/WRB we/PRP get/VBP an/DT hour/NN more/RBR ,/,","when we get an hour more, -/"
b,A,Yeah/UH ./.,Yeah. /
sd,B,when/WRB they/PRP rollback/^VBP^RB an/DT hour/NN ./.,when they rollback an hour. /
sv,A,That/DT 's/BES coming/VBG up/RP here/RB pretty/RB soon/RB ./.,That's coming up here pretty soon. /
qy,A,Is/VBZ it/PRP this/DT weekend/NN ?/.,Is it this weekend? /
no,B,I/PRP do/VBP n't/RB know/VB ./.,I don't know. /
sv,A,It/PRP 's/BES pretty/RB soon/RB ./.,It's pretty soon. /
sd,B,I/PRP really/RB do/VBP n't/RB know/VB ./.,I really don't know. /
sd,B,It/PRP just/RB seems/VBZ like/IN I/PRP here/VBP it/PRP on/IN the/DT news/NN the/DT day/NN before/RB ./.,It just seems like I here it on the news the day before. /
b,A,Yeah/UH ./.,Yeah. /
sv,B,"And/CC ,/, uh/UH ,/, I/PRP ,/, I/PRP think/VBP it/PRP 's/BES coming/VBG up/RP here/RB soon/RB ./.","{C And, } {F uh, } [ I, + I ] think it's coming up here soon. /"
aa,A,I/PRP believe/VBP it/PRP is/VBZ too/RB ./.,<Noise> <<ice>> I believe it is too. /
b,B,Yeah/UH ./.,Yeah. /
b,B,Yeah/UH ./.,Yeah. /
%,A,"Well/UH ,/,","{D Well, } -/"
qy,B,"Are/VBP you/PRP having/VBG any/DT trouble/NN with/IN bugs/NNS in/IN ,/, in/IN your/PRP$ garden/NN ?/.","Are you having any trouble with bugs [ in, + in ] your garden? /"
ng,A,"Uh/UH ,/, not/RB a/DT whole/JJ lot/NN ,/, uh/UH ./.","{F Uh, } not a whole lot, {F uh. } /"
sd,A,"I/PRP ,/, I/PRP do/VBP n't/RB use/VB ,/, I/PRP ,/, I/PRP seldom/RB use/VBP anything/NN harsher/JJR than/IN seven/CD dust/NN ,/, you/PRP know/VBP ./.","[ [ I, + I ] don't use, + [ I, + I ] seldom use ] anything harsher than seven dust, {D you know. } /"
b,B,Uh-huh/UH ./.,Uh-huh. /
sd,A,I/PRP do/VBP n't/RB really/RB like/VB to/TO put/VB a/DT lot/NN chemicals/NNS on/IN it/PRP,I don't really like to put a lot chemicals on it /
sd,A,"but/CC then/RB ,/,","{C but } then,"
b,B,Right/UH ./.,Right. /
+,A,"again/RB ,/, I/PRP do/VBP n't/RB want/VB the/DT bugs/NNS eating/VBG it/PRP upping/VBG either/RB ./.","again, I don't want the bugs eating it upping either. /"
b,B,Right/UH ./.,Right. /
%,B,"I/PRP ,/, I/PRP ,/,","[ I, + I, ] - /"
sv,B,it/PRP seems/VBZ like/IN they/PRP come/VBP in/IN spurts/NNS ./.,it seems like they come in spurts. /
b,A,Uh-huh/UH ./.,Uh-huh. /
sd,B,One/CD year/NN I/PRP did/VBD n't/RB put/VBN anything/NN on/IN,One year I didn't put anything on /
sd,B,and/CC I/PRP did/VBD n't/RB have/VB any/DT problems/NNS ./.,{C and } I didn't have any problems. /
b,A,Uh-huh/UH ./.,Uh-huh. /
sd,B,"Next/JJ year/NN I/PRP was/VBD planting/VBG some/DT broccoli/NNS and/CC ,/, and/CC some/DT of/IN those/DT ,/, they/PRP 're/VBP called/VBN cabbage/NN ,/,","Next year I was planting some broccoli [ and, + and ] some of those, they're called [ cabbage, +"
b,A,Uh-huh/UH ./.,Uh-huh. /
+,B,"cabbage/NN loppers/NNS ,/,","cabbage ] loppers,"
b,A,Right/UH ./.,Right. /
+,B,or/CC whatever/WDT ./.,or whatever. /
b,A,Uh-huh/UH ./.,Uh-huh. /
sd,B,"They/PRP were/VBD just/RB covered/VBN with/IN them/PRP ,/,","They were just covered with them, /"
b,A,Yeah/UH ./.,Yeah. /
%,B,"I/PRP mean/VBP ,/, I/PRP went/VBD up/RP ,/,","{E I mean, } I went up, - /"
sd,B,"I/PRP did/VBD n't/RB go/VB out/IN there/RB for/IN about/RB three/CD days/NNS ,/, you/PRP know/VBP ,/,","I didn't go out there for about three days, {D you know, }"
b,A,Uh-huh/UH ./.,Uh-huh. /
+,B,"because/IN I/PRP ,/, and/CC I/PRP went/VBD out/IN there/RB one/CD day/NN and/CC the/DT plant/NN was/VBD noth-/NN ,/, nothing/NN left/VBD but/IN a/DT stem/NN ,/,","[ {C because } I, + {C and } I ] went out there one day and the plant was [ noth-, + nothing ] left but a stem, /"
aa,A,That/DT 's/BES right/JJ ./.,That's right. /
sd,B,they/PRP devoured/VBD it/PRP that/RB quickly/RB ./.,they devoured it that quickly. /
aa,A,Absolutely/UH ./.,Absolutely. /
sv,A,"They/PRP really/RB go/VBP through/IN it/PRP ,/,","They really go through it, /"
sv,B,"And/CC ,/, they/PRP ,/, they/PRP ,/,","{C And, } [ they, + they, ]"
aa,A,they/PRP really/RB do/VBP ./.,they really do. /
+,B,"have/VB a/DT ,/, you/PRP ,/, a/DT good/JJ appetite/NN ./.","have [ a, + [ you, + ] a ] good appetite <laughter>. /"
b,A,Yeah/UH ./.,Yeah. /
%,B,"And/CC they/PRP would/MD ,/, you/PRP know/VBP ,/,","{C And } they would, {D you know, } - /"
sd,B,"I/PRP ,/, I/PRP picked/VBD off/RP like/IN twenty/CD of/IN them/PRP","[ I, + I ] picked off {D like } twenty of them /"
%,B,"and/CC ,/,","{C and, } -/"
sv,A,You/PRP know/VBP cutworms/NNS will/MD do/VB the/DT same/JJ thing/NN to/IN your/PRP$ tomato/NN vines/NNS too/RB ./.,{D You know } cutworms will do the same thing to your tomato vines too. /
%,B,"Ye-/UH ,/,","Ye-, - /"
aa,B,yeah/UH ./.,yeah. /
%,A,"Boy/UH ,/, they/PRP 'll/MD strip/VB ,/,","Boy, they'll strip, -/"
sd,B,"They/PRP got/VBD that/DT ,/, uh/UH ,/, what/WP is/VBZ that/DT safer/JJR soap/NN ,/, uh/UH ,/,","They got that, {F uh, } what is that safer soap, {F uh, }"
b,A,Uh-huh/UH ./.,Uh-huh. /
+,B,"B/NNP T/NNP spray/NN this/DT ,/,","B T spray this,"
b,A,Yeah/UH ./.,Yeah. /
+,B,year/NN ./.,year. /
b,A,Uh-huh/UH ./.,Uh-huh. /
sd,B,And/CC I/PRP 've/VBP been/VBN watching/VBG them/PRP every/DT day/NN,{C And } I've been watching them every day /
sd,B,"and/CC I/PRP 've/VBP ,/, and/CC I/PRP have/VBP n't/RB seen/VBN any/DT signs/NNS yet/RB ./.","[ {C and } I've, + {C and } I haven't ] seen any signs yet. /"
sd,B,"So/RB ,/, if/IN I/PRP see/VBP any/DT signs/NNS I/PRP 'm/VBP going/VBG to/TO spray/VB them/PRP ,/,","{C So, } if I see any signs I'm going to spray them, /"
b,A,Yeah/UH ./.,Yeah. /
%,B,"and/CC ,/, uh/UH ,/,","{C and, } {F uh, } -/"
sd,A,"I/PRP did/VBD something/NN a/DT little/JJ bit/NN different/JJ this/DT year/NN that/WDT I/PRP have/VBP n't/RB done/VBN before/RB ,/,","I did something a little bit different this year that I haven't done before, /"
%,A,"I/PRP 've/VBP got/VBN ,/,","I've got, - /"
sd,A,"my/PRP$ garden/NN is/VBZ shaped/VBN that/IN I/PRP can/MD ,/,","my garden is shaped that I can, - /"
sd,A,"it/PRP 's/BES kind/RB like/IN this/DT ,/, uh/UH ,/, box/NN shape/NN ,/,","it's kind like this, {F uh, } box shape, /"
sd,A,so/RB I/PRP got/VBD four/CD pieces/NNS of/IN two/CD by/IN twelve/CD and/CC joined/VBD them/PRP together/RB and/CC just/RB made/VBD a/DT box/NN ./.,{C so } I got four pieces of two by twelve and joined them together and just made a box.
b,B,Right/UH ./.,Right. /
+,A,And/CC put/VBD in/IN a/DT whole/JJ bunch/NN like/IN eight/CD hundred/CD pounds/NNS of/IN topsoil/NN and/CC manure/NN,And put in a whole bunch {D like } eight hundred pounds of topsoil and manure /
sd,A,"and/CC ,/, you/PRP know/VBP ,/, various/JJ other/JJ things/NNS ,/,","{C and, } {D you know, } various other things,"
sv,B,"Well/UH ,/, the/DT good/JJ stuff/NN ./.","{D Well, } the good stuff. /"
+,A,Raised/VBN it/PRP up/RP ./.,Raised it up. /
b,B,Right/UH ./.,Right. /
sd,A,"And/CC I/PRP 'm/VBP hoping/VBG especially/RB with/IN those/DT big/JJ tall/JJ sides/NNS on/IN there/EX it/PRP that/IN maybe/RB I/PRP wo/MD n't/RB have/VB ,/, oh/UH ,/, I/PRP 'll/MD have/VB less/RBR of/IN a/DT bug/NN problem/NN","{C And } I'm hoping especially with those big tall sides on there it that maybe [ I won't have, + {F oh, } I'll have ] less of a bug problem /"
sv,A,"any-/XX ,/, at/IN least/JJS they/PRP ,/, they/PRP 'll/MD have/VB a/DT hard/JJ time/NN crawling/VBG up/IN the/DT thing/NN ./.","[ any-, + ] at least [ they, + they'll ] have a hard time crawling up the thing. /"
aa,B,Right/UH ./.,Right. /
aa,B,"Yeah/UH ,/,","Yeah, /"
sd,B,"my/PRP$ backyard/NN is/VBZ ,/, uh/UH ,/, is/VBZ sloping/JJ","my backyard [ is, + {F uh, } is ] sloping /"
sd,B,"so/RB I/PRP built/VBD a/DT box/NN up/RP ,/, you/PRP know/VBP --/:","{C so } I built a box up, {D you know } --"
b,A,Uh-huh/UH ./.,Uh-huh. /
+,B,"--/: had/VBD to/TO build/VB the/DT one/CD ,/, the/DT low/JJ side/NN up/IN ./.","-- had to build the one, the low side up. /"
b,A,Uh-huh/UH ./.,Uh-huh. /
sd,B,"And/CC ,/, uh/UH ,/, I/PRP had/VBD sandy/JJ loam/NN hauled/VBN in/RP ./.","{C And, } {F uh, } I had sandy loam hauled in. /"
sd,B,I/PRP had/VBD a/DT dump/NN truck/NN come/VB and/CC dump/VB it/PRP ./.,I had a dump truck come and dump it. /
b,A,Uh-huh/UH ./.,Uh-huh. /
sd,B,"On/IN my/PRP$ driveway/NN ,/, I/PRP guess/VBP ,/, that/DT 's/BES what/WP they/PRP do/VBP","On my driveway, I guess, that's what they do /"
sd,B,"and/CC then/RB ,/,","{C and then, }"
b,A,"Yeah/UH ,/,","Yeah, /"
+,B,I/PRP had/VBD to/TO wheel/GW barrow/^VB it/PRP in/IN ./.,I had to wheel barrow it in. /
b,A,Right/UH ./.,Right. /
sv,B,"But/CC ,/, uh/UH ,/, you/PRP know/VBP ,/, you/PRP can/MD improve/VB your/PRP$ own/JJ soil/NN there/RB --/:","{C But, } {F uh, } {D you know, } you can improve your own soil there -- /"
b,A,Uh-huh/UH ./.,Uh-huh. /
sv,B,"--/: but/CC the/DT Texas/NNP soil/NN is/VBZ n't/RB the/DT greatest/JJS ,/,","-- {C but } the Texas soil isn't the greatest,"
aa,A,"That/DT 's/BES right/JJ ,/,","That's right, /"
+,B,gardening/NN soil/NN ./.,gardening soil. /
sv,A,"you/PRP ,/, you/PRP have/VBP to/TO work/VB on/RP ./.","[ you, + you ] have to work on. /"
sv,A,"You/PRP ,/,","You,"
b,B,Right/UH ./.,Right. /
+,A,really/RB do/VBP ./.,really do. /
sd,B,"And/CC you/PRP know/VBP ,/, if/IN I/PRP ,/, I/PRP did/VBD n't/RB wait/VB five/CD years/NNS for/IN it/PRP to/TO be/VB good/JJ enough/RB grow/VB","{C And } {D you know, } if [ I, + I ] didn't wait five years for it to be good enough grow /"
qh,B,you/PRP know/VBP what/WP I/PRP mean/VBP ./.,you know what I mean <laughter>. /
aa,A,That/DT 's/BES right/JJ ./.,That's right. /
sd,A,"When/WRB we/PRP had/VBD our/PRP$ pool/NN done/VBN I/PRP had/VBD them/PRP to/TO leave/VB some/DT extra/JJ loam/NN ,/, you/PRP know/VBP ,/, for/IN my/PRP$ garden/NN","When we had our pool done I had them to leave some extra loam, {D you know, } for my garden /"
sd,A,"so/RB I/PRP had/VBD ,/, I/PRP had/VBD a/DT lot/NN of/IN loam/NN out/IN there/RB to/TO start/VB with/IN","{C so } [ I had, + I had ] a lot of loam out there to start with /"
sd,A,I/PRP just/RB turned/VBD it/PRP all/DT up/RB and/CC mixed/VBD it/PRP all/DT up/RP together/RB --/:,I just turned it all up and mixed it all up together --
b,B,Uh-huh/UH ./.,Uh-huh. /
+,A,"--/: with/IN ,/,","-- with, -/"
qy,B,"Do/VBP you/PRP have/VB ,/, do/VBP you/PRP have/VB a/DT rotor/NN tiller/NN ?/.","[ Do you have, + do you have ] a rotor tiller? /"
nn,A,No/UH ./.,No. /
sd,A,"I/PRP do/VBP n't/RB ,/,","I don't, /"
sd,A,"I/PRP did/VBD it/PRP by/IN hand/NN ,/,","I did it by hand, /"
sv,B,"Small/JJ enough/RB ,/,","Small enough, /"
%,B,"you/PRP have/VBP a/DT ,/,","you have a, - /"
qy,B,just/RB do/VBP it/PRP by/IN hand/NN ?/.,just do it by hand? /
ny,A,Uh-huh/UH ./.,Uh-huh. /
b,B,Yeah/UH ./.,Yeah. /
sd,A,"It/PRP was/VBD n't/RB too/RB much/RB of/IN a/DT job/NN ,/,","It wasn't too much of a job,"
b,B,Yeah/UH ./.,Yeah. /
+,A,really/UH ./.,really. /
b,B,Yeah/UH ./.,Yeah. /
%,A,"Like/IN I/PRP say/VBP it/PRP 's/BES just/RB ,/,","Like I say it's just, -/"
b,B,Yeah/UH ./.,Yeah. /
sd,B,"I/PRP 'd/MD like/VB to/TO get/VB one/CD of/IN these/DT little/JJ small/JJ ones/NNS ,/,","I'd like to get one of these little small ones,"
b,A,Uh-huh/UH ./.,Uh-huh. /
+,B,that/IN you/PRP see/VBP in/IN all/DT these/DT gardening/NN magazines/NNS ./.,that you see in all these gardening magazines. /
b,A,Uh-huh/UH ./.,Uh-huh. /
sv,A,It/PRP would/MD be/VB handy/JJ ./.,It would be handy. /
sd,B,"And/CC it/PRP weighs/VBZ twenty/CD pounds/NNS or/CC ,/,","{C And } it weighs twenty pounds or,"
b,A,Yeah/UH ./.,Yeah. /
+,B,something/NN like/IN that/DT ./.,something like that. /
sd,B,My/PRP$ neighbor/NN across/IN the/DT street/NN has/VBZ one/CD ./.,My neighbor across the street has one. /
sd,B,"He/PRP always/RB uses/VBZ it/PRP to/TO dethatch/VB his/PRP$ lawn/NN ,/,","He always uses it to dethatch his lawn, /"
b,A,Uh-huh/UH ./.,Uh-huh. /
sd,B,"I/PRP see/VBP him/PRP out/IN there/RB ,/,","I see him out there, /"
b,A,Yeah/UH ./.,Yeah. /
sd,B,and/CC I/PRP guess/VBP it/PRP has/VBZ a/DT thatcher/NN attachment/NN to/IN it/PRP ./.,{C and } I guess it has a thatcher attachment to it. /
sv,A,"It/PRP might/MD be/VB handy/JJ ,/,","It might be handy, /"
aa,B,Yeah/UH ./.,Yeah. /
aa,B,Yeah/UH ./.,Yeah. /
sv,A,"They/PRP 're/VBP pretty/RB neat/JJ little/JJ ,/,","They're pretty neat little, - /"
sd,A,I/PRP 've/VBP never/RB seen/VBN one/CD ./.,I've never seen one. /
sd,B,I/PRP have/VBP a/DT friend/NN who/WP has/VBZ one/CD,I have a friend who has one /
sd,B,"and/CC ,/, and/CC he/PRP lets/VBZ me/PRP ,/, you/PRP know/VBP ,/, no/DT problem/NN borrowing/VBG if/IN it/PRP 's/BES ,/,","[ {C and, } + {C and } ] he lets me, {D you know, } no problem borrowing if it's,"
b,A,Uh-huh/UH ./.,Uh-huh. /
+,B,"just/RB a/DT hassle/NN when/WRB you/PRP know/VBP ,/,","just a hassle [ when + ] {D you know, }"
b,A,"Oh/UH ,/, yeah/UH ./.","{F Oh, } yeah. /"
+,B,to/TO go/VB up/RP,to go up /
sd,B,"and/CC it/PRP 's/BES a/DT fairly/RB large/JJ one/NN to/TO ,/,","{C and } it's a fairly large one to,"
b,A,Yeah/UH ./.,Yeah. /
+,B,"heave/VBP it/PRP up/IN into/IN the/DT back/NN of/IN the/DT van/NN ,/,","heave it up into the back of the van,"
b,A,Uh-huh/UH ./.,Uh-huh <Noise> <<Ice rattling>>. /
+,B,"bring/VBP it/PRP home/NN and/CC ,/,","bring it home and,"
b,A,Right/UH ./.,Right. /
+,B,"check/VBP it/PRP back/RB and/CC just/RB grab/VBP it/PRP ,/, you/PRP know/VBP ,/, if/IN I/PRP ,/, just/RB go/VBP to/IN my/PRP$ garage/NN and/CC grab/VBP it/PRP ./.","check it back and just grab it, {D you know, } if I, just go to my garage and grab it. /"
b,A,Yeah/UH ./.,Yeah. /
ba,A,"That/DT would/MD be/VB neat/JJ ,/,","That would be neat, /"
%,A,sure/UH ./.,sure. /
ba,B,That/DT would/MD be/VB nice/JJ ./.,That would be nice. /
sd,A,"We/PRP 've/VBP had/VBN a/DT garden/NN ,/, gosh/UH ,/, for/IN years/NNS and/CC years/NNS and/CC years/NNS ,/,","We've had a garden, {D gosh, } for years and years and years,"
b,B,Uh-huh/UH ./.,Uh-huh. /
+,A,"of/IN some/DT size/NN ,/, you/PRP know/VBP ,/,","of some size, {D you know, } /"
sd,A,I/PRP ca/MD n't/RB remember/VB a/DT year/NN when/WRB we/PRP did/VBD n't/RB have/VB one/CD of/IN some/DT kind/NN ./.,I can't remember a year when we didn't have one of some kind. /
qw,B,What/WP have/VBP you/PRP got/VBN growing/VBG right/RB now/RB ?/.,What have you got growing right now? /
%,A,"Uh/UH ,/, got/VBN ,/,","{F Uh, } got, - /"
sd,A,you/PRP know/VBP tomatoes/NNS that/WDT are/VBP starting/VBG to/TO bloom/VB --/:,you know tomatoes that are starting to bloom -- -/
b,B,Uh-huh/UH ./.,Uh-huh. /
sd,A,"--/: and/CC ,/, uh/UH ,/, I/PRP 've/VBP got/VBN carrots/NNS ,/, I/PRP mea-/XX ,/, yes/UH ,/, I/PRP 've/VBP got/VBN a/DT few/JJ carrots/NNS up/RP","-- {C and, } {F uh, } [ I've got carrots, + {E I mea-, } {D yes, } I've got a few carrots ] up /"
sd,A,"and/CC I/PRP 've/VBP got/VBN some/DT radishes/NNS up/RP ,/,","{C and } I've got some radishes up, /"
b,B,Uh-huh/UH ./.,Uh-huh. /
sd,A,"and/CC as/IN a/DT matter/NN of/IN fact/NN ,/, I/PRP 've/VBP already/RB done/VBN a/DT second/JJ row/NN of/IN radishes/NNS ./.","{C and } as a matter of fact, I've already done a second row of radishes. /"
b,B,Uh-huh/UH ./.,Uh-huh. /
b,B,Yeah/UH ./.,Yeah. /
sd,A,"And/CC ,/, uh/UH ,/, the/DT green/JJ onions/NNS are/VBP coming/VBG along/RP ./.","{C And, } {F uh, } the green onions are coming along. /"
bk,B,"Okay/UH ,/,","Okay, /"
%,A,"Snow/NN ,/,","Snow, /"
%,B,"what/WDT kind/NN ,/,","what kind, /"
fa,A,excuse/VB me/PRP ./.,{E excuse me. } /
qo,B,what/WDT kind/NN of/IN onions/NNS do/VBP you/PRP grow/VB ?/.,what kind of onions do you grow? /
qy,B,"Do/VBP you/PRP grow/VB those/DT ,/, those/DT ten/CD ,/, fifteen/CD Y/NN ?/.","Do you grow [ those, + those ] ten, fifteen Y? /"
ny,A,"Yes/UH ,/,","Yes, /"
%,A,I/PRP 've/VBP,I've - /
sd,A,for/IN the/DT first/JJ time/NN we/PRP planted/VBD them/PRP this/DT year/NN ./.,for the first time we planted them this year. /
sv,B,"Oh/UH ,/, they/PRP ,/, they/PRP are/VBP the/DT best/JJS ./.","{F Oh, } [ they, + they ] are the best. /"
aa,A,Yeah/UH ./.,Yeah. /
sd,A,"We/PRP tried/VBD to/TO find/VB them/PRP last/JJ year/NN ,/,","We tried to find them last year, /"
sd,A,we/PRP screwed/VBD around/RP and/CC waited/VBD too/RB long/JJ,we screwed around and waited too long /
sd,A,and/CC I/PRP could/MD n't/RB find/VB a/DT nursery/NN that/WDT had/VBD any/DT of/IN them/PRP left/VBN ./.,{C and } I couldn't find a nursery that had any of them left. /
b,B,Uh-huh/UH ./.,Uh-huh. /
b,B,Uh-huh/UH ./.,Uh-huh. /
sd,A,But/CC we/PRP 've/VBP got/VBN some/DT this/DT year/NN ./.,{C But } we've got some this year. /
%,B,"Uh/UH ,/, those/DT ,/,","{F Uh, } those, -/"
sd,A,Snow/NN peas/NNS are/VBP up/RB,Snow peas are up /
sd,A,"and/CC ,/, uh/UH ,/, my/PRP$ wife/NN does/VBZ ,/, uh/UH ,/, a/DT small/JJ herb/NN garden/NN on/IN the/DT side/NN ./.","{C and, } {F uh, } my wife does, {F uh, } a small herb garden on the side. /"
b,B,I/PRP see/VBP ./.,I see. /
sd,A,They/PRP 're/VBP up/RB and/CC doing/VBG fine/RB ./.,They're up and doing fine. /
b,B,Yeah/UH ./.,Yeah. /
%,B,"I/PRP ,/, uh/UH ,/,","I, {F uh, } - /"
sd,B,"those/DT onions/NNS ,/, I/PRP think/VBP ,/, we/PRP ,/, we/PRP planted/VBD like/IN twice/RB as/IN much/RB this/DT year/NN because/IN ,/, you/PRP know/VBP ,/, we/PRP got/VBD ,/, on-/NNS ,/, onions/NNS","those onions, I think, [ we, + we ] planted {D like } twice as much this year because, {D you know, } we got, [ on-, + onions ] /"
sd,B,"and/CC they/PRP lasted/VBD from/IN ,/, you/PRP know/VBP ,/, about/IN when/WRB you/PRP harvest/VBP them/PRP about/IN a/DT month/NN from/IN now/RB or/CC so/RB ,/,","{C and } they lasted from, {D you know, } [ about + when you harvest them about ] a month from now or so,"
b,A,Uh-huh/UH ./.,Uh-huh. /
+,B,"or/CC six/CD weeks/NNS ,/,","or six weeks,"
b,A,Uh-huh/UH ./.,Uh-huh. /
+,B,"from/IN now/RB ,/,","from now,"
b,A,Uh-huh/UH ./.,Uh-huh. /
+,B,"until/IN ,/, until/IN like/IN October/NNP ,/,","[ until, + until ] {D like } October, /"
b,A,Yeah/UH ./.,Yeah. /
sv,B,"and/CC ,/, uh/UH ,/, we/PRP really/RB missed/VBD them/PRP when/WRB they/PRP were/VBD gone/VBN ,/,","{C and, } {F uh, } we really missed them when they were gone,"
b,A,Yeah/UH ./.,Yeah. /
+,B,"because/IN the/DT ones/NNS from/IN the/DT grocery/NN store/NN just/RB ca/MD n't/RB ,/,","because the ones from the grocery store just can't,"
aa,A,Yeah/UH ./.,Yeah. /
sv,A,"That/DT 's/BES kind/RB of/RB a/DT ,/,","That's kind of a,"
+,B,compare/VB ./.,compare. /
+,A,let/GW down/^NN ./.,let down. /
sd,B,"She/PRP made/VBD these/DT onion/NN rings/NNS that/WDT were/VBD so/RB good/JJ ,/,","She made these onion rings that were so good, /"
ba,A,"Oh/UH ,/, I/PRP bet/VBP ,/,","{F Oh, } I bet, /"
sv,B,"and/CC ,/, and/CC ,/,","[ [ {C and, } + {C and, } ] +"
ba,A,they/PRP were/VBD ./.,they were. /
+,B,"and/CC ,/, uh/UH ,/, you/PRP do/VBP n't/RB realize/VB how/WRB many/JJ dishes/NNS you/PRP put/VBP onions/NNS in/IN ,/,","{C and, } ] {F uh, } you don't realize how many dishes you put onions in,"
aa,A,That/DT 's/BES right/JJ ./.,That's right. /
sv,A,"We/PRP use/VBP a/DT lot/NN ,/,","We use a lot, /"
+,B,"that/IN it/PRP 's/BES an/DT ingredient/NN ,/,","that it's an ingredient, /"
aa,A,we/PRP sure/RB do/VBP ./.,we sure do. /
sd,B,"and/CC ,/, and/CC it/PRP was/VBD just/RB like/IN everything/NN you/PRP put/VBD it/PRP into/IN tasted/VBD so/RB much/RB better/JJR ./.","[ {C and, } + {C and } ] it was just like everything you put it into tasted so much better. /"
aa,A,Yeah/UH ./.,Yeah. /
sv,A,"One/CD nice/JJ thing/NN with/IN onions/NNS and/CC ,/, and/CC bell/NN peppers/NNS at/IN least/JJS you/PRP can/MD chop/VB them/PRP and/CC freeze/VB them/PRP if/IN you/PRP have/VBP ,/,","One nice thing with onions [ and, + and ] bell peppers at least you can chop them and freeze them if you have,"
b,B,Right/UH ./.,Right. /
+,A,"you/PRP know/VBP ,/, too/RB many/JJ ./.","{D you know, } too many. /"
aa,B,Right/UH ./.,Right. /
sd,B,We/PRP froze/VBD a/DT lot/NN of/IN peppers/NNS ./.,We froze a lot of peppers. /
sd,B,We/PRP let/VBD some/DT turn/NN red/JJ ./.,We let some turn red. /
b,A,Yeah/UH ./.,Yeah. /
b,A,Uh-huh/UH ./.,Uh-huh. /
sd,A,"We/PRP did/VBD that/DT too/RB ,/,","We did that too, /"
sd,B,And/CC some/DT we/PRP do/VBP green/JJ,{C And } some we do green /
sd,B,and/CC then/RB my/PRP$ wife/NN puts/VBZ them/PRP on/IN pizzas/NNS ./.,{C and then } my wife puts them on pizzas.
b,A,Uh-huh/UH ./.,Uh-huh. /
+,B,"And/CC ,/, and/CC chops/VBZ them/PRP up/RP in/IN recipes/NNS --/:","[ And, + and ] chops them up in recipes --"
b,A,Sure/UH ./.,Sure. /
sv,A,"Makes/VBZ ,/, uh/UH ,/,","[ Makes, + {F uh, }"
+,B,--/: and/CC things/NNS like/IN that/DT ./.,-- and things like that. /
+,A,makes/VBZ a/DT colorful/JJ salad/NN too/RB ./.,makes ] a colorful salad too. /
aa,B,"Oh/UH ,/, yeah/UH ./.","{F Oh, } yeah. /"
aa,B,"Put/VBD them/PRP in/IN salad/NN ,/,","Put them in salad, /"
aa,B,yeah/UH ./.,yeah. /
b,A,Uh-huh/UH ./.,Uh-huh. /
sd,B,"You/PRP 're/VBP ,/, you/PRP 're/VBP making/VBG me/PRP hungry/JJ here/RB ./.","[ You're, + you're ] making me hungry here. /"
x,A,./.,<Laughter>.
x,B,./.,<Laughter>.
sd,A,We/PRP planted/VBD some/DT yellow/JJ peppers/NNS this/DT year/NN ./.,We planted some yellow peppers this year. /
sd,A,"We/PRP 've/VBP tried/VBN it/PRP ,/,","We've tried it,"
b,B,Oh/UH ./.,Oh. /
+,A,before/IN,before /
nn,A,"and/CC nope/UH ,/,","{C and } nope, /"
sd,A,we/PRP have/VBP n't/RB had/VBN much/JJ luck/NN with/IN it/PRP we/PRP 're/VBP going/VBG to/TO try/VB it/PRP again/RB this/DT year/NN ./.,we haven't had much luck with it we're going to try it again this year. /
b,B,"Yellow/JJ peppers/NNS ,/, huh/UH ./.","Yellow peppers, {F huh. } /"
sd,A,They/PRP have/VBP some/DT little/JJ buds/NNS on/IN them/PRP hopefully/RB they/PRP 'll/MD do/VB something/NN ./.,They have some little buds on them hopefully they'll do something. /
b,B,Yeah/UH ./.,Yeah. /
bf,B,Sounds/VBZ like/IN you/PRP have/VBP a/DT real/RB good/JJ garden/NN ./.,Sounds like you have a real good garden. /
aa,A,Yeah/UH ./.,Yeah. /
sd,A,We/PRP enjoy/VBP fooling/VBG around/RP with/IN it/PRP ./.,We enjoy fooling around with it. /
^h,B,"Just/RB let/VB me/PRP see/VB what/WP I/PRP got/VBD ,/,","Just let me see what I got, /"
sd,B,I/PRP got/VBD the/DT peas/NNS,I got the peas /
sd,B,"and/CC I/PRP 've/VBP got/VBN some/DT broccoli/NNS ,/, uh/UH ,/, onions/NNS some/RB ,/, some/DT radishes/NNS and/CC ,/, uh/UH ,/, uh/UH ,/, beets/NNS ./.","{C and } I've got some broccoli, {F uh, } onions [ some, + some ] radishes and, {F uh, } {F uh, } beets. /"
b^m,A,Beets/NNS ./.,Beets. /
%,A,"Yeah/UH ,/,","Yeah, /"
sd,A,"we/PRP 've/VBP got/VBN some/DT beets/NNS ,/,","we've got some beets, /"
%,A,uh-huh/UH ./.,uh-huh. /
sd,B,"Uh/UH ,/, and/CC I/PRP planted/VBD potatoes/NNS too/RB ./.","{F Uh, } {C and } I planted potatoes too. /"
b,A,Uh-huh/UH ./.,Uh-huh. /
sd,A,I/PRP 've/VBP never/RB done/VBN potato/NN ./.,I've never done potato. /
sd,A,"We/PRP used/VBD to/TO do/VB it/PRP at/IN home/NN when/WRB I/PRP was/VBD a/DT kid/NN ,/,","We used to do it at home when I was a kid,"
b,B,"Oh/UH ,/, the/DT potato/NN ,/,","{F Oh, } the potato, /"
+,A,had/VBD a/DT huge/JJ garden/NN ./.,had a huge garden. /
sv,B,"They/PRP were/VBD ,/, they/PRP 're/VBP delicious/JJ","[ They were, + they're ] delicious /"
%,B,"but/CC they/PRP ,/,","{C but } they, - /"
sv,B,"you/PRP do/VBP n't/RB get/VB ,/, seem/VB to/TO get/VB that/RB much/JJ for/IN the/DT space/NN ,/,","you don't [ get, + seem to get ] that much for the space, /"
b,A,Uh-huh/UH ./.,Uh-huh. /
sv,B,"they/PRP ,/, they/PRP do/VBP ./.","[ they, + they ] do. /"
aa,A,"It/PRP takes/VBZ a/DT ,/, yeah/UH ,/, it/PRP does/VBZ take/VB some/DT space/NN ./.","[ It takes a, + {D yeah, } it does take some ] space. /"
sd,B,"Some/DT beet/NN ,/, uh/UH ,/, potatoes/NNS","Some beet, {F uh, } potatoes /"
b,A,Yeah/UH ./.,Yeah. /
sd,B,"MUMBLEx/XX and/CC I/PRP 've/VBP got/VBN some/DT tomatoes/NNS still/RB growing/VBG ,/,","(( )) {C and } I've got some tomatoes still growing,"
b,A,Uh-huh/UH ./.,Uh-huh. /
+,B,"in/IN ,/, in/IN containers/NNS ,/,","[ in, + in ] containers, /"
b,A,I/PRP see/VBP ./.,I see. /
sd,B,"I/PRP got/VBD to/TO wait/VB for/IN a/DT place/NN to/TO ,/, to/TO ,/, to/TO free/VB up/RP ./.","I got to wait for a place [ [ to, + to, ] + to ] free up. /"
b,A,Uh-huh/UH ./.,Uh-huh. /
sd,B,"Uh/UH ,/, our/PRP$ ,/, our/PRP$ kids/NNS love/VBP pickles/NNS","{F Uh, } [ our, + our ] kids love pickles /"
sd,B,and/CC we/PRP all/DT love/VBP pickles/NNS,{C and } we all love pickles /
sd,B,so/RB we/PRP 're/VBP going/VBG to/TO try/VB to/TO grow/VB our/PRP$ own/JJ pickles/NNS this/DT year/NN ./.,{C so } we're going to try to grow our own pickles this year. /
b,A,Uh-huh/UH ./.,Uh-huh. /
ba,A,"That/DT will/MD be/VB neat/JJ ,/,","That will be neat, /"
%,A,yeah/UH ./.,yeah. /
sd,B,"We/PRP 've/VBP got/VBN some/DT good/JJ ,/, um/UH ,/, um/UH ,/, Hybrid/NNP Burpee/NNP uh/UH --/:","We've got some good, {F um, } {F um, } Hybrid Burpee {F uh } --"
b,A,Uh-huh/UH ./.,Uh-huh. /
+,B,"--/: uh/UH ,/, pickler/JJ cucumbers/NNS","-- {F uh, } pickler cucumbers /"
sd,B,and/CC we/PRP 're/VBP going/VBG to/TO try/VB to/TO see/VB if/IN we/PRP can/MD pickle/VB our/PRP$ own/JJ,{C and } we're going to try to see if we can pickle our own /
ba,A,"That/DT will/MD be/VB neat/JJ ,/,","That will be neat, /"
%,A,yeah/UH ./.,yeah. /
na,A,"Absolutely/RB ,/,","Absolutely, /"
sv,A,they/PRP 're/VBP expensive/JJ ./.,they're expensive. /
aa,B,I/PRP know/VBP it/PRP ./.,I know it. /
sd,B,"I/PRP said/VBD ,/, why/WRB are/VBP they/PRP so/RB expensive/JJ they/PRP 're/VBP just/RB a/DT bunch/NN of/IN little/JJ cucumbers/NNS ,/, you/PRP know/VBP ?/.","I said, why are they so expensive they're just a bunch of little cucumbers, {D you know? } /"
sv,A,"I/PRP do/VBP n't/RB know/VB unless/IN it/PRP ,/,","I don't know unless it,"
x,B,./.,<Laughter>.
+,A,labor/GW intensive/^JJ or/CC something/NN ./.,labor intensive or something. /
sd,A,"I/PRP really/RB ,/,","I really,"
aa,B,I/PRP guess/VBP ./.,I guess. /
+,A,do/VBP n't/RB know/VB ./.,don't know. /
sd,B,"But/CC we/PRP 're/VBP going/VBG to/TO try/VB that/DT ,/,","{C But } we're going to try that,"
ba,A,That/DT will/MD be/VB interesting/JJ ./.,That will be interesting. /
+,B,and/CC see/VB how/WRB that/DT works/VBZ ./.,and see how that works. /
sd,B,An/DT experiment/NN ./.,An experiment. /
b,A,Yeah/UH ./.,Yeah. /
sd,B,"I/PRP 'd/MD like/VB to/TO try/VB ,/, you/PRP know/VBP ,/, just/RB try/VB something/NN new/JJ ,/,","I'd like to [ try, + {D you know, } just try ] something new,"
b,A,Sure/UH ./.,Sure. /
+,B,"every/DT year/NN that/WDT ,/,","every year that,"
b,A,Yeah/UH ./.,Yeah. /
+,B,I/PRP have/VBP n't/RB tried/VBN before/RB,I haven't tried before /
%,B,"and/CC ,/,","{C and, } -/"
ba,A,That/DT 's/BES interesting/JJ ./.,That's interesting. /
%,B,Well/UH ./.,{D Well. } -/
fc,A,"Well/UH ,/, I/PRP 'll/MD let/VB you/PRP go/VBP it/PRP 's/BES ,/,","{D Well, } I'll let you go it's, -/"
