act_tag,speaker,pos,text
qo,B,"So/UH ,/, uh/UH ,/, what/WP do/VBP you/PRP think/VB ?/. ./.","{D So, } {F uh, } what do you think? <Laughter>. /"
sv,A,I/PRP think/VBP we/PRP 're/VBP overtaxed/VBN to/IN the/DT hilt/NN ./.,I think we're overtaxed to the hilt. /
b,B,Yeah/UH ./.,Yeah. /
b,A,"Yeah/UH ,/,","Yeah, /"
sd,A,"I/PRP mean/VBP ,/, we/PRP 're/VBP ,/, we/PRP 're/VBP taxed/VBN on/IN taxes/NNS","{E I mean, } [ we're, + we're ] taxed on taxes /"
sd,A,"and/CC ,/, um/UH ,/, uh/UH ,/, most/RBS all/DT government/NN entities/NNS are/VBP just/RB trying/VBG to/TO give/VB us/PRP a/DT state/NN income/NN tax/NN for/IN those/DT who/WP do/VBP n't/RB have/VB it/PRP that/WDT is/VBZ ./.","{C and, } {F um, } {F uh, } most all government entities are just trying to give us a state income tax for those who don't have it that is. /"
sd,A,"I/PRP mean/VBP we/PRP do/VBP n't/RB have/VB one/CD yet/RB ,/,","{E I mean } we don't have one yet, /"
sd,A,but/CC eventually/RB they/PRP may/MD try/VB to/TO push/VB it/PRP through/RB ./.,{C but } eventually they may try to push it through. /
b,B,Oh/UH really/UH ./.,{F Oh } really. /
bf,B,"So/RB they/PRP have/VBP n-/XX ,/,","{C So } they have n-, - /"
sd,B,I/PRP did/VBD n't/RB realize/VB they/PRP had/VBD no/DT state/NN tax/NN in/IN Texas/NNP ./.,I didn't realize they had no state tax in Texas. /
sd,A,"No/DT ,/, no/DT state/NN income/NN tax/NN ./.","[ No, + no ] state income tax. /"
sd,B,"Oh/UH ,/, that/DT 's/BES great/JJ ,/, because/IN they/PRP do/VBP n't/RB have/VB it/PRP in/IN Florida/NNP ./.","{F Oh, } that's great, because they don't have it in Florida. /"
sd,B,In/IN New/NNP York/NNP they/PRP have/VBP it/PRP ./.,In New York they have it. /
b,A,Uh-huh/UH ./.,Uh-huh. /
sd,B,"I/PRP mean/VBP ,/, you/PRP know/VBP ,/, like/IN I/PRP say/VBP ,/, I/PRP 'm/VBP in/IN New/NNP York/NNP","{E I mean, } {D you know, } like I say, I'm in New York /"
sd,B,and/CC we/PRP have/VBP a/DT state/NN tax/NN as/IN well/RB ./.,{C and } we have a state tax as well. /
sd,B,So/RB that/DT just/RB cuts/VBZ even/RB more/RBR ./.,{C So } that just cuts even more. /
aa,A,"Yeah/UH ,/,","Yeah, /"
sv,A,I/PRP think/VBP what/WP needs/VBZ to/TO be/VB done/VBN is/VBZ they/PRP need/VBP to/TO control/VB their/PRP$ spending/NN habits/NNS ./.,I think what needs to be done is they need to control their spending habits. /
aa,B,"Right/UH ,/,","Right, /"
sv,B,"I/PRP ,/, I/PRP think/VBP that/IN I/PRP ,/,","[ I, + I ] think that I, - /"
sd,B,"I/PRP mean/VBP ,/, I/PRP would/MD n't/RB be/VB so/RB upset/JJ about/IN the/DT amount/NN of/IN taxes/NNS paid/VBN if/IN it/PRP were/VBD n't/RB for/IN the/DT fact/NN that/IN they/PRP do/VBP n't/RB ,/, they/PRP do/VBP n't/RB go/VB to/IN any/DT place/NN ./.","{E I mean, } I wouldn't be so upset about the amount of taxes paid if it weren't for the fact that [ they don't, + they don't ] go to any place. /"
sv,B,"You/PRP know/VBP ,/, y-/PRP ,/, you/PRP do/VBP n't/RB see/VB it/PRP going/VBG to/IN any/DT place/NN where/WRB it/PRP belongs/VBZ ./.","{D You know, } [ y-, + you ] don't see it going to any place where it belongs. /"
b,A,Right/UH ./.,Right. /
aa,A,Yeah/UH ./.,Yeah. /
sv,B,"but/CC given/VBN that/IN it/PRP ,/, that/IN it/PRP 's/BES not/RB spent/VBN properly/RB ,/, I/PRP think/VBP it/PRP 's/BES a/DT major/JJ problem/NN ./.","{C but } given [ that it, + that it's ] not spent properly, I think it's a major problem. /"
sv,A,"Well/UH we/PRP 're/VBP really/RB overburdened/JJ from/IN federal/JJ ,/, state/NN and/CC local/JJ ,/,","{D Well } we're really overburdened from federal, state and local,"
b,B,Uh-huh/UH,Uh-huh /
x,B,./.,<<softly>>.
+,A,that/IN it/PRP takes/VBZ such/PDT a/DT size/NN out/IN of/IN your/PRP$ paycheck/NN that/IN there/EX 's/BES not/RB a/DT whole/JJ lot/NN you/PRP can/MD always/RB do/VB with/IN your/PRP$ paycheck/NN ./.,that it takes such a size out of your paycheck that there's not a whole lot you can always do with your paycheck. /
sv,B,Well/UH that/DT 's/BES certainly/RB true/JJ ./.,{D Well } that's certainly true. /
sd,B,"Well/UH what/WP is/VBZ it/PRP they/PRP were/VBD just/RB talking/VBG about/RP ,/, um/UH ,/, sort/RB of/RB middle/JJ income/NN ,/, you/PRP know/VBP ,/, how/WRB ,/, how/WRB ,/, middle/JJ income/NN people/NNS ,/,","{D Well } what is it they were just talking about, {F um, } sort of [ middle income, {D you know, } + [ how, + how, ] middle income ] people, - /"
sv,B,"what/WP winds/VBZ up/RP happening/VBG is/VBZ ,/, for/IN instance/NN having/VBG kids/NNS ,/, you/PRP know/VBP ,/, they/PRP wind/VBP up/RP having/VBG kids/NNS as/IN a/DT deduction/NN","what winds up happening is, for instance having kids, {D you know, } they wind up having kids as a deduction /"
sv,B,"and/CC after/IN ,/, but/CC the/DT deduction/NN is/VBZ so/RB little/JJ for/IN kids/NNS that/IN they/PRP wind/VBP up/RP having/VBG to/TO pay/VB more/JJR in/IN taxes/NNS than/IN it/PRP costs/VBZ to/TO raise/VB a/DT kid/NN for/IN the/DT year/NN or/CC something/NN ./.","[ {C and } after, + ] {C but } the deduction is so little for kids that they wind up having to pay more in taxes than it costs to raise a kid for the year or something. /"
b,A,Uh-huh/UH ./.,Uh-huh. /
%,B,"I/PRP think/VBP tha-/IN ,/,","I think tha-, - /"
sv,B,"so/IN they/PRP want/VBP to/TO ,/, you/PRP know/VBP try/VB an-/XX ,/, I/PRP think/VBP they/PRP 're/VBP trying/VBG ,/,","so they want [ to, {D you know } try an-, + I think they're trying, ] /"
sv,B,"I/PRP think/VBP tha-/IN ,/, I/PRP think/VBP that/IN most/JJS of/IN the/DT politicians/NNS understand/VBP this/DT ./.","[ I think tha-, + I think that ] most of the politicians understand this. /"
sv,B,"They/PRP just/RB do/VBP n't/RB ,/, they/PRP 're/VBP just/RB not/RB very/RB good/JJ at/IN doing/VBG what/WP they/PRP 're/VBP supposed/VBN to/TO be/VB doing/VBG ./.","[ They just don't, + they're just not ] very good at doing what they're supposed to be doing. /"
sv,A,Well/UH they/PRP 're/VBP kind/RB of/RB put/VBN into/IN a/DT trap/NN of/IN being/VBG out/IN there/RB to/TO please/VB the/DT special/JJ interest/NN groups/NNS as/IN well/RB ./.,{D Well } they're kind of put into a trap of being out there to please the special interest groups as well. /
b,B,Right/UH ./.,Right. /
sv,A,"And/CC ,/, uh/UH ,/, I/PRP think/VBP the/DT only/JJ way/NN that/DT can/MD be/VB changed/VBN for/IN us/PRP to/TO get/VB a/DT ,/, a/DT better/JJR tax/NN revenue/NN that/WDT 's/BES fairness/NN and/CC all/DT ,/, is/VBZ for/IN us/PRP to/TO limit/VB their/PRP$ terms/NNS ./.","{C And, } {F uh, } I think the only way that can be changed for us to get [ a, + a ] better tax revenue that's fairness and all, is for us to limit their terms. /"
b,B,Uh-huh/UH ./.,Uh-huh. /
sv,A,"And/CC by/IN doing/VBG so/RB ,/, they/PRP 're/VBP not/RB obligated/JJ to/IN anybody/NN ./.","{C And } by doing so, they're not obligated to anybody. /"
aa,B,"I/PRP agree/VBP ,/,","I agree, /"
aa,B,I/PRP agree/VBP ./.,I agree. /
sd,A,"And/CC ,/, uh/UH ,/, I/PRP do/VBP n't/RB know/VB how/WRB we/PRP 're/VBP going/VBG to/TO do/VB that/DT right/RB away/RB though/RB ,/,","{C And, } {F uh, } I don't know how we're going to do that right away though, /"
sv,A,"but/CC ,/, what/WP ,/, what/WP in/IN general/JJ though/IN that/IN taxes/NNS are/VBP doing/VBG to/IN us/PRP is/VBZ ,/, it/PRP 's/BES just/RB taking/VBG ,/, uh/UH ,/, a/DT bite/NN out/IN of/IN our/PRP$ savings/NNS ./.","{C but, } [ what, + what ] in general though that taxes are doing to us is, it's just taking, {F uh, } a bite out of our savings. /"
aa,B,"Right/UH ,/,","Right, /"
aa,B,"exactly/UH ,/,","exactly, /"
sd,B,"and/CC then/RB ,/, and/CC then/RB ,/, uh/UH ,/, I/PRP 'm/VBP ,/, I/PRP 'm/VBP just/RB not/RB sure/JJ if/IN I/PRP see/VBP ,/, you/PRP know/VBP ,/, if/IN I/PRP see/VBP it/PRP going/VBG ,/, like/IN I/PRP say/VBP to/IN the/DT right/JJ places/NNS ./.","[ {C and then, } + {C and then, } ] {F uh, } [ I'm, + I'm ] just not sure [ if I see, + {D you know, } if I see ] it going, {A like I say } to the right places. /"
sv,B,"I/PRP mean/VBP ,/, it/PRP 'd/MD be/VB ,/, it/PRP 'd/MD be/VB one/CD thing/NN if/IN it/PRP were/VBD taking/VBG a/DT bite/NN out/IN of/IN your/PRP$ savings/NNS and/CC then/RB you/PRP were/VBD getting/VBG it/PRP all/DT back/RB when/WRB you/PRP got/VBD older/JJR ./.","{E I mean, } [ it'd be, + it'd be ] one thing if it were taking a bite out of your savings and then you were getting it all back when you got older. /"
b,A,Yeah/UH ./.,Yeah. /
sd,B,"You/PRP know/VBP ,/, but/CC I/PRP 'm/VBP not/RB convinced/JJ ,/, that/DT 's/BES ,/, a-/XX ,/, tha-/IN ,/, that/IN Social/NNP Security/NNP is/VBZ doing/VBG as/RB well/RB as/IN it/PRP should/MD and/CC ,/, you/PRP know/VBP ,/, and/CC ,/, and/CC ,/, and/CC ,/, uh/UH ,/, and/CC ,/, and/CC that/IN ,/, you/PRP know/VBP ,/, those/DT people/NNS who/WP need/VBP it/PRP for/IN welfare/NN and/CC so/RB forth/RB ,/, who/WP really/RB need/VBP it/PRP for/IN welfare/NN ,/, not/RB the/DT eighty-five/CD to/IN ninety/CD percent/NN of/IN them/PRP who/WP do/VBP n't/RB need/VB it/PRP ./. But/CC I/PRP mean/VBP the/DT real/JJ people/NNS who/WP really/RB need/VBP it/PRP ,/, you/PRP know/VBP ,/, should/MD be/VB getting/VBG it/PRP","{D You know, } {C but } I'm not convinced, [ [ that's, + [ a-, + ] tha-, ] + that ] Social Security is doing as well as it should [ [ [ [ [ [ {C and, } + {D you know, } {C and, } ] + {C and, } ] + {C and, } {F uh, } ] + {C and, } ] + {C and } ] that, {D you know, } those people who need it for welfare and so forth, who really need it for welfare, not the eighty-five to ninety percent of them who don't need it. But {E I mean } the real people who really need it, {D you know, } should be getting it /"
sv,B,but/CC instead/RB I/PRP think/VBP it/PRP 's/BES going/VBG to/IN the/DT wrong/JJ places/NNS ./.,{C but } instead I think it's going to the wrong places. /
sv,A,And/CC I/PRP believe/VBP the/DT Social/NNP Security/NNP tax/NN is/VBZ a/DT great/JJ MUMBLEx/XX scheme/NN ./.,{C And } I believe the Social Security tax is a great (( )) scheme. /
qy,B,You/PRP think/VBP so/RB ?/.,You think so? /
ny,A,"Yeah/UH ,/,","Yeah, /"
%,A,"it/PRP 's/BES ,/, uh/UH ,/, you/PRP know/VBP ,/,","it's, {F uh, } {D you know, } - /"
sv,A,"right/RB now/RB ,/, they/PRP 're/VBP robbing/VBG from/IN it/PRP to/TO pad/VB the/DT federal/JJ deficit/NN ./.","right now, they're robbing from it to pad the federal deficit. /"
aa,B,I/PRP know/VBP,I know /
sd,B,and/CC that/DT scares/VBZ the/DT hell/NN out/IN of/IN me/PRP ./.,{C and } that scares the hell out of me. /
b,A,"Yeah/UH ,/,","Yeah, /"
sd,A,"tha-/DT ,/, that/DT 's/BES illegal/JJ ,/, see/VB ./.","[ tha-, + that's ] illegal, {D see. } /"
sv,A,"If/IN ,/, uh/UH ,/, most/RBS company/NN ,/, uh/UH ,/, C/NN E/NN O/NN -s/NNS were/VBD to/TO do/VB that/DT within/IN their/PRP$ private/JJ company/NN ,/, they/PRP 'd/MD be/VB in/IN jail/NN ./.","If, {F uh, } most company, {F uh, } C E O -s were to do that within their private company, they'd be in jail. /"
b,B,Yeah/UH,Yeah /
x,B,./.,<door>.
qh,A,So/RB how/WRB are/VBP we/PRP letting/VBG them/PRP get/VBP away/RP with/IN it/PRP ./.,<Laughter> {C So } how are we letting them get away with it. /
b,B,"Yeah/UH ,/,","Yeah, /"
sd,B,"I/PRP do/VBP n't/RB ,/, I/PRP do/VBP n't/RB ,/,","[ I don't, + I don't, ] /"
b,A,Right/UH ./.,Right. /
sv,B,"it/PRP 'd/MD be/VB nice/JJ if/IN we/PRP sort/RB of/RB ,/, as/IN one/CD ,/, band/VBP together/RB","it'd be nice if we sort of, as one, band together /"
sv,B,"and/CC ,/, and/CC ,/, uh/UH ,/, and/CC ,/, an/DT performed/VBN a/DT citizens/NNS arrest/NN ,/, I/PRP guess/VBP ./.","[ [ and, + and, ] + {F uh, } and, ] [ an + ] performed a citizens arrest, I guess. /"
b,A,Yeah/UH ./.,Yeah. /
sd,B,To/TO see/VB if/IN we/PRP could/MD sort/RB of/RB clean/VB them/PRP up/RP,To see if we could sort of clean them up /
sd,B,"and/CC you/PRP know/VBP ,/, but/CC I/PRP do/VBP n't/RB know/VB if/IN we/PRP can/MD do/VB that/DT or/CC not/RB ./.","{C and } {D you know, } {C but } I don't know if we can do that or not. /"
sv,A,"A/DT lot/NN of/IN people/NNS have/VBP become/VBN too/RB complacent/JJ and/CC believe/VBP everything/NN is/VBZ just/RB the/DT norm/NN as/IN to/IN the/DT way/NN things/NNS are/VBP going/VBG and/CC feel/VB absolutely/RB helpless/JJ to/TO oppose/VB a/DT lot/NN of/IN the/DT situations/NNS going/VBG on/RP ,/,","A lot of people have become too complacent {C and } believe everything is just the norm as to the way things are going and feel absolutely helpless to oppose a lot of the situations going on,"
b,B,Uh-huh/UH ./.,Uh-huh. /
+,A,in/IN the/DT taxing/NN system/NN ./.,in the taxing system. /
aa,B,"I/PRP agree/VBP ,/,","I agree, /"
aa,B,I/PRP agree/VBP ./.,I agree. /
%,B,"But/CC ,/, um/UH ,/, yeah/UH ,/,","{C But, } {F um, } yeah, /"
sd,B,"like/IN ,/, like/IN you/PRP said/VBD ,/, I/PRP wonder/VBP ,/, you/PRP know/VBP ,/, if/IN ,/, if/IN it/PRP 's/BES certainly/RB not/RB going/VBG to/TO be/VB a/DT slow/JJ change/NN process/NN","[ like, + like ] you said, I wonder, {D you know, } [ if, + if ] it's certainly not going to be a slow change process /"
sd,B,and/CC I/PRP wonder/VBP if/IN it/PRP 'll/MD ever/RB be/VB a/DT change/NN process/NN ./.,{C and } I wonder if it'll ever be a change process. /
b,A,Yeah/UH ./.,Yeah. /
sd,B,"I/PRP sort/RB of/RB ,/, I/PRP sort/RB of/RB get/VBP discouraged/JJ when/WRB I/PRP think/VBP about/IN all/PDT the/DT things/NNS that/WDT I/PRP think/VBP are/VBP wrong/JJ ./.","[ I sort of, + I sort of ] get discouraged when I think about all the things that I think are wrong <breathing> <laughter>. /"
sd,B,"You/PRP know/VBP ,/, all/PDT those/DT things/NNS that/WDT really/RB could/MD be/VB changed/VBN that/WDT are/VBP n't/RB ,/, you/PRP know/VBP ,/, that/IN ,/, that/DT are/VBP n't/RB ./.","{D You know, } all those things that really could be changed [ that aren't, + {D you know, } [ that, + that ] aren't. ] /"
sv,B,And/CC tax/NN is/VBZ one/CD of/IN those/DT things/NNS that/IN just/RB sort/RB of/RB sits/VBZ way/NN up/IN there/RB on/IN the/DT list/NN ./.,{C And } tax is one of those things that just sort of sits way up there on the list. /
b,A,"Yeah/UH ,/,","Yeah, /"
b,A,uh-huh/UH ./.,uh-huh. /
h,B,"So/RB ,/, I/PRP do/VBP n't/RB kno/VB ,/,","{C So, } I don't kno-, - /"
sd,B,"I/PRP ,/, I/PRP ,/, I/PRP have/VBP no/DT idea/NN what/WP to/TO do/VB about/IN it/PRP ./.","[ [ I, + I, ] + I ] have no idea what to do about it. /"
sv,A,"Well/UH there/EX 's/BES no/DT quick/JJ solution/NN ,/, or/CC no/DT sure/GW fire/^JJ easy/JJ answer/NN ./.","{D Well } there's no quick solution, or no sure fire easy answer. /"
sv,A,"It/PRP 's/BES just/RB going/VBG to/TO take/VB ,/, uh/UH ,/, uh/UH ,/, really/UH ,/, uh/UH ,/, uh/UH ,/, uh/UH ,/, a/DT combination/NN effort/NN ,/, I/PRP think/VBP ,/, of/IN the/DT majority/NN of/IN the/DT American/JJ people/NNS to/TO come/VB to/IN a/DT decisive/JJ answer/NN ,/,","It's just going to take, {F uh, } {F uh, } really, {F uh, } {F uh, } {F uh, } a combination effort, {A I think, } of the majority of the American people to come to a decisive answer,"
x,B,,<Door>.
+,A,or/CC vote/VB to/TO limit/VB the/DT way/NN it/PRP 's/BES spent/VBN ./.,or vote to limit the way it's spent. /
b,B,Yeah/UH ./.,Yeah. /
sd,A,"See/VB ,/, we/PRP ,/, we/PRP 're/VBP ,/, we/PRP have/VBP no/DT say/NN so/RB as/IN to/IN where/WRB the/DT money/NN goes/VBZ in/IN the/DT first/JJ place/NN ./.","{D See, } [ [ we, + we're, ] + we ] have no say so as to where the money goes in the first place. /"
aa,B,Right/UH ./.,Right. /
aa,B,"We/PRP do/VBP n't/RB ,/,","We don't, - /"
sd,B,"I/PRP mean/VBP ,/, the/DT only/RB say/VBP so/RB we/PRP have/VBP is/VBZ supposedly/RB by/IN electing/VBG people/NNS who/WP we/PRP think/VBP are/VBP going/VBG to/TO vote/VB one/CD way/NN of/IN another/DT ./.","{E I mean, } the only say so we have is supposedly by electing people who we think are going to vote one way of another. /"
aa,A,Right/UH,Right /
sv,A,"and/CC they/PRP are/VBP controlled/VBN ,/, or/CC pretty/RB much/JJ do/VB what/WP they/PRP want/VBP to/TO do/VB ./.","{C and } they are controlled, or pretty much do what they want to do. /"
aa,B,"Right/UH ,/,","Right, /"
sd,B,"I/PRP 've/VBP never/RB quite/RB understood/VBN that/DT ./. I/PRP 've/VBP never/RB ,/, uh/UH ,/, you/PRP know/VBP ,/, even/RB though/RB ,/, um/UH ,/, I/PRP ,/, I/PRP 've/VBP never/RB been/VBN ,/, uh/UH ,/, sort/RB of/RB politically/RB minded/JJ ,/,","I've never quite understood that. [ I've never, + ] {F uh, } {D you know, } even though, {F um, } [ I, + I've ] never been, {F uh, } sort of politically minded, /"
sd,B,"but/CC it/PRP 's/HVS never/RB been/VBN clear/JJ to/IN me/PRP as/IN to/TO sort/RB of/RB ,/, um/UH ,/, you/PRP know/VBP ,/, how/WRB Congressmen/NNS an/DT ,/, can/MD ,/, can/MD just/RB sort/RB of/RB go/NN ahead/RB and/CC vote/VB their/PRP$ own/JJ conscience/NN as/IN their/PRP$ own/JJ ideas/NNS when/WRB clearly/RB their/PRP$ constituency/NN doe/VBZ ,/, does/VBZ n't/RB back/RB them/PRP up/RP on/IN anything/NN ,/, you/PRP know/VBP ./.","{C but } it's never been clear to me as to sort of, {F um, } {D you know, } how Congressmen [ [ an, + can, ] + can ] just sort of go ahead and vote their own conscience as their own ideas when clearly their constituency [ doe-, + doesn't ] back them up on anything, {D you know. } /"
sv,B,And/CC often/RB times/NNS that/DT will/MD happen/VB ./.,{C And } often times that will happen. /
sv,A,"Well/UH they/PRP feel/VBP invu/JJ ,/, invulnerable/JJ to/IN ,/, uh/UH ,/, any/DT wrath/NN","{D Well } they feel [ invu-, + invulnerable ] to, {F uh, } any wrath /"
sv,A,"or/CC ,/,","{C or, }"
b,B,Right/UH ./.,Right <clicking>. /
+,A,"uh/UH ,/, it/PRP 's/HVS ,/, it/PRP 's/HVS occurred/VBN so/RB many/JJ times/NNS that/IN they/PRP figure/VBP people/NNS will/MD usually/RB forget/VB and/CC do/VB n't/RB think/VB about/IN it/PRP when/WRB the/DT election/NN time/NN arises/VBZ ./.","{F uh, } [ it's, + it's ] occurred so many times that they figure people will usually forget and don't think about it when the election time arises. /"
b,B,Right/UH ./.,Right. /
sv,A,And/CC generally/RB it/PRP does/VBZ work/VB out/RP that/DT way/NN ./.,{C And } generally it does work out that way. /
sv,B,"They/PRP do/VBP forget/VB ,/, it/PRP 's/BES true/JJ ,/, coul/MD ,/, because/IN everybody/NN ,/,","They do forget, {A it's true, } [ coul-, + ] because everybody, - /"
sd,B,"think/VB of/IN what/WP happens/VBZ is/VBZ whenever/WRB the/DT politici-/NN ,/, whenever/WRB th-/DT ,/, the/DT one/CD who/WP made/VBD that/WDT supposed/JJ mistake/NN turns/VBZ around/RP","think of what happens is [ whenever the politici-, + whenever [ th-, + the ] one ] who made that supposed mistake turns around - /"
sd,B,"and/CC ,/, uh/UH ,/, his/PRP$ ,/, his/PRP$ or/CC her/PRP$ opponent/NN can/MD say/VB well/UH look/VB ,/, they/PRP did/VBD this/DT ./.","{C and, } {F uh, } [ his, + his ] or her opponent can say {D well } look, they did this. /"
sd,B,And/CC they/PRP can/MD turn/VB around/RP and/CC say/VB well/UH my/PRP$ opponent/NN did/VBD this/DT ./.,{C And } they can turn around and say {D well } my opponent did this. /
b,A,Uh-huh/UH ./.,Uh-huh. /
sv,B,"So/RB it/PRP becomes/VBZ ,/, uh/UH ,/, a/DT general/JJ battle/NN of/IN the/DT w-/XX ,/, sort/RB of/RB the/DT election/NN of/IN the/DT lesser/JJR of/IN two/CD evils/NNS ,/, I/PRP think/VBP ,/,","{C So } it becomes, {F uh, } a general battle of the [ w-, + ] sort of the election of the lesser of two evils, I think, /"
%,B,so/RB ./.,{C so. } -/
b,A,Yeah/UH ./.,Yeah. /
h,B,"I/PRP do/VBP n't/RB know/VB ,/,","I don't know, /"
sd,B,"I/PRP just/RB ,/, uh/UH ,/, I/PRP 'm/VBP unhappy/JJ with/IN it/PRP","[ I just, + {F uh, } I'm ] unhappy with it /"
%,B,but/CC ./.,{C but. } - /
sd,B,"And/CC well/UH ,/, I/PRP 'm/VBP ,/, I/PRP 'm/VBP sort/RB of/RB semifortunate/JJ right/RB now/RB ,/,","{C And } {D well, } [ I'm, + I'm ] sort of semifortunate right now, /"
sd,B,"I/PRP 'm/VBP a/DT graduate/JJ student/NN ,/,","I'm a graduate student, /"
sd,B,"so/IN I/PRP do/VBP n't/RB make/VB that/RB much/JJ ,/,","{C so } I don't make that much, /"
b,A,Uh-huh/UH ./.,Uh-huh. /
sd,B,and/CC what/WP I/PRP make/VBP is/VBZ n't/RB taxed/VBN very/RB highly/RB because/IN I/PRP 'm/VBP still/RB in/IN school/NN ./.,{C and } what I make isn't taxed very highly because I'm still in school. /
sv,A,Well/UH when/WRB you/PRP get/VBP out/RB into/IN the/DT real/JJ world/NN then/RB you/PRP 'll/MD know/VB ./.,{D Well } when you get out into the real world then you'll know. /
sd,B,"But/CC it/PRP 's/BES ,/, my/PRP$ ,/, my/PRP$ ,/, my/PRP$ wife/NN has/VBZ a/DT real/JJ job/NN","{C But } [ [ [ [ it's, + my, ] + my, ] + my ] wife has a real job /"
sd,B,"and/CC ,/, you/PRP know/VBP ,/, when/WRB I/PRP get/VBP her/PRP$ job/NN ,/, um/UH ,/, you/PRP know/VBP ,/, we/PRP ,/, we/PRP look/VBP at/IN her/PRP$ paycheck/NN ,/, I/PRP 'm/VBP just/RB floored/VBN when/WRB I/PRP see/VBP how/WRB little/JJ of/IN it/PRP we/PRP 're/VBP actually/RB allowed/VBN to/TO keep/VB ./.","{C and, } {D you know, } when I get her job, {F um, } {D you know, } [ we, + we ] look at her paycheck, I'm just floored when I see how little of it we're actually allowed to keep. /"
b,A,Yeah/UH ./.,Yeah. /
sd,B,Especially/RB around/IN bonus/NN time/NN ./.,<Door> Especially around bonus time. /
b^m,A,"Bonus/NN time/NN ,/,","Bonus time, /"
qy,A,you/PRP have/VBP a/DT bonus/NN ?/.,you have a bonus? /
b^m,B,"Bonus/NN ,/,","Bonus, /"
%,B,"she/PRP ,/,","she, - /"
nn,B,"no/UH ,/,","no, /"
sd,B,"my/PRP$ ,/, my/PRP$ wife/NN does/VBZ ./.","[ my, + my ] wife does. /"
b,A,Oh/UH ./.,Oh. /
%,B,"My/PRP$ wi-/NN ,/,","My wi-, - /"
%,B,"I/PRP don-/XX ,/,","I don-, - /"
nn,B,no/DT,no /
sd,B,graduate/JJ students/NNS do/VBP n't/RB get/VB bonuses/NNS ./.,graduate students don't get bonuses. /
b,A,Uh-huh/UH ./.,Uh-huh. /
sd,B,We/PRP 're/VBP lucky/JJ to/TO get/VB paychecks/NNS the/DT way/NN I/PRP figure/VBP ./.,We're lucky to get paychecks the way I figure. /
qy^d,A,"So/RB you/PRP 're/VBP taxed/VBN on/IN the/DT bonuses/NNS too/RB ,/,","{C So } you're taxed on the bonuses too, /"
^g,A,right/UH ./.,right. /
sd,B,"My/PRP$ ,/, my/PRP$ wife/NN is/VBZ taxed/VBN on/IN her/PRP$ bonus/NN as/IN well/RB ,/,","[ My, + my ] wife is taxed on her bonus as well, /"
sd,B,"and/CC that/DT 's/BES a/DT ,/, that/DT 's/BES usually/RB a/DT big/JJ chunk/NN of/IN her/PRP$ bonus/NN check/NN actually/RB ./.","{C and } [ that's a, + that's usually a ] big chunk of her bonus check {D actually. } /"
b,A,Uh-huh/UH ./.,Uh-huh. /
sd,B,"I/PRP mean/VBP her/PRP$ bonus/NN is/VBZ n't/RB that/RB much/JJ ,/,","{E I mean } her bonus isn't that much, /"
sd,B,"but/CC they/PRP tax/VBP it/PRP as/IN ,/,","{C but } they tax it as, - /"
sd,B,"I/PRP ,/, I/PRP guess/VBP they/PRP tax/VBP it/PRP as/IN if/IN that/DT were/VBD her/PRP$ weekly/JJ check/NN or/CC something/NN ./.","[ I, + I ] guess they tax it as if that were her weekly check or something. /"
b,A,Uh-huh/UH ./.,Uh-huh. /
sd,B,So/RB she/PRP gets/VBZ destroyed/VBN on/IN her/PRP$ bonus/NN check/NN ./.,{C So } she gets destroyed on her bonus check. /
b,A,Uh-huh/UH ./.,Uh-huh. /
sd,B,"So/RB ,/, she/PRP works/VBZ with/IN in/IN ,/, in/IN ,/, in/IN sales/NNS ./.","{C So, } she works [ with + ] [ [ [ in, + in, ] + in ] sales. /"
sd,B,"So/RB a/DT good/JJ portion/NN of/IN her/PRP$ ,/, you/PRP know/VBP ,/, her/PRP$ salary/NN is/VBZ ,/, is/VBZ quarterly/JJ bonuses/NNS ./.","{C So } a good portion of [ her, + {D you know, } her ] salary [ is, + is ] quarterly bonuses. /"
sv,A,"Uh/UH ,/, sales/NN is/VBZ lucrative/JJ","{F Uh, } sales is lucrative /"
sv,A,but/CC then/RB you/PRP 're/VBP paying/VBG really/RB high/JJ taxes/NNS when/WRB you/PRP 're/VBP doing/VBG a/DT lucrative/JJ job/NN ./.,{C but } then you're paying really high taxes when you're doing a lucrative job. /
aa,B,"Yes/UH ,/,","Yes, /"
aa,B,"well/UH ,/, yeah/UH ,/,","{D well, } yeah, /"
sd,B,"she/PRP 's/BES not/RB entirely/RB sales/NNS ,/, so/IN it/PRP is/VBZ n't/RB ,/, it/PRP is/VBZ n't/RB as/RB lucrative/JJ as/IN one/PRP would/MD hope/VB ,/,","she's not entirely sales, so [ it isn't, + it isn't ] as lucrative as one would hope, /"
sd,B,"but/CC ,/, it/PRP ,/, it/PRP keeps/VBZ us/PRP supported/VBN temporarily/RB ,/,","{C but, } [ it, + it ] keeps us supported temporarily,"
b,A,Uh-huh/UH ./.,Uh-huh. /
+,B,until/IN I/PRP can/MD get/VB a/DT real/JJ salary/NN and/CC then/RB get/VB taxed/VBN more/JJR ./.,until I can get a real salary and then get taxed more. /
h,B,"So/RB ,/, I/PRP do/VBP n't/RB know/VB ,/,","{C So, } I don't know, /"
sd,B,"I/PRP d/VBP ,/, I/PRP guess/VBP ,/, I/PRP guess/VBP at/IN this/DT point/NN in/IN time/NN we/PRP 're/VBP just/RB sort/RB of/RB going/VBG to/TO have/VB to/TO live/VB with/IN it/PRP ,/, and/CC hope/VB that/IN it/PRP gets/VBZ better/JJR ./.","[ [ I d-, + I guess, ] + I guess ] at this point in time we're just sort of going to have to live with it, <breathing> and hope that it gets better <door>. /"
b,A,Yeah/UH ./.,Yeah. /
sd,A,"Well/UH ,/, I/PRP have/VBP ,/, I/PRP guess/VBP about/RB said/VBN what/WP a-/DT ,/, all/DT I/PRP can/MD think/VB of/IN to/TO say/VB ./.","{D Well, } I have, [ I guess + ] about said [ what + ] [ a-, + all ] I can think of to say. /"
aa,B,"Same/JJ here/RB ,/,","Same here, /"
sv,B,tough/JJ topic/NN,tough topic /
%,B,so/RB ./.,{C so. } -/
b,A,"Yeah/UH ,/,","Yeah, /"
sv,A,"it/PRP 's/BES re-/XX ,/, a/DT rather/RB touchy/JJ topic/NN at/IN that/DT ,/,","it's [ re-, + ] a rather touchy topic at that, /"
%,A,but/CC ./.,{C but } <laughter>. -/
%,B,"I/PRP beli/VBP ,/,","I beli-, - /"
aa,B,"I/PRP ,/, I/PRP ,/, I/PRP do/VBP agree/VB with/IN you/PRP ,/, most/RBS ,/, most/RBS wholeheartedly/RB ./.","[ [ I, + I, ] + I ] do agree with you, [ most, + most ] wholeheartedly. /"
ba,A,Well/UH that/DT 's/BES great/JJ ./.,{D Well } that's great. /
fc,B,It/PRP 's/HVS been/VBN a/DT pleasure/NN talking/VBG with/IN you/PRP ./.,It's been a pleasure talking with you. /
fc,A,"You/PRP too/RB ,/,","You too, /"
%,A,"and/CC ,/, uh/UH ,/,","{C and, } {F uh, } -/"
ft,B,Thanks/UH for/IN call/NN ./.,Thanks for call. /
fc,A,have/VB a/DT good/JJ day/NN ./.,have a good day. /
fc,B,You/PRP too/RB ./.,You too. /
fc,B,Bye-bye/UH ./.,Bye-bye. /
