act_tag,speaker,pos,text
br,A,Huh/UH ?/.,Huh? /
b,A,Okay/UH ./.,Okay. /
h,B,I/PRP do/VBP n't/RB know/VB how/WRB much/JJ I/PRP know/VBP about/IN this/DT subject/NN ./.,I don't know how much I know about this subject <laughter>. /
h,A,"Well/UH ,/, I/PRP do/VBP n't/RB know/VB if/IN I/PRP know/VBP anything/NN or/CC not/RB ,/,","{D Well, } I don't know if I know anything or not, /"
b,B,Yeah/UH ./.,Yeah. /
sd,A,"but/CC I/PRP 've/VBP ,/, I/PRP 've/VBP got/VBN some/DT opinions/NNS on/IN it/PRP ./.","{C but } [ I've, + I've ] got some opinions on it. /"
b,B,Okay/UH ./.,Okay. /
ad,B,Go/VB ahead/RB ./.,Go ahead. /
sv,A,"See/UH those/DT type/NN of/IN people/NNS that/WDT ,/, that/WDT have/VBP the/DT most/JJS opinions/NNS ,/, ones/NNS that/WDT do/VBP n't/RB know/VB anything/NN ./.","{D See } those type of people [ that, + that ] have the most opinions, ones that don't know anything <laughter>. /"
b,B,Yeah/UH ./.,Yeah <laughter>. /
sd,A,"Well/UH ,/, uh/UH ,/, I/PRP 've/VBP had/VBN teenagers/NNS","{D Well, } {F uh, } I've had teenagers /"
sd,A,"and/CC I/PRP now/RB have/VBP grandchildren/NNS that/WDT are/VBP teenagers/NNS ,/,","{C and } I now have grandchildren that are teenagers, /"
sd,A,and/CC I/PRP do/VBP n't/RB know/VB that/IN it/PRP might/MD do/VB them/PRP a/DT little/JJ bit/NN of/IN good/NN to/TO see/VB the/DT world/NN from/IN a/DT different/JJ perspective/NN ./.,{C and } I don't know that it might do them a little bit of good to see the world from a different perspective. /
sv,A,"Uh/UH ,/, I/PRP think/VBP this/DT ``/`` me/PRP ''/'' generation/NN has/VBZ gone/VBN far/RB too/RB far/RB ./.","{F Uh, } I think this ""me"" generation has gone far too far. /"
sv,A,And/CC the/DT young/JJ people/NNS are/VBP overly/RB impressed/JJ ./.,{C And } the young people are overly impressed. /
sv,A,"And/CC I/PRP think/VBP it/PRP would/MD n't/RB hurt/VB them/PRP to/TO step/VB back/RB from/IN themselves/PRP just/RB slightly/RB and/CC see/VB things/NNS from/IN a/DT m-/RBR ,/, far/RB more/RBR disadvantaged/JJ viewpoint/NN ./.","{C And } I think it wouldn't hurt them to step back from themselves just slightly and see things from a [ m-, + far more ] disadvantaged viewpoint. /"
ba,B,That/DT 's/BES true/JJ ./.,That's true. /
sd,A,"Uh/UH ,/, I/PRP personally/RB know/VBP nothing/NN about/IN the/DT Peace/NNP Corps/NNP though/RB ./.","{F Uh, } I personally know nothing about the Peace Corps though. /"
sd,B,"Um/UH ,/, me/PRP either/RB ./.","{F Um, } me either. /"
sd,B,"I/PRP ,/, I/PRP went/VBD to/IN college/NN and/CC then/RB started/VBD working/VBG and/CC then/RB got/VBD married/VBN","[ I, + I ] went to college and then started working and then got married /"
%,B,"and/CC ,/,","{C and, } -/"
%,A,"But/CC they/PRP have/VBP ,/,","{C But } they have, - /"
sd,A,"I/PRP read/VBD somewhere/RB ,/,","I read somewhere, - /"
sd,A,"and/CC I/PRP 'm/VBP ,/, I/PRP 'm/VBP out/IN on/IN a/DT limb/NN here/RB ,/, some/DT type/NN of/IN college/NN ,/, uh/UH ,/, volunteer/NN work/NN for/IN teachers/NNS ,/, that/WDT they/PRP are/VBP straight/RB out/IN of/IN college/NN","{C and } [ I'm, + I'm ] out on a limb here, some type of college, {F uh, } volunteer work for teachers, that they are straight out of college /"
sd,A,"and/CC they/PRP do/VBP one/CD year/NN of/IN volunteer/JJ work/NN teaching/VBG in/IN the/DT ,/, uh/UH ,/, lower/JJR income/NN brackets/NNS of/IN the/DT United/NNP States/NNPS ./.","{C and } they do one year of volunteer work teaching in the, {F uh, } lower income brackets of the United States. /"
qy,A,Have/VBP you/PRP ever/RB heard/VBN about/IN that/DT one/CD ?/.,Have you ever heard about that one? /
nn,B,"No/UH ,/,","No, /"
sd,B,"I/PRP have/VBP n't/RB ,/,","I haven't, /"
sd,B,"I/PRP know/VBP that/IN ,/, uh/UH ,/, my/PRP$ sister/NN ,/,","I know that, {F uh, } my sister, - /"
sd,B,I/PRP have/VBP a/DT twin/JJ sister/NN,I have a twin sister /
sd,B,"and/CC when/WRB they/PRP graduated/VBD she/PRP went/VBD to/TO ,/, uh/UH ,/, teach/VB in/IN a/DT small/JJ town/NN down/IN in/IN south/JJ Texas/NNP","{C and } when they graduated she went to, {F uh, } teach in a small town down in south Texas /"
sd,B,"and/CC I/PRP know/VBP ,/, that/IN like/UH if/IN you/PRP have/VBP college/NN notes/NNS ,/, if/IN you/PRP teach/VBP in/IN a/DT lower/JJR income/NN bracket/NN where/WRB they/PRP do/VBP n't/RB pay/VB as/RB much/JJ and/CC they/PRP cancel/VBP part/NN of/IN your/PRP$ ,/, you/PRP know/VBP ,/, your/PRP$ college/NN note/NN or/CC whatever/WDT ./.","{C and } I know, that {D like } if you have college notes, if you teach in a lower income bracket where they don't pay as much and they cancel part of your, {D you know, } your college note or whatever. -/"
bh,A,"Oh/UH ,/, really/UH ?/.","{F Oh, } really? /"
ny,B,Uh-huh/UH ./.,Uh-huh. /
sd,B,"If/IN it/PRP 's/BES like/IN ,/, you/PRP know/VBP ,/, really/UH a/DT ,/, you/PRP know/VBP ,/, a/DT lower/JJR paying/JJ job/NN ,/, you/PRP know/VBP ,/, where/WRB in/IN a/DT small/JJ town/NN you/PRP do/VBP n't/RB obviously/RB you/PRP do/VBP n't/RB need/VB as/IN much/JJ as/RB far/RB as/IN to/TO ,/, you/PRP know/VBP ,/, to/TO live/VB ./.","If it's {D like, } {D you know, } really [ a, + {D you know, } a ] lower paying job, {D you know, } where in a small town you don't obviously you don't need as much as far as [ to, + {D you know, } to ] live. -/"
qy^d,A,And/CC this/DT is/VBZ money/NN that/WDT she/PRP 's/HVS borrowed/VBN to/TO form/VB her/PRP$ college/NN education/NN ?/.,{C And } this is money that she's borrowed to form her college education? /
ny,B,"Yeah/UH ,/,","Yeah, /"
sd,B,she/PRP only/RB taught/VBD there/RB one/CD year/NN,she only taught there one year /
%,B,"but/CC I/PRP ,/,","{C but } I, -/"
qy^d,A,But/CC she/PRP got/VBD credits/NNS for/IN it/PRP ?/.,{C But } she got credits for it? /
ny,B,Uh-huh/UH ./.,Uh-huh. /
ba,A,That/DT 's/BES very/RB interesting/JJ ./.,That's very interesting. /
%,B,"And/CC ,/, um/UH ,/, I/PRP think/VBP it/PRP would/MD be/VB ,/,","{C And, } {F um, } I think it would be, - /"
sd,B,"I/PRP know/VBP that/IN also/RB one/CD of/IN my/PRP$ cousins/NNS who/WP ,/, uh/UH ,/, he/PRP is/VBZ in/IN like/UH the/DT therapy/NN type/NN thing/NN","I know that also one of my cousins who, {F uh, } he is in {D like } the therapy type (( thing )) /"
%,B,"and/CC he/PRP was/VBD ,/, um/UH ,/,","{C and } he was, {F um, } - /"
sd,B,some/DT group/NN paid/VBD part/NN of/IN his/PRP$ college/NN income/NN,some group paid part of his college income /
sd,B,"but/CC then/RB he/PRP was/VBD required/VBN to/TO go/VB back/RB and/CC work/VB for/IN a/DT certain/JJ number/NN of/IN years/NNS in/IN this/DT town/NN at/IN ,/, uh/UH ,/, uh/UH ,/,","{C but then } he was required to go back and work for a certain number of years in this town at, {F uh, } {F uh, } - /"
sd,B,"I/PRP mean/VBP ,/, it/PRP 's/BES a/DT nursing/NN home/NN or/CC something/NN like/IN that/DT ./.","{E I mean, } it's a nursing home or something like that. /"
b,A,Huh/UH ./.,Huh. /
%,B,"So/RB ,/, you/PRP know/VBP ,/, if/IN ,/,","{C So, } {D you know, } if, - /"
sv,B,"I/PRP think/VBP that/DT 's/BES a/DT good/JJ way/NN for/IN people/NNS to/TO ,/, you/PRP know/VBP ,/, maybe/RB get/VB people/NNS to/TO come/VB back/RB to/IN these/DT small/JJ towns/NNS to/TO work/VB by/IN helping/VBG people/NNS that/WDT normally/RB might/MD not/RB be/VB able/JJ to/TO go/VB to/IN college/NN and/CC get/VB the/DT type/NN of/IN degree/NN they/PRP want/VBP ./.","I think that's a good way [ for people to, + {D you know, } maybe get people to ] come back to these small towns to work by helping people that normally might not be able to go to college and get the type of degree they want. /"
aa,A,"Yeah/UH ,/,","Yeah, /"
sv,A,"I/PRP think/VBP that/DT is/VBZ an/DT excellent/JJ program/NN ,/,","I think that is an excellent program, /"
sv,A,I/PRP really/RB do/VBP ./.,I really do. /
sd,A,I/PRP like/VBP that/DT ./.,I like that. /
sv,A,"And/CC it/PRP 's/BES ,/, it/PRP 's/BES beneficial/JJ to/IN the/DT small/JJ towns/NNS too/RB because/IN ,/,","{C And } [ it's, + it's ] beneficial to the small towns too because,"
b,B,Yeah/UH ./.,Yeah. /
+,A,"they/PRP really/RB ,/, really/RB have/VBP ,/, have/VBP a/DT disadvantage/NN that/WDT we/PRP would/MD n't/RB understand/VB because/IN we/PRP 're/VBP in/IN the/DT Metroplex/NNP ./.","they [ really, + really ] [ have, + have ] a disadvantage that we wouldn't understand because we're in the Metroplex. /"
^2,B,"As/RB far/RB as/IN ge/VBG ,/, yeah/UH ,/, getting/VBG doctors/NNS and/CC all/PDT that/DT stuff/NN ,/, yeah/UH ./.","As far as [ ge-, + {D yeah, } getting ] doctors and all that stuff, yeah. /"
aa,A,"Right/UH ,/,","Right, /"
sd,A,"you/PRP know/VBP ,/, if/IN ,/, if/IN we/PRP had/VBD some/DT really/RB major/JJ health/NN problem/NN that/WDT required/VBD a/DT specialist/NN ,/, we/PRP could/MD find/VB one/CD it/PRP would/MD n't/RB be/VB convenient/JJ ,/,","{D you know, } [ if, + if ] we had some really major health problem that required a specialist, we could find one it wouldn't be convenient, /"
b,B,Yeah/UH ./.,Yeah. /
sd,A,but/CC we/PRP could/MD find/VB one/CD ./.,{C but } we could find one. /
b,B,Uh-huh/UH ./.,Uh-huh. /
sd,A,We/PRP would/MD n't/RB have/VB to/TO drive/VB and/CC spend/VB the/DT night/NN someplace/RB or/CC something/NN like/IN that/DT ./.,We wouldn't have to drive and spend the night someplace or something like that. /
b,B,Yeah/UH ./.,Yeah. /
sd,A,"So/RB ,/, I/PRP ,/, I/PRP can/MD see/VB the/DT advantage/NN to/IN that/DT one/CD ./.","{C So, } [ I, + I ] can see the advantage to that one. /"
qy,A,"The/DT Peace/NNP Corps/NNP itself/PRP is/VBZ really/RB a/DT ,/, uh/UH ,/, dying/VBG out/RP ,/, is/VBZ n't/RB it/PRP ?/.","The Peace Corps itself is really [ a, + ] {F uh, } dying out, isn't it? /"
sd,B,"I/PRP really/RB do/VBP n't/RB know/VB that/RB much/JJ about/IN it/PRP ,/,","I really don't know that much about it, /"
sd,B,"you/PRP know/VBP ,/, I/PRP ,/, I/PRP ,/, I/PRP think/VBP of/IN the/DT Peace/NNP Corps/NNP ,/, you/PRP know/VBP ,/, more/RBR like/IN the/DT sixties/NNS and/CC that/DT kind/NN of/IN stuff/NN when/WRB ,/,","{D you know, } [ [ I, + I, ] + I ] think of the Peace Corps, {D you know, } more like the sixties and that kind of stuff when, -/"
sd,A,It/PRP 's/BES still/RB in/IN existence/NN ./.,It's still in existence. /
b,B,Yeah/UH ./.,Yeah. /
qy,B,And/CC do/VBP n't/RB they/PRP go/VB into/IN other/JJ countries/NNS and/CC stuff/NN ?/.,{C And } don't they go into other countries and stuff? /
na,A,"I/PRP want/VBP to/TO believe/VB they/PRP go/VBP into/IN other/JJ countries/NNS and/CC teach/VBP them/PRP how/WRB to/TO do/VB things/NNS like/IN farm/VB ,/,","I want to believe they go into other countries and teach them how to do things like farm,"
b,B,Uh-huh/UH ./.,Uh-huh. /
+,A,"uh/UH ,/, dig/VB their/PRP$ own/JJ wells/NNS ,/, set/VB up/RP ,/,","{F uh, } dig their own wells, set up,"
%,B,"Things/NNS that/WDT make/VBP the/DT ,/,","Things that make the, - /"
b,B,yeah/UH ./.,yeah. /
+,A,their/PRP$ schools/NNS ./.,their schools. /
qy^d,B,Make/VB them/PRP more/RBR self-supporting/JJ ?/.,Make them more self-supporting? /
ny,A,Yes/UH ./.,Yes. /
%,A,"They/PRP ,/,","They, -/"
b,B,Yeah/UH ./.,Yeah. /
sv,A,"It/PRP 's/BES not/RB a/DT program/NN to/TO teach/VB them/PRP to/TO use/VB the/DT American/JJ money/NN ,/, it/PRP 's/BES a/DT program/NN to/TO teach/VB them/PRP to/TO be/VB more/RBR self-reliant/JJ ./.","It's not a program to teach them to use the American money, it's a program to teach them to be more self-reliant. /"
b,B,Right/UH ./.,Right. /
b,B,Yeah/UH ./.,Yeah. /
"fo_o_fw_""_by_bc",A,"And/CC ,/, yes/UH ,/,","{C And, } yes, /"
sv,A,"you/PRP 're/VBP right/JJ ,/,","you're right, /"
sd,A,I/PRP think/VBP it/PRP 's/BES a/DT sixties/NNS program/NN ./.,I think it's a sixties program. /
sd,A,"I/PRP think/VBP it/PRP was/VBD one/CD of/IN Kennedy/NNP 's/POS hot/JJ points/NNS that/WDT he/PRP ,/,","I think it was one of Kennedy's hot points that he, - /"
sd,A,that/DT was/VBD his/PRP$ big/JJ deal/NN ./.,that was his big deal. /
sv,B,But/CC it/PRP definitely/RB would/MD give/VB a/DT lot/NN of/IN the/DT kids/NNS now/RB that/WDT have/VBP everything/NN given/VBN to/IN them/PRP that/WDT they/PRP want/VBP to/TO see/VB what/WP it/PRP 's/BES like/IN if/IN you/PRP do/VBP n't/RB have/VB all/PDT the/DT money/NN and/CC ca/MD n't/RB have/VB what/WP you/PRP want/VBP when/WRB you/PRP want/VBP it/PRP ./.,{C But } it definitely would give a lot of the kids now that have everything given to them that they want to see what it's like if you don't have all the money and can't have what you want when you want it. -/
b,A,Right/UH ./.,Right. /
b,A,Right/UH ./.,Right. /
sd,A,"Um/UH ,/, ,/, I/PRP think/VBP I/PRP ,/, I/PRP 've/VBP singled/VBN out/RP my/PRP$ grandchildren/NNS","{F Um, } <<pause>>, I think [ I, + I've ] singled out my grandchildren /"
sd,A,"and/CC but/CC actually/UH they/PRP 're/VBP ,/, they/PRP 're/VBP pretty/RB good/JJ ,/,","[ {C and } + {C but } ] {D actually } [ they're, + they're ] pretty good,"
b,B,Uh-huh/UH ./.,Uh-huh. /
+,A,"along/IN those/DT lines/NNS as/IN compared/VBN to/IN what/WP I/PRP have/VBP seen/VBN from/IN other/JJ people/NNS 's/POS children/NNS and/CC grandchildren/NNS ,/, mine/PRP are/VBP n't/RB really/RB that/RB bad/JJ ,/,","along those lines as compared to what I have seen from other people's children and grandchildren, mine aren't really that bad, /"
sd,A,but/CC at/IN the/DT same/JJ time/NN I/PRP think/VBP it/PRP would/MD do/VB them/PRP a/DT world/NN of/IN good/NN ./.,{C but } at the same time I think it would do them a world of good. /
b,B,Yeah/UH ./.,Yeah. /
%,A,"But/CC there/EX 's/BES a/DT ,/,","{C But } there's a, -/"
sd,B,"I/PRP do/VBP n't/RB ,/, I/PRP do/VBP n't/RB know/VB that/IN you/PRP could/MD require/VB everyone/NN to/TO ,/,","[ I don't, + I don't ] know that you could require everyone [ to,"
^2,A,"Mandatory/JJ just/RB like/IN ,/,","Mandatory just [ like, +"
+,B,"do/VB that/DT for/IN ,/, yeah/UH ,/,","do that for, + {D yeah, }"
+,A,like/IN the/DT draft/NN ./.,like ] the draft. /
+,B,"to/TO do/VB it/PRP for/IN a/DT whole/JJ year/NN ,/,","to do it for ] a whole year,"
aa,A,No/UH ./.,No. /
+,B,"or/CC two/CD years/NNS or/CC something/NN like/IN that/DT ,/,","or two years or something like that, /"
sd,B,"I/PRP do/VBP n't/RB know/VB that/IN that/DT would/MD work/VB if/IN ,/,","I don't know that that would work if,"
^2,A,"Every/DT time/NN you/PRP ,/,","Every time you, -/"
+,B,"somebody/NN 's/BES ,/, was/VBD ,/, did/VBD n't/RB really/RB want/VB to/TO be/VB there/RB and/CC did/VBD n't/RB have/VB ,/,","somebody's, [ was, + ] didn't really want to be there and didn't have, -/"
sv,A,They/PRP could/MD buy/VB their/PRP$ way/NN out/RP ./.,They could buy their way out. /
aa,B,"Yeah/UH ,/,","Yeah, /"
sv,B,"I/PRP mean/VBP ,/, there/EX would/MD be/VB loopholes/NNS just/RB like/IN there/EX is/VBZ in/IN anything/NN else/RB ./.","{E I mean, } there would be loopholes just like there is in anything else <laughter>. /"
b,A,"Right/UH ,/,","Right, /"
sv,A,"you/PRP know/VBP ,/, they/PRP ,/, they/PRP 'd/MD figure/VB a/DT way/NN around/IN that/DT one/CD in/IN a/DT heartbeat/NN ./.","{D you know, } [ they, + they'd ] figure a way around that one in a heartbeat. /"
sd,A,"But/CC ,/, ,/, I/PRP 'm/VBP wondering/VBG if/IN there/EX 's/BES another/DT issue/NN here/RB ,/,","{C But, } <<pause>>, I'm wondering if there's another issue here, /"
sv,A,and/CC maybe/RB this/DT is/VBZ why/WRB this/DT has/VBZ died/VBN out/RP ./.,{C and } maybe this is why this has died out. /
%,A,"Can/MD you/PRP go/VB into/IN ,/,","Can you go into, - /"
sd,A,and/CC this/DT was/VBD n't/RB the/DT question/NN,{C and } this wasn't the question /
sv,A,"but/CC it/PRP 's/BES ,/, it/PRP may/MD be/VB the/DT more/JJR of/IN the/DT issue/NN versus/IN should/MD young/JJ adults/NNS ,/,","{C but } [ it's, + it ] may be the more of the issue versus should young adults, - /"
qy,A,"can/MD they/PRP go/VB in/IN there/RB and/CC can/MD anyone/NN go/VB into/IN ,/, well/UH ,/, out/IN of/IN","can they go in there and can anyone go [ into, + {D well, } out of ] - /"
sd,A,"the/DT Kurdish/JJ community/NN is/VBZ a/DT little/JJ bit/NN extreme/JJ at/IN this/DT time/NN ,/,","the (( Kurdish )) community is a little bit extreme at this time, /"
sv,A,"but/CC say/UH ,/, I/PRP think/VBP Bangladesh/NNP would/MD have/VB been/VBN a/DT good/JJ example/NN or/CC some/DT ,/, some/DT really/RB desperate/JJ situation/NN","{C but } {D say, } I think Bangladesh would have been a good example or [ some, + some ] really desperate situation /"
qy,A,and/CC teach/VB them/PRP to/TO farm/VB and/CC teach/VB them/PRP,{C and } teach them to farm {C and } teach them - /
sv,A,and/CC it/PRP does/VBZ n't/RB do/VB any/DT good/JJ ./.,{C and } it doesn't do any good. /
b,B,Yeah/UH ./.,Yeah. /
sd,A,I/PRP do/VBP n't/RB know/VB that/IN it/PRP does/VBZ ./.,I don't know that it does. /
sd,A,"I/PRP ,/, I/PRP ,/,","[ I, + I, ]"
b,B,Yeah/UH ./.,Yeah. /
+,A,"do/VBP n't/RB know/VB that/IN ,/, um/UH ,/, if/IN you/PRP step/VBP back/RB from/IN the/DT current/JJ issue/NN and/CC look/VBP at/IN it/PRP more/RBR intellectually/RB ,/, there/EX are/VBP forever/RB over/IN ,/, as/RB long/RB as/IN we/PRP know/VBP there/EX are/VBP races/NNS of/IN people/NNS that/WDT are/VBP dropping/VBG out/RP ./.","don't know that, {F um, } if you step back from the current issue and look at it more intellectually, there are forever over, as long as we know there are races of people that are dropping out. /"
sv,A,"You/PRP know/VBP ,/, we/PRP 're/VBP losing/VBG certain/JJ ,/,","{D You know, } we're losing certain,"
b,B,Uh-huh/UH ./.,Uh-huh. /
+,A,races/NNS of/IN people/NNS ./.,races of people. /
sv,A,"There/EX are/VBP people/NNS now/RB that/WDT are/VBP obsolete/JJ point/NN and/CC fact/NN just/RB ,/, just/RB like/IN endangered/JJ species/NNS of/IN animals/NNS ,/, so/RB there/EX are/VBP quote/VB tribes/NNS of/IN people/NNS ,/,","There are people now that are obsolete point and fact [ just, + just ] like endangered species of animals, so there are (( quote )) tribes of people,"
b,B,Uh-huh/UH ./.,Uh-huh. /
+,A,that/WDT are/VBP endangered/JJ or/CC obsolete/JJ ./.,that are endangered or obsolete. /
sv,A,And/CC I/PRP 'm/VBP just/RB wondering/VBG if/IN you/PRP 're/VBP fighting/VBG a/DT natural/JJ process/NN there/RB of/IN being/VBG winnowed/VBN out/RP ./.,{C And } I'm just wondering if you're fighting a natural process there of being (( winnowed )) out. /
sd,A,"There/EX 's/BES a/DT German/JJ word/NN for/IN it/PRP that/WDT 's/BES elegant/JJ ,/,","There's a German word for it that's elegant, /"
sd,A,"but/CC I/PRP never/RB can/MD remember/VB what/WP it/PRP was/VBD ,/,","{C but } I never can remember what it was, /"
sd,A,"uh/UH ,/, but/CC ,/, but/CC that/IN they/PRP 're/VBP ,/, they/PRP 're/VBP being/VBG winnowed/VBN because/IN they/PRP 're/VBP ,/, where/WRB they/PRP are/VBP they/PRP 're/VBP not/RB adapted/VBN to/IN their/PRP$ environment/NN essentially/RB ./.","{F uh, } [ {C but, } + {C but } ] [ that they're, + they're ] being (( winnowed )) because [ they're, + ] where they are they're not adapted to their environment essentially. /"
b,B,"Right/UH ,/,","Right, /"
b,B,yeah/UH ./.,yeah. /
sd,A,"Um/UH ,/, and/CC one/CD of/IN the/DT quick/JJ examples/NNS is/VBZ the/DT Aborigines/NNPS ./.","{F Um, } {C and } one of the quick examples is the Aborigines. /"
b,B,"Yeah/UH ,/,","Yeah, /"
b,B,uh-huh/UH ./.,uh-huh. /
sd,A,"Uh/UH ,/, when/WRB we/PRP were/VBD in/IN Australia/NNP ,/, ,/, uh/UH ,/,","{F Uh, } when we were in Australia, <<pause>>, {F uh, } - /"
sd,A,"sad/JJ little/JJ things/NNS ./. Uh/UH ,/, I/PRP felt/VBD sorry/JJ for/IN them/PRP ./. Because/IN their/PRP$ society/NN is/VBZ n't/RB there/RB anymore/RB ,/,","sad little things. {F Uh, } I felt sorry for them. Because their society isn't there anymore, /"
sd,A,"and/CC their/PRP$ belief/NN system/NN and/CC a-/DT ,/, all/DT their/PRP$ structured/VBN of/IN theirs/PRP ,/, all/PDT the/DT structures/NNS of/IN their/PRP$ society/NN are/VBP gone/JJ ,/, essentially/RB ./.","{C and } their (( belief )) system and [ [ a-, + all ] their structured of theirs, + all the structures of their ] society are gone, essentially. /"
b,B,Yeah/UH ./.,Yeah. /
sd,A,And/CC they/PRP 're/VBP just/RB kind/RB of/RB more/JJR like/IN a/DT side/NN show/NN than/IN anything/NN else/RB,{C And } they're just kind of more like a side show than anything else /
sv,A,and/CC that/DT 's/BES sad/JJ ./.,{C and } that's sad. /
b,B,Yeah/UH ./.,Yeah. /
sv,A,"But/CC I/PRP do/VBP n't/RB think/VB there/EX 's/BES any/DT way/NN you/PRP could/MD go/VB ,/, uh/UH ,/, the/DT Peace/NNP Corps/NNP could/MD go/VB in/RB and/CC rescue/VB those/DT people/NNS ,/,","{C But } I don't think there's any way [ you could go, + {F uh, } the Peace Corps could go ] in and rescue those people, /"
sv,A,and/CC I/PRP do/VBP n't/RB think/VB you/PRP could/MD have/VB done/VBN it/PRP fifty/CD or/CC a/DT hundred/CD years/NNS ago/RB either/RB ./.,{C and } I don't think you could have done it fifty or a hundred years ago either. /
b,B,Yeah/UH ./.,Yeah. /
sv,A,"So/RB ,/, I/PRP ,/, I/PRP 'm/VBP wondering/VBG if/IN the/DT Peace/NNP Corps/NNP is/VBZ ,/,","{C So, } [ I, + I'm ] wondering if the Peace Corps is,"
%,B,"Well/UH ,/,","{D Well, } -/"
+,A,really/RB an/DT effective/JJ tool/NN ./.,really an effective tool. /
sd,B,"Down/IN here/RB with/IN the/DT Peace/NNP Corps/NNP we/PRP 're/VBP talking/VBG about/IN all/PDT these/DT people/NNS that/WDT are/VBP n't/RB even/RB in/IN our/PRP$ own/JJ country/NN when/WRB there/EX 's/BES enough/JJ people/NNS here/RB that/WDT I/PRP think/VBP probably/RB need/MD help/NN and/CC ,/,","Down here with the Peace Corps we're talking about all these people that aren't even in our own country when there's enough people here that I think probably need help and,"
ba,A,Good/JJ point/NN ./.,Good point. /
+,B,could/MD be/VB helped/VBN ./.,could be helped. /
sv,A,"We/PRP 've/VBP got/VBN enough/JJ without/IN lea-/XX ,/, without/IN a/DT passport/NN","We've got enough [ without lea-, + without ] a passport /"
sv,A,there/EX 's/BES plenty/NN ./.,there's plenty. /
b,B,Yeah/UH ./.,Yeah. /
b,A,Yes/UH ./.,Yes. /
sv,A,I/PRP think/VBP we/PRP ought/MD to/TO worry/VB about/IN our/PRP$ own/JJ species/NNS ./.,I think we ought to worry about our own species. /
sv,B,"And/CC maybe/RB rather/IN than/IN just/RB ,/, require/VB somebody/NN to/TO join/VB like/IN the/DT Peace/NNP Corps/NNP for/IN a/DT year/NN maybe/RB like/UH ,/, um/UH ,/, during/IN college/NN ,/, you/PRP know/VBP ,/, maybe/RB have/VBP some/DT kind/NN of/IN course/NN where/WRB they/PRP 'd/MD be/VB required/JJ to/TO do/VB some/DT kind/NN of/IN community/NN service/NN type/NN work/NN ,/, and/CC help/VB people/NNS in/IN that/DT area/NN or/CC people/NNS in/IN the/DT United/NNP States/NNPS ./.","{C And } maybe rather than just, require somebody to join {D like } the Peace Corps for a year maybe {D like, } {F um, } during college, {D you know, } maybe have some kind of course where they'd be required to do some kind of community service type work, and help people in that area or people in the United States. /"
%,A,"I/PRP wonder/VBP now/RB in/IN ,/,","I wonder now in, - /"
sd,A,"and/CC I/PRP 've/VBP been/VBN out/IN of/IN school/NN too/RB long/RB to/TO answer/VB this/DT ,/,","{C and } I've been out of school too long to answer this, /"
sd,A,but/CC I/PRP wonder/VBP if/IN there/EX are/VBP n't/RB some/DT sociology/NN courses/NNS ./.,{C but } I wonder if there aren't some sociology courses. /
sv,B,"There/EX probably/RB are/VBP ,/, you/PRP know/VBP ,/,","There probably are, {D you know, } /"
%,B,for/IN,for - /
sv,B,"but/CC I/PRP 'm/VBP sure/JJ ,/,","{C but } I'm sure, - /"
sv,B,"that/DT 's/BES probably/RB like/IN people/NNS that/WDT do/VBP that/WDT are/VBP ,/, are/VBP the/DT people/NNS that/WDT are/VBP going/VBG to/TO go/VB into/IN social/JJ work/NN and/CC stuff/NN","that's probably like people that do that [ are, + are ] the people that are going to go into social work and stuff /"
sv,B,"but/CC I/PRP think/VBP that/IN it/PRP would/MD n't/RB really/RB be/VB half/RB bad/JJ for/IN everybody/NN not/RB to/TO do/VB something/NN ,/, you/PRP know/VBP ,/, and/CC realize/VB it/PRP 's/BES everybody/NN 's/POS responsibility/NN to/TO ,/, um/UH ,/, help/VB these/DT people/NNS ,/, you/PRP know/VBP ,/,","{C but } I think that it wouldn't really be half bad for everybody not to do something, {D you know, } and realize it's everybody's responsibility to, {F um, } help these people, {D you know, } /"
%,B,"and/CC no-/XX ,/,","{C and } no-, - /"
sd,B,I/PRP 'm/VBP not/RB saying/VBG just/RB give/VB them/PRP money/NN,I'm not saying just give them money - /
sd,B,"but/CC ,/, I/PRP mean/VBP ,/, because/IN they/PRP have/VBP to/TO be/VB taught/VBN to/TO be/VB ,/,","{C but, } {E I mean, } {C because } they have to be taught to be, -/"
sv,A,"That/DT 's/BES the/DT last/JJ thing/NN you/PRP want/VBP ,/,","That's the last thing you want,"
b,B,Yeah/UH ./.,Yeah <laughter>. /
+,A,to/TO do/VB ./.,to do. /
sv,B,"I/PRP mean/VBP ,/, I/PRP know/VBP that/DT 's/BES what/WP my/PRP$ father-in-law/NN was/VBD talking/VBG about/IN ,/, you/PRP know/VBP ,/, when/WRB you/PRP give/VBP these/DT people/NNS money/NN","{E I mean, } I know that's what my father-in-law was talking about, {D you know, } when you give these people money /"
^h,B,"or/CC ,/, ,/, what/WP was/VBD it/PRP","{C or, } <breathing>, what was it /"
sd,B,"they/PRP were/VBD bringing/VBG up/RP points/NNS asking/VBG as/RB far/RB as/IN whether/IN they/PRP need/VBP to/TO give/VB ,/, um/UH ,/, more/JJR money/NN to/IN these/DT people/NNS ,/,","they were bringing up points asking as far as whether they need to give, {F um, } more money to these people, /"
sv,B,"I/PRP mean/VBP ,/, and/CC that/DT 's/BES not/RB really/RB the/DT answer/NN ,/, I/PRP mean/VBP ,/, because/IN if/IN they/PRP 're/VBP alcoholics/NNS they/PRP 'll/MD just/RB go/VB out/RB and/CC spend/VB ,/,","{E I mean, } {C and } that's not really the answer, (( {E I mean } )) , because if they're alcoholics they'll just go out and spend,"
aa,A,"Yeah/UH ,/,","Yeah, /"
sv,A,that/DT 's/BES exactly/RB it/PRP ./.,that's exactly it. /
+,B,"it/PRP on/IN ,/, you/PRP know/VBP ,/, booze/NN or/CC something/NN like/IN that/DT ,/,","it on, {D you know, } booze or something like that, /"
%,B,but/CC ./.,{C but. } -/
sv,A,They/PRP 're/VBP not/RB going/VBG to/TO take/VB that/DT money/NN you/PRP give/VBP them/PRP and/CC go/VB try/VB to/TO figure/VB out/RP a/DT way/NN to/TO dry/VB out/RP with/IN it/PRP ./.,They're not going to take that money you give them and go try to figure out a way to dry out with it. /
ad,A,"Now/UH come/VB on/RP ,/, let/VB 's/PRP be/VB realistic/JJ ,/,","{D Now } come on, let's be realistic, /"
b,B,Yeah/UH ./.,Yeah. /
sv,A,that/DT 's/BES just/RB not/RB realistic/JJ ./.,that's just not realistic. /
^2,B,"Or/CC ,/, you/PRP know/VBP ,/, to/TO find/VB a/DT job/NN where/WRB they/PRP can/MD learn/VB how/WRB to/TO support/VB themselves/PRP ,/,","Or, {D you know, } to find a job where they can learn how to support themselves, /"
aa,A,Right/UH ./.,Right. /
sv,B,"I/PRP mean/VBP ,/, I/PRP guess/VBP we/PRP 're/VBP getting/VBG kind/RB of/RB off/IN the/DT subject/NN ,/, ,/, here/RB ,/,","{E I mean, } I guess we're getting kind of off the subject, <laughter>, here, /"
%,B,but/CC ./.,{C but. } -/
ar,A,"No/UH ,/,","No, /"
sv,A,we/PRP 're/VBP not/RB I/PRP do/VBP n't/RB think/VBP ./.,we're not I don't think. /
sv,A,"I/PRP think/VBP ,/,","I think,"
b,B,"Yeah/UH ,/,","Yeah, /"
%,B,"I/PRP mean/VBP it/PRP 's/BES ,/,","{E I mean } it's, -/"
+,A,"that/DT 's/BES more/RBR realistic/JJ than/IN goin/VBG ,/, making/VBG them/PRP go/VB in/IN the/DT Peace/NNP Corps/NNP ./.","that's more realistic than [ goin-, + ] making them go in the Peace Corps. /"
ba,B,True/UH ./.,True. /
b,B,Yeah/UH ./.,Yeah. /
sv,A,I/PRP think/VBP that/DT 's/BES a/DT lot/NN more/RBR realistic/JJ ./.,I think that's a lot more realistic. /
sv,A,"Uh/UH ,/, I/PRP ,/, I/PRP think/VBP that/IN we/PRP should/MD be/VB spending/VBG more/JJR time/NN","{F Uh, } [ I, + I ] think that we should be spending more time /"
sv,A,"and/CC ,/, and/CC again/RB I/PRP do/VBP n't/RB think/VB the/DT ,/, the/DT Peace/NNP Corps/NNP is/VBZ ,/, is/VBZ as/RB successful/JJ now/RB simply/RB because/IN it/PRP 's/BES not/RB ./. It/PRP does/VBZ n't/RB fit/VB the/DT circumstance/NN anymore/RB ./.","[ {C and, } + {C and } ] again I don't think [ the, + the ] Peace Corps [ is, + is ] as successful now simply because [ it's not. + It doesn't ] fit the circumstance anymore. /"
b,B,Yeah/UH ./.,Yeah. /
sv,A,"Uh/UH ,/, we/PRP 've/VBP got/VBN plenty/RB ,/,","{F Uh, } we've got plenty, /"
sv,A,"in/IN fact/NN ,/, we/PRP 've/VBP got/VBN far/RB too/RB many/JJ ./.","in fact, we've got far too many. /"
qy,A,"You/PRP 're/VBP in/IN ,/, uh/UH ,/, what/WP r-/XX ,/, Flower/NNP Mound/NNP ?/.","You're in, {F uh, } what [ r-, + ] Flower Mound? /"
na,B,"Flower/NNP Mound/NNP ,/,","Flower Mound, /"
ny,B,yeah/UH ./.,yeah. /
sd,B,"So/RB ,/, we/PRP 're/VBP a/DT little/JJ fa-/RB ,/, you/PRP know/VBP ,/, farther/RB removed/JJ from/IN like/IN Dallas/NNP and/CC some/DT of/IN the/DT areas/NNS where/WRB they/PRP probably/RB have/VBP more/JJR of/IN the/DT homeless/NN and/CC that/DT type/NN of/IN thing/NN ./.","{C So, } we're a little [ fa-, + {D you know, } farther ] removed from {D like } Dallas and some of the areas where they probably have more of the homeless and that type of thing. /"
%,A,"I/PRP was/VBD ,/,","I was, - /"
sd,A,that/DT 's/BES exactly/RB what/WP I/PRP was/VBD going/VBG to/TO ask/VB you/PRP ./.,that's exactly what I was going to ask you. /
qy,A,"Have/VBP you/PRP ever/RB ,/, have/VBP ,/, have/VBP you/PRP been/VBN downtown/NN recent-/RB ,/,","[ [ Have you ever, + have, ] + have ] you been downtown recent-, -/"
