act_tag,speaker,pos,text
sd,A,We/PRP 're/VBP set/JJ ./.,We're set. /
bk,B,Okay/UH ./.,Okay. /
qw,A,What/WP changes/NNS do/VBP you/PRP feel/VB have/VB happened/VBN ?/.,What changes do you feel have happened? /
sv,B,"Oh/UH ,/, I/PRP guess/VBP the/DT first/JJ thing/NN has/VBZ been/VBN the/DT ,/, uh/UH ,/, for/IN the/DT right/NN ,/, for/IN women/NNS to/TO vote/VB ./.","{F Oh, } I guess the first thing has been [ the, + {F uh, } for the ] right, for women to vote. /"
sv,B,"I/PRP think/VBP that/DT has/VBZ been/VBN a/DT major/JJ change/NN and/CC also/RB the/DT fact/NN that/IN ,/, uh/UH ,/, there/EX are/VBP so/RB mu-/XX ,/, many/JJ more/JJR women/NNS in/IN the/DT work/NN force/NN nowadays/RB than/IN there/EX were/VBD","I think that has been a major change and also the fact that, {F uh, } there are so [ mu-, + many ] more women in the work force nowadays than there were /"
sv,B,and/CC that/DT 's/BES probably/RB going/VBG to/TO increase/VB ./.,{C and } that's probably going to increase.
b,A,Right/UH ./.,Right. /
+,B,You/PRP know/VBP ./.,{D You know. } /
qy,A,"Increases/VBZ each/DT year/NN ,/, does/VBZ n't/RB it/PRP ?/.","Increases each year, doesn't it? /"
br,B,I/PRP 'm/VBP sorry/JJ ?/.,I'm sorry? /
sv,A,It/PRP increases/VBZ each/DT year/NN I/PRP think/VBP ./.,It increases each year I think. /
aa,B,It/PRP sure/RB does/VBZ ./.,It sure does. /
aa,B,"Yeah/UH ,/,","Yeah, /"
sv,B,there/EX is/VBZ a/DT lot/RB more/JJR women/NNS in/IN the/DT work/NN place/NN nowadays/RB ./.,there is a lot more women in the work place nowadays. /
sv,A,"Well/UH ,/, and/CC I/PRP think/VBP women/NNS have/VBP kind/RB of/RB had/VBD ,/, uh/UH ,/, in/IN the/DT past/NN the/DT real/JJ subservient/JJ --/:","{D Well, } {C and } I think women have kind of had, {F uh, } in the past the real subservient --"
^2,B,Role/NN ?/.,Role? /
+,A,--/: role/NN ./.,-- role. /
aa,B,Right/UH ./.,Right. /
%,A,"And/CC ,/, uh/UH ,/,","{C And, } {F uh, } -/"
sv,B,That/DT 's/BES changing/VBG ./.,That's changing <laughter>. /
sv,A,"Well/UH ,/, we/PRP do/VBP to/IN some/DT degree/NN --/:","{D Well, } we do to some degree -- /"
b,B,Right/UH ./.,Right. /
sv,A,"--/: but/CC ,/, uh/UH ,/, uh/UH ,/, I/PRP think/VBP it/PRP 's/BES not/RB as/RB much/RB as/IN it/PRP was/VBD ./.","-- {C but, } {F uh, } {F uh, } I think it's not as much as it was. /"
aa,B,"Right/RB ,/,","Right, /"
aa,B,"yeah/UH ,/,","yeah, /"
aa,B,"I/PRP ,/, I/PRP agree/VBP ./.","[ I, + I ] agree. /"
sv,B,It/PRP definitely/RB --/:,It definitely --
sv,A,"I/PRP ,/,","[ I, +"
+,B,--/: has/VBZ changed/VBN ./.,-- has changed. /
+,A,"And/CC especially/RB ,/, I/PRP think/VBP with/IN women/NNS increasingly/RB working/VBG ,/, they/PRP 're/VBP going/VBG to/TO have/VB to/TO demand/VB more/RBR from/IN men/NNS ./.","{C And } especially, I ] think with women increasingly working, they're going to have to demand more <laughter> from men. /"
b,B,Uh-huh/UH ./.,Uh-huh. /
sv,A,"Because/RB there/EX is/VBZ just/RB ,/, i-/XX ,/, impossible/JJ to/TO keep/VB up/RP on/IN everything/NN else/RB ./.","{C Because } there is just, [ i-, + impossible ] to keep up on everything else. /"
b,B,"Yeah/UH ,/,","Yeah, /"
b,B,yeah/UH ./.,yeah. /
sv,A,"Have/VB more/RBR of/IN an/DT active/JJ role/NN in/IN taking/VBG care/NN of/IN children/NNS ,/, more/RBR of/IN an/DT active/JJ role/NN in/IN taking/VBG care/NN of/IN the/DT home/NN ./.","Have more of an active role in taking care of children, more of an active role in taking care of the home. /"
%,B,"Well/UH ,/, you/PRP know/VBP ,/, they/PRP 've/VBP been/VBN talking/VBG about/IN","{D Well, } {D you know, } they've been talking about - /"
h,B,"and/CC I/PRP do/VBP n't/RB know/VB ,/, uh/UH ,/, what/WP the/DT status/NN is/VBZ on/IN it/PRP ,/,","{C and } I don't know, {F uh, } what the status is on it, /"
sd,B,"but/CC ,/, you/PRP know/VBP ,/, women/NNS get/VBP maternity/NN leave/NN and/CC stuff/NN like/IN that/DT","{C but, } {D you know, } women get maternity leave and stuff like that /"
sd,B,"and/CC I/PRP know/VBP that/IN they/PRP 've/VBP ,/, there/EX has/VBZ been/VBN discussion/NN about/IN men/NNS also/RB getting/VBG maternity/NN leave/NN --/:","{C and } I know that [ they've, + there ] has been discussion about men also getting maternity leave --"
b,A,Right/UH ./.,Right. /
+,B,"--/: to/TO help/VB out/RP ,/,","-- to help out, /"
h,B,"but/CC you/PRP know/VBP ,/, I/PRP have/VBP n't/RB really/RB heard/VBN much/RB about/IN that/DT recently/RB ./.","{C but } {D you know, } I haven't really heard much about that recently. /"
sv,A,"Well/UH ,/, you/PRP know/VBP ,/, there/EX is/VBZ a/DT lot/NN of/IN companies/NNS that/WDT wo/MD n't/RB give/VB mat-/XX ,/, women/NNS maternity/NN leave/NN for/IN that/DT very/JJ reason/NN ./.","{D Well, } {D you know, } there is a lot of companies that won't give [ mat-, + women maternity ] leave for that very reason. /"
b,B,Uh-huh/UH ./.,Uh-huh. /
sd,A,"Uh/UH ,/, in/IN fact/NN ,/, I/PRP know/VBP the/DT school/NN districts/NNS down/IN here/RB ,/, you/PRP ,/, they/PRP do/VBP n't/RB have/VB maternity/NN leave/NN ./.","{F Uh, } in fact, I know the school districts down here, [ you, + they ] don't have maternity leave. /"
sd,A,Uh/UH --/:,{F Uh } --
bh,B,"Oh/UH ,/, is/VBZ that/DT right/NN ?/.","{F Oh, } is that right? /"
+,A,"--/: you/PRP simply/RB have/VBP to/TO take/VB ,/, accumulate/VB your/PRP$ sick/JJ leave/NN ./.","-- you simply have to [ take, + accumulate ] your sick leave."
b,B,Oh/UH ./.,Oh. /
+,A,And/CC take/VB your/PRP$ sick/JJ leave/NN ./.,And take your sick leave. /
b,B,Uh-huh/UH ./.,Uh-huh. /
h,A,"And/CC I/PRP do/VBP n't/RB know/VB ,/, uh/UH ,/, if/IN bigger/JJR company/NN companies/NNS do/VBP ,/,","{C And } I don't know, {F uh, } if bigger company companies do, /"
sd,A,"but/CC when/WRB I/PRP was/VBD employed/VBN with/IN the/DT school/NN district/NN ,/, I/PRP did/VBD n't/RB have/VB maternity/NN leave/NN either/RB","{C but } when I was employed with the school district, I didn't have maternity leave either /"
sd,A,and/CC that/DT was/VBD the/DT reason/NN,{C and } that was the reason /
sd,A,because/RB they/PRP thought/VBD was/VBD showing/VBG prejisim/NN to/IN women/NNS and/CC not/RB to/IN men/NNS,{C because } they thought was showing (( prejisim )) to women and not to men /
%,A,"but/CC ,/,","[ {C but, } +"
ba,B,"Huh/UH ,/, that/DT 's/BES interesting/JJ ./.","{F Huh, } that's interesting. /"
+,A,"So/UH ,/, uh/UH ,/,","{C So, } ] {F uh, } -/"
sv,B,"That/DT 's/BES a/DT bummer/NN ,/, though/RB ./.","That's a bummer, though <laughter>. /"
aa,A,Yeah/UH,Yeah /
aa,A,it/PRP is/VBZ ./.,"<laughter>, it is. /"
sd,B,"I/PRP mean/VBP ,/,","{E I mean, }"
sd,A,"You/PRP have/VBP to/TO save/VB all/DT of/IN your/PRP$ ,/, uh/UH ,/, vacation/NN time/NN ./.","You have to save all of your, {F uh, } vacation time. /"
+,B,You/PRP got/VBD to/TO take/VB the/DT time/NN off/RB ./.,You got to take the time off <laughter>. /
aa,A,You/PRP do/VBP ./.,You do. /
sd,A,You/PRP have/VBP to/TO save/VB all/PDT your/PRP$ vacation/NN time/NN,You have to save all your vacation time /
sv,A,and/CC --/:,{C and } --
b,B,Yeah/UH ./.,Yeah. /
+,A,"--/: that/DT 's/BES usually/RB how/WRB it/PRP 's/BES ,/, uh/UH ,/, happened/VBN ,/,","-- that's usually how it's, {F uh, } happened, /"
%,A,"but/CC ,/, uh/UH ,/,","{C but, } {F uh, } -/"
b,B,Uh-huh/UH ./.,Uh-huh. /
qw,A,"What/WP do/VBP you/PRP see/VB ,/, uh/UH ,/, changing/VBG in/IN the/DT future/NN ?/.","What do you see, {F uh, } changing in the future? /"
sv,B,"I/PRP think/VBP that/IN we/PRP 're/VBP probably/RB going/VBG to/TO see/VB a/DT lot/NN more/JJR companies/NNS ,/, uh/UH ,/, run/VBN by/IN females/NNS ./.","<Breathing> I think that we're probably going to see a lot more companies, {F uh, } run by females. /"
aa,A,"Right/UH ,/,","Right, /"
%,A,"and/CC ,/, and/CC --/:","[ {C and, } + {C and } ] --"
%,B,"And/CC we/PRP 'll/MD prob-/RB ,/,","{C And } we'll prob-, -/"
+,A,--/: top/JJ level/NN ./.,-- top level. /
br,B,I/PRP 'm/VBP sorry/JJ ?/.,I'm sorry? /
sv,A,Maybe/RB top/JJ level/NN ./.,Maybe top level. /
aa,B,"Right/UH ,/,","Right, /"
aa,B,"right/UH ,/,","right, /"
sv,B,"upper/JJ management/NN ,/,","upper management, /"
sv,B,more/JJR women/NNS in/IN upper/JJ management/NN,more women in upper management /
sv,B,"and/CC probably/RB ,/, uh/UH ,/, we/PRP 'll/MD see/VB more/JJR females/NNS in/IN political/JJ roles/NNS ./.","{C and } probably, {F uh, } we'll see more females in political roles. /"
sv,B,"More/JJR governors/NNS and/CC ,/, I/PRP think/VBP ,/, you/PRP know/VBP ,/, roles/NNS like/IN that/DT ./.","More governors and, I think, {D you know, } roles like that. /"
ba,A,That/DT would/MD be/VB kind/RB of/RB nice/JJ ./.,That would be kind of nice <laughter>. /
sd,B,"Well/UH ,/, we/PRP 've/VBP got/VBN ,/, in/IN Texas/NNP ,/, we/PRP have/VBP a/DT female/JJ governor/NN ./.","{D Well, } [ we've got, + in Texas, we have ] a female governor. /"
aa,A,"That/DT 's/BES right/JJ ,/,","That's right, /"
aa,A,that/DT 's/BES right/JJ ./.,that's right. /
sd,B,"And/CC we/PRP had/VBD a/DT female/JJ mayor/NN here/RB in/IN Dallas/NNP ,/,","{C And } we had a female mayor here in Dallas, /"
sd,B,"and/CC she/PRP just/RB ,/, her/PRP$ term/NN just/RB ended/VBD","{C and } [ she just, + her term just ] ended /"
sv,B,"and/CC ,/, uh/UH ,/, so/RB I/PRP think/VBP we/PRP 're/VBP probably/RB going/VBG to/TO see/VB more/RBR of/IN that/DT --/:","[ {C and, } + {F uh, } {C so } ] I think we're probably going to see more of that --"
b,A,Yeah/UH --/:,Yeah -- /
+,B,--/: in/IN the/DT future/NN ./.,-- in the future <<faint>>. /
sv,A,--/: I/PRP think/VBP that/DT 's/BES probably/RB good/JJ ./.,-- I think that's probably good. /
sv,A,A/DT little/RB more/JJR integration/NN ./.,A little more integration. /
b,B,Uh-huh/UH ./.,Uh-huh. /
sv,A,"And/CC ,/, uh/UH ,/, maybe/RB not/RB so/RB much/RB that/IN we/PRP sit/VBP on/IN the/DT back/JJ burners/NNS","{C And, } {F uh, } maybe not so much that we sit on the back burners /"
%,A,"and/CC ,/,","{C and, } -/"
b,B,"Right/RB ,/, you/PRP know/VBP ,/,","Right, {D you know, } /"
ba,B,"I/PRP mean/VBP ,/, and/CC that/DT 's/BES fine/JJ with/IN me/PRP --/:","{E I mean, } {C and } that's fine with me -- /"
%,A,"I/PRP think/VBP ,/,","I think, -/"
%,B,"--/: but/CC sometimes/RB ,/,","-- {C but } sometimes, - /"
sd,B,"I/PRP mean/VBP I/PRP 'm/VBP not/RB a/DT women/NNS 's/POS libber/NN by/IN any/DT means/NNS ,/,","{E I mean } I'm not a women's libber by any means, /"
%,B,but/CC --/:,{C but } --
b,A,Right/UH ./.,Right. /
+,B,"--/: I/PRP do/VBP ,/,","-- I do, - /"
sv,B,"there/EX are/VBP issues/NNS that/WDT ,/, you/PRP know/VBP ,/, as/RB far/RB as/IN ,/, like/IN ,/, equal/JJ pay/NN for/IN men/NNS and/CC women/NNS and/CC that/DT kind/NN of/IN stuff/NN ,/, I/PRP totally/RB am/VBP for/IN ./.","there are issues that, {D you know, } as far as, {D like, } equal pay for men and women and that kind of stuff, I totally am for. /"
b,A,Right/UH ./.,Right. /
sd,B,"But/CC ,/, I/PRP do/VBP n't/RB get/VB into/IN the/DT ,/, uh/UH ,/, the/DT real/JJ --/:","{C But, } I don't get into [ the, + {F uh, } the ] real <laughter> --"
aa,A,"No/UH ,/,","No, /"
aa,A,I/PRP do/VBP n't/RB either/RB ./.,I don't either. /
+,B,"--/: women/NNS libber/NN movement/NN ,/, you/PRP know/VBP ./.","-- women libber movement, {D you know. } /"
sv,A,I/PRP do/VBP n't/RB think/VB they/PRP 're/VBP ever/RB going/VBG to/TO prove/VB that/IN men/NNS and/CC women/NNS are/VBP equal/JJ ./.,I don't think they're ever going to prove that men and women are equal <laughter>. /
b,B,Yeah/UH ./.,Yeah. /
sv,A,We/PRP just/RB function/VBP differently/RB ./.,We just function differently <laughter>. /
aa,B,"Right/UH ,/,","Right, /"
aa,B,right/UH ./.,right. /
sd,A,"And/CC ,/, uh/UH ,/, I/PRP 'm/VBP not/RB capable/JJ of/IN lifting/VBG what/WP ,/, uh/UH ,/, a/DT man/NN can/MD lift/VB and/CC --/:","{C And, } {F uh, } I'm not capable of lifting what, {F uh, } a man can lift and --"
b,B,Yeah/UH ./.,Yeah. /
+,A,"--/: you/PRP know/VBP ,/, that/DT type/NN of/IN ,/, that/DT type/NN of/IN thing/NN ,/,","-- {D you know, } [ that type of, + that type of ] thing, /"
%,A,"but/CC ,/, uh/UH --/:","{C but, } {F uh } --"
b,B,Right/UH ./.,Right. /
+,A,"--/: one/CD of/IN the/DT big/JJ changes/NNS ,/, uh/UH ,/, they/PRP 're/VBP doing/VBG in/IN Salt/NNP Lake/NNP is/VBZ ,/, uh/UH ,/,","-- one of the big changes, {F uh, } they're doing in Salt Lake is, {F uh, } - /"
%,A,"and/CC they/PRP 're/VBP probably/RB ,/,","{C and } they're probably, - /"
sv,A,"I/PRP 'm/VBP sure/JJ ,/, in/IN Dallas/NNP since/IN you/PRP 're/VBP big/JJ places/NNS ,/, a/DT lot/NN more/JJR women/NNS are/VBP ,/, uh/UH ,/, working/VBG right/RB out/IN of/IN their/PRP$ home/NN with/IN their/PRP$ P/JJ C/NNP 's/NNS or/CC with/IN their/PRP$ lap/NN computers/NNS or/CC whatever/WDT ./.","I'm sure, in Dallas since you're big places, a lot more women are, {F uh, } working right out of their home with their P C's or with their lap computers or whatever. /"
aa,B,"Yeah/UH ,/,","Yeah, /"
aa,B,"I/PRP ,/, I/PRP 've/VBP heard/VBN of/IN that/DT ./.","[ I, + I've ] heard of that. /"
sd,B,"Uh/UH ,/, I/PRP have/VBP n't/RB really/RB talked/VBN to/IN anybody/NN that/WDT 's/BES ,/, you/PRP know/VBP ,/, too/RB involved/VBN with/IN that/DT ./.","{F Uh, } I haven't really talked to anybody that's, {D you know, } too involved with that. /"
%,B,"But/CC ,/, I/PRP mean/VBP ,/, I/PRP think/VBP that/DT is/VBZ a/DT ,/,","{C But, } {E I mean, } I think that is a, -/"
%,A,"I/PRP think/VBP that/IN ,/,","I think that, -/"
sv,B,Like/IN the/DT cottage/NN industry/NN ./.,Like the cottage industry. /
qy,B,"Is/VBZ ,/, is/VBZ that/DT what/WP you/PRP 're/VBP talking/VBG about/IN ,/, women/NNS working/VBG out/RP of/IN their/PRP$ homes/NNS ?/.","[ Is, + is ] that what you're talking about, women working out of their homes? /"
na,A,Right/UH ./.,Right. /
bk,B,"Yeah/UH ,/,","Yeah, /"
sv,B,"uh/UH ,/, I/PRP think/VBP it/PRP 's/BES wonderful/JJ ./.","{F uh, } I think it's wonderful <laughter>. /"
b,A,Right/UH ./.,Right. /
sd,A,You/PRP only/RB have/VBP to/TO check/VB in/RP with/IN the/DT office/NN once/RB or/CC twice/RB a/DT week/NN,You only have to check in with the office once or twice a week /
%,A,"and/CC ,/,","{C and, } -/"
b,B,Yeah/UH ./.,Yeah. /
sd,A,"Course/NN ,/, they/PRP 're/VBP talking/VBG about/IN ,/, uh/UH ,/, that/IN we/PRP 're/VBP going/VBG to/TO be/VB able/JJ to/TO do/VB our/PRP$ grocery/NN shopping/VBG and/CC --/:","Course, they're talking about, {F uh, } that we're going to be able to do our grocery shopping and <laughter> --"
%,B,"Oh/UH ,/, I/PRP kn-/XX ,/,","{F Oh, } I kn-, -/"
+,A,--/: banking/VBG and/CC --/:,-- banking and --
^2,B,By/IN the/DT phone/NN and/CC all/PDT that/DT ./.,By the phone and all that. /
+,A,"--/: everything/NN like/IN that/DT ,/,","-- everything like that, /"
sv,A,"so/RB ,/, uh/UH ,/, it/PRP would/MD be/VB kind/RB of/RB exciting/JJ in/IN some/DT ways/NNS to/TO ,/, to/TO see/VB a/DT little/JJ bit/NN more/JJR of/IN that/DT","{C so, } {F uh, } it would be kind of exciting in some ways [ to, + to ] see a little bit more of that /"
sv,A,"and/CC some/DT ways/NNS ,/, it/PRP might/MD be/VB kind/RB of/RB scary/JJ ./.","{C and } some ways, it might be kind of <laughter> scary. /"
b,B,Right/UH ./.,Right. /
sv,A,"Think/VB anybody/NN could/MD do/VB it/PRP ,/,","Think anybody could do it, /"
%,A,"but/CC ,/,","{C but, }"
b,B,Right/UH ./.,Right. /
+,A,"Anyway/UH ,/,","Anyway, -/"
b,B,"Yeah/UH ,/,","Yeah, /"
sv,B,I/PRP would/MD n't/RB mind/VB just/RB calling/VBG up/RP the/DT grocery/NN store/NN and/CC giving/VBG them/PRP my/PRP$ order/NN and/CC --/:,I wouldn't mind just calling up the grocery store and giving them my order and --
b,A,Right/UH ./.,Right. /
+,B,--/: going/VBG an/DT hour/NN later/RB and/CC picking/VBG it/PRP up/RP ./.,-- going an hour later and picking it up <laughter>. /
b,A,"Right/UH ,/,","Right, /"
sv,A,"but/CC then/RB you/PRP know/VBP ,/, there/EX is/VBZ the/DT process/NN of/IN selection/NN ./.","{C but then } {D you know, } there is the process of selection. /"
qh,A,Would/MD you/PRP have/VB to/TO give/VB them/PRP --/:,Would you have to give them <breathing> --
b,B,Right/UH ./.,Right. /
+,A,--/: the/DT brand/NN,-- the brand /
b,B,Right/UH ./.,Right. /
+,A,"You/PRP know/VBP ,/, when/WRB you/PRP shop/VBP ,/, you/PRP usually/RB compare/VBP the/DT prices/NNS","{D You know, } when you shop, you usually compare the prices /"
sv,A,"and/CC ,/, would/MD be/VB nice/JJ ,/, though/RB ./.","{C and, } would be nice, though. /"
