act_tag,speaker,pos,text
"fo_o_fw_""_by_bc",A,Okay/UH ./.,Okay <laughter>. /
qw,B,"Well/UH ,/, what/WP ,/, what/WP do/VBP you/PRP is/VBZ think/VBP is/VBZ the/DT ,/, uh/UH ,/, the/DT main/JJ change/NN in/IN ?/.","{D Well, } [ what, + what ] do you is think is [ the, + {F uh, } the ] main change in? /"
qw,B,"What/WP generation/NN are/VBP you/PRP ,/,","What generation are you, /"
sd,B,"I/PRP 'm/VBP ,/, I/PRP 'm/VBP thirty/CD years/NNS old/JJ ?/.","[ I'm, + I'm ] thirty years old? /"
sd,A,I/PRP 'm/VBP twenty-nine/CD ./.,I'm twenty-nine. /
b^m,B,"You/PRP 're/VBP twenty-nine/CD ,/,","You're twenty-nine, /"
bk,B,"okay/UH ,/,","okay, /"
sd,B,"so/RB we/PRP 're/VBP ,/, we/PRP 're/VBP both/DT children/NNS of/IN the/DT very/RB early/JJ sixties/NNS ./.","{C so } [ we're, + we're ] both children of the very early sixties. /"
b,A,Right/UH ./.,Right. /
sd,A,"And/CC ,/, I/PRP have/VBP ,/, I/PRP mean/VBP I/PRP 've/VBP seen/VBN some/DT change/NN ,/,","{C And, } [ I have, + {E I mean } I've ] seen some change, /"
sd,A,"like/IN I/PRP know/VBP ,/, um/UH ,/, when/WRB I/PRP was/VBD young/JJ most/JJS mothers/NNS pretty/RB much/RB were/VBD housewives/NNS ,/,","{D like } I know, {F um, } when I was young most mothers pretty much were housewives,"
%,B,"Um/UH ,/, um/UH ./.","{F Um, } {F um. } /"
+,A,"and/CC stayed/VBD at/IN home/NN with/IN the/DT kids/NNS ,/,","{C and } stayed at home with the kids, /"
b,B,Uh-huh/UH ./.,Uh-huh. /
sv,A,"and/CC to/IN ,/, to/IN me/PRP it/PRP seems/VBZ like/IN it/PRP 's/BES almost/RB the/DT opposite/NN now/RB where/WRB the/DT ,/, the/DT woman/NN is/VBZ working/VBG and/CC ,/,","{C and } [ to, + to ] me it seems {D like } its almost the opposite now where [ the, + the ] woman is working [ and, +"
b,B,Uh-huh/UH ./.,Uh-huh. /
+,A,"and/CC they/PRP ,/, you/PRP know/VBP ,/, take/VBP the/DT children/NNS to/IN child/NN care/NN ,/,","and ] they, {D you know, } take the children to child care, /"
b,B,Uh-huh/UH ./.,Uh-huh. /
h,A,or/CC maybe/RB they/PRP work/VBP part-time/RB or/CC something/NN ./.,{C or } maybe they work part-time or something. /
b,B,"Uh-huh/UH ,/,","Uh-huh, /"
b,B,uh-huh/UH ./.,uh-huh. /
sv,A,"So/RB ,/, that/DT seems/VBZ to/TO be/VB a/DT pretty/RB big/JJ change/NN ./.","{C So, } that seems to be a pretty big change. /"
b,B,"Yeah/UH ,/,","Yeah, /"
sv,B,"the/DT family/NN structure/NN in/IN general/JJ is/VBZ being/VBG really/RB restructured/VBN from/IN one/CD income/NN to/IN two/CD incomes/NNS which/WDT means/VBZ from/IN one/CD parent/NN to/IN two/CD part-time/JJ parents/NNS ,/,","the family structure in general is being really restructured from one income to two incomes which means from one parent to two part-time parents,"
b,A,Uh-huh/UH ./.,Uh-huh. /
+,B,if/IN you/PRP 're/VBP lucky/JJ ./.,if you're lucky <laughter>. /
b,A,"Yeah/UH ,/,","Yeah, /"
b,A,right/UH ./.,right. /
%,B,"Um/UH ,/, I/PRP ,/, uh/UH ,/,","{F Um, } I, {F uh, } - /"
sv,B,"it/PRP ,/, it/PRP 's/BES funny/JJ ,/,","[ it, + it's ] funny, /"
sd,B,"it/PRP 's/BES both/DT of/IN us/PRP then/RB were/VBD really/RB just/RB adolescents/NNS when/WRB ,/, when/WRB ,/,","it's both of us then were really just adolescents [ when, + when, ] - /"
sd,B,"I/PRP think/VBP ,/, most/JJS of/IN the/DT major/JJ changes/NNS for/IN adult/NN women/NNS were/VBD going/VBG on/RP ,/,","I think, most of the major changes for adult women were going on,"
b,A,Uh-huh/UH ./.,Uh-huh. /
+,B,in/IN America/NNP ./.,in America. /
sv,B,"I/PRP do/VBP n't/RB think/VB ,/, changes/NNS are/VBP still/RB progressing/VBG ,/,","I don't think, changes are still progressing, /"
sv,B,"but/CC it/PRP seems/VBZ to/IN me/PRP that/IN the/DT ,/, uh/UH ,/, really/RB the/DT seventies/NNS ,/, the/DT early/JJ seventies/NNS was/VBD a/DT period/NN of/IN the/DT most/JJS change/NN ,/,","{C but } it seems to me that [ [ the, + {F uh, } really the seventies, ] + the early seventies was a period of the most change, /"
b,A,Uh-huh/UH ./.,Uh-huh. /
sv,B,"and/CC ,/, if/IN I/PRP had/VBD to/TO somewhat/RB abstract/VB about/IN it/PRP ,/, it/PRP seems/VBZ to/TO be/VB the/DT major/JJ change/NN has/VBZ been/VBN that/IN woman/NN have/VBP acquired/VBN more/JJR choice/NN ./.","{C and, } if I had to somewhat abstract about it, it seems to be the major change has been that woman have acquired more choice. /"
aa,A,Uh-huh/UH ./.,Uh-huh. /
aa,A,"Oh/UH ,/, that/DT 's/BES true/JJ ./.","{F Oh, } that's true. /"
aa,A,That/DT 's/BES true/JJ ./.,That's true. /
sv,B,"Uh/UH ,/, I/PRP mean/VBP ,/, that/DT 's/BES sort/RB of/RB the/DT overall/JJ ,/, the/DT meta/JJ ,/, the/DT meta/JJ change/NN as/IN it/PRP were/VBD ./. Uh/UH ,/, where/WRB that/DT woman/NN really/RB have/VBP more/JJR of/IN a/DT choice/NN now/RB about/IN what/WP they/PRP do/VBP ./.","{F Uh, } {E I mean, } that's sort of [ [ the overall, + the meta, ] + the meta ] change as it were. {F Uh, } where that woman really have more of a choice now about what they do. /"
b,A,Uh-huh/UH ./.,Uh-huh. /
sv,B,"Uh/UH ,/, course/NN ,/, they/PRP find/VBP that/IN the/DT choice/NN creates/VBZ its/PRP$ own/JJ hardships/NNS in/IN a/DT way/NN because/IN life/NN is/VBZ not/RB quite/RB as/RB simple/JJ even/RB if/IN it/PRP is/VBZ for/IN your/PRP$ ,/, you/PRP know/VBP ,/,","{F Uh, } course, they find that the choice creates its own hardships in a way because life is not quite as simple even if it is for your, {D you know, } /"
sv,B,"you/PRP can/MD share/VB something/NN you/PRP really/RB want/VBP ,/, which/WDT is/VBZ a/DT wonderful/JJ thing/NN ,/,","you can share something you really want, which is a wonderful thing, /"
b,A,Uh-huh/UH ./.,Uh-huh. /
sv,B,"but/CC ,/, it/PRP does/VBZ seem/VB","{C but, } it does seem - /"
sd,B,"like/IN an/DT awful/JJ lot/NN of/IN my/PRP$ ,/, uh/UH ,/, my/PRP$ adult/JJ women/NNS friends/NNS are/VBP anguishing/VBG over/IN ,/, over/IN some/DT of/IN ,/, some/DT of/IN these/DT choices/NNS ./.","{D like } an awful lot of [ my, + {F uh, } my ] adult women friends are anguishing [ over, + over ] [ some of, + some of ] these choices. /"
%,B,"Um/UH ,/,","{F Um, } -/"
b,A,Right/UH ./.,Right. /
sv,A,"Well/UH ,/, I/PRP know/VBP ,/, the/DT choice/NN to/TO either/CC work/VB or/CC to/TO be/VB a/DT mother/NN is/VBZ probably/RB pretty/RB difficult/JJ because/IN I/PRP think/VBP women/NNS just/RB naturally/RB tend/VBP to/TO have/VB those/DT instincts/NNS that/IN you/PRP ,/, you/PRP know/VBP ,/, you/PRP protected/VBD the/DT children/NNS ,/,","{D Well, } I know, the choice to either work or to be a mother is probably pretty difficult because I think women just naturally tend to have those instincts that [ you, + {D you know, } you ] protected the children,"
b,B,Uh-huh/UH ./.,Uh-huh. /
+,A,"and/CC you/PRP want/VBP to/TO be/VB with/IN the/DT children/NNS ,/,","and you want to be with the children, /"
sd,A,"yet/RB there/EX 's/BES so/RB many/JJ material/JJ things/NNS to/TO be/VB had/VBN out/IN there/RB that/WDT a/DT lot/NN of/IN people/NNS think/VBP ,/, oh/UH ,/, but/CC ,/, if/IN we/PRP both/DT work/VBP ,/, we/PRP can/MD get/VB a/DT really/RB big/JJ house/NN ,/,","yet there's so many material things to be had out there that a lot of people think, {F oh, } {C but, } if we both work, we can get a really big house,"
aa,B,Yes/UH ./.,Yes. /
+,A,"and/CC we/PRP can/MD have/VB two/CD really/RB nice/JJ cars/NNS ,/, we/PRP can/MD take/VB a/DT vacation/NN ,/, we/PRP can/MD do/VB this/DT ,/,","and we can have two really nice cars, we can take a vacation, we can do this, /"
aa,B,"Yes/UH ,/,","Yes, /"
aa,B,yes/UH ./.,yes. /
sv,A,and/CC it/PRP 's/BES kind/RB of/RB almost/RB expected/JJ of/IN you/PRP anyway/RB ./.,{C and } it's kind of almost expected of you anyway. /
sv,A,"People/NNS kind/RB of/RB look/VBP down/RP on/IN a/DT ,/, on/IN a/DT ,/, you/PRP know/VBP ,/, the/DT role/NN of/IN a/DT woman/NN as/IN a/DT housewife/NN ,/,","People kind of look down [ on a, + on ] [ a, + {D you know, } the ] role of a woman as a housewife, /"
sd,A,"it/PRP 's/BES kind/RB of/RB like/IN ,/, oh/UH ,/, well/UH ,/, you/PRP know/VBP ,/, she/PRP did/VBD n't/RB go/VB to/IN college/NN ,/,","it's kind of like, {F oh, } {D well, } {D you know, } she didn't go to college,"
b,B,Right/UH ./.,Right. /
+,A,and/CC she/PRP 's/BES just/RB a/DT housewife/NN ./.,and she's just a housewife. /
^q,B,She/PRP just/RB settled/VBD for/IN that/DT ./.,She just settled for that. /
%,B,Yeah/UH ./.,Yeah. /
aa,A,Right/UH ./.,Right. /
aa,A,Right/UH ./.,Right. /
sv,A,"Even/RB though/IN there/EX 's/BES probably/RB women/NNS with/IN M/NNP B/NNP A/NNP 's/NNPS ,/, maybe/RB even/RB Ph/NNP D/NNP 's/NNPS ,/, that/WDT are/VBP staying/VBG at/IN home/NN with/IN the/DT children/NNS ./.","Even though there's probably women with M B A's, maybe even Ph D's, that are staying at home with the children. /"
%,A,"Um/UH ,/,","{F Um, } -/"
sd,B,"Well/UH ,/, I/PRP only/RB know/VBP ,/,","{D Well, } I only know, - /"
sd,B,"I/PRP have/VBP ,/,","I have, - /"
sd,B,"of/IN my/PRP$ friends/NNS who/WP have/VBP ,/, have/VBP children/NNS ,/, uh/UH ,/,","of my friends who [ have, + have ] children, {F uh, } - /"
sd,B,"I/PRP only/RB know/VBP of/IN one/CD woman/NN who/WP 's/HVS decided/VBN to/TO go/VB that/DT quote/NN ,/, unquote/NN ,/, traditional/JJ route/NN ./.","I only know of one woman who's decided to go that quote, unquote, traditional route. /"
b,A,Uh-huh/UH ./.,Uh-huh. /
sd,B,"And/CC ,/, I/PRP have/VBP a/DT lot/NN of/IN respect/NN for/IN her/PRP$ ,/, because/IN she/PRP made/VBD it/PRP as/IN a/DT real/JJ choice/NN ./.","{C And, } I have a lot of respect for her, because she made it as a real choice. /"
b,A,Uh-huh/UH ./.,Uh-huh. /
sd,B,"She/PRP really/RB knew/VBD that/IN she/PRP did/VBD n't/RB have/VB to/TO do/VB that/DT ,/,","She really knew that she didn't have to do that, /"
sd,B,but/CC she/PRP decided/VBD that/DT was/VBD what/WP she/PRP wanted/VBD to/TO do/VB in/IN her/PRP$ life/NN ./.,{C but } she decided that was what she wanted to do in her life. /
b,A,Uh-huh/UH ./.,Uh-huh. /
sd,B,"and/CC ,/, she/PRP wanted/VBD that/DT role/NN ./.","{C and, } she wanted that role. /"
sv,B,She/PRP 's/BES a/DT marvelous/JJ parent/NN,She's a marvelous parent /
sd,B,"and/CC I/PRP ,/, you/PRP know/VBP ,/, I/PRP say/VBP all/DT power/NN to/IN her/PRP because/IN she/PRP 's/BES an/DT example/NN to/IN me/PRP of/IN someone/NN who/WP really/RB does/VBZ have/VB the/DT choice/NN ./.","{C and } [ I, + {D you know, } I ] say all power to her because she's an example to me of someone who really does have the choice. /"
b,A,Uh-huh/UH ./.,Uh-huh. /
sv,B,"I/PRP feel/VBP that/IN a/DT lot/NN of/IN ,/, uh/UH ,/, women/NNS do/VBP n't/RB ,/,","I feel that a lot of, {F uh, } women don't, /"
sd,B,all/RB right/JJ I/PRP said/VBD they/PRP have/VBP the/DT choice/NN,all right I said they have the choice /
sv,B,"but/CC they/PRP do/VBP n't/RB necessarily/RB feel/VB that/IN they/PRP do/VBP because/IN they/PRP no/RB longer/RB feel/VBP like/IN if/IN they/PRP were/VBD just/RB to/TO be/VB a/DT parent/NN rather/IN than/IN ,/, uh/UH ,/, you/PRP know/VBP ,/, a/DT sort/NN of/IN super/JJ woman/NN success/NN in/IN the/DT business/NN world/NN as/IN well/RB ,/,","{C but } they don't necessarily feel that they do because they no longer feel like if they were just to be a parent rather than, {F uh, } {D you know, } a sort of super woman success in the business world as well,"
b,A,Uh-huh/UH ./.,Uh-huh. /
+,B,"they/PRP would/MD somehow/RB be/VB perceived/VBN as/IN a/DT failure/NN ,/,","they would somehow be perceived as a failure,"
b,A,Right/UH ./.,Right. /
+,B,"in/IN their/PRP$ own/JJ eyes/NNS or/CC in/IN others/NNS ,/,","in their own eyes or in others, /"
sv,B,"and/CC ,/, and/CC then/RB you/PRP ,/, and/CC then/RB it/PRP 's/BES not/RB a/DT choice/NN anymore/RB ./.","[ [ {C and, } + {C and then } you, ] + {C and then } it's ] not a choice anymore. /"
b,A,Uh-huh/UH ./.,Uh-huh. /
sv,B,"Uh/UH ,/, and/CC frankly/RB ,/, it/PRP 's/BES the/DT way/NN that/WDT men/NNS are/VBP ./.","{F Uh, } {C and } frankly, it's the way that men are. /"
sv,B,"Uh/UH ,/, men/NNS do/VBP n't/RB have/VB this/DT choice/NN ,/,","{F Uh, } men don't have this choice, /"
b,A,Uh-huh/UH ./.,Uh-huh. /
sv,B,they/PRP do/VBP n't/RB feel/VB this/DT choice/NN ./.,they don't feel this choice. /
b,A,Uh-huh/UH ./.,Uh-huh. /
b,A,Yeah/UH ./.,Yeah. /
+,B,Maybe/RB sort/RB of/RB feel/VB like/IN he/PRP is/VBZ n't/RB that/DT success/NN that/WDT he/PRP could/MD have/VB been/VBN ./.,Maybe sort of feel like he isn't that success that he could have been. /
b,A,Right/UH ./.,Right. /
%,B,"So/RB ,/, it/PRP 's/BES ,/, um/UH ,/,","{D So, } it's, {F um, } -/"
sd,A,There/EX 's/BES some/DT T/NN V/NN show/NN on/IN now/RB,There's some T V show on now /
sd,A,"and/CC I/PRP ,/, I/PRP think/VBP I/PRP 've/VBP seen/VBN it/PRP once/RB ./.","{C and } [ I, + I ] think I've seen it once. /"
sd,A,"I/PRP do/VBP n't/RB get/VB to/TO watch/VB much/JJ T/NN V/NN ,/,","I don't get to watch much T V, /"
sd,A,"but/CC ,/, uh/UH ,/, there/EX 's/BES a/DT T/NN V/NN show/NN where/WRB the/DT man/NN is/VBZ the/DT one/NN raising/VBG the/DT kids/NNS ,/,","{C but, } {F uh, } there's a T V show where the man is the one raising the kids,"
b,B,Uh-huh/UH ./.,Uh-huh. /
+,A,"and/CC the/DT wife/NN is/VBZ ,/,","and the wife is, - /"
%,A,"and/CC I/PRP ,/,","{C and } I, - /"
sv,A,"maybe/RB they/PRP based/VBD it/PRP on/IN that/DT MISTER/NNP MOM/NNP movie/NN ,/,","maybe they based it on that MISTER MOM movie, /"
sd,A,"but/CC ,/, uh/UH ,/,","[ {C but, } + {F uh, }"
sd,B,I/PRP did/VBD n't/RB happen/VB to/TO see/VB that/DT ./.,I didn't happen to see that. /
+,A,"but/CC ,/, uh/UH ,/, there/EX is/VBZ a/DT T/NN V/NN show/NN out/IN there/RB ./.","{C but, } ] {F uh, } there is a T V show out there. /"
sv,A,I/PRP guess/VBP they/PRP 're/VBP trying/VBG to/TO gain/VB more/RBR public/JJ acceptance/NN of/IN things/NNS like/IN that/DT ./.,I guess they're trying to gain more public acceptance of things like that. /
sd,A,Because/IN I/PRP know/VBP there/EX are/VBP cases/NNS of/IN where/WRB that/DT happens/VBZ,{C Because } I know there are cases of where that happens /
%,A,"and/CC ,/,","{C and, } -/"
aa,B,"Oh/UH ,/, yeah/UH ./.","{F Oh, } yeah. /"
sd,B,"I/PRP knew/VBD ,/, I/PRP knew/VBD people/NNS who/WP did/VBD that/DT years/NNS ago/RB ,/,","[ I knew, + I knew ] people who did that years ago, /"
b,A,Uh-huh/UH ./.,Uh-huh. /
sd,B,but/CC they/PRP were/VBD very/RB apologetic/JJ about/IN it/PRP,{C but } they were very apologetic about it /
sd,B,"because/IN you/PRP could/MD tell/VB they/PRP were/VBD used/JJ to/IN people/NNS saying/VBG ,/, What/WP are/VBP you/PRP doing/VBG that/DT for/IN ,/, you/PRP know/VBP ./.","{C because } you could tell they were used to people saying, What are you doing that for, {D you know. } /"
b,A,Right/UH ./.,Right. /
sv,A,"It/PRP 's/BES probably/RB getting/VBG more/RBR and/CC more/RBR accepted/VBN today/NN ,/,","It's probably getting more and more accepted today, /"
sv,A,"in/IN fact/NN it/PRP seems/VBZ like/IN it/PRP 's/BES kind/RB of/RB like/IN anything/NN goes/VBZ now/RB ,/,","in fact it seems {D like } it's kind of like anything goes now, /"
sv,A,you/PRP 're/VBP not/RB too/RB surprised/JJ on/IN much/JJ of/IN anything/NN ./.,you're not too surprised on much of anything. /
sd,A,"When/WRB ,/, you/PRP know/VBP ,/, the/DT husband/NN 's/BES the/DT one/NN at/IN home/NN raising/VBG the/DT children/NNS ,/,","When, {D you know, } the husband's the one at home raising the children,"
b,B,Yeah/UH ./.,Yeah. /
+,A,"the/DT mother/NN works/VBZ ,/,","the mother works, /"
sv,A,that/DT 's/BES not/RB real/RB surprising/JJ ./.,that's not real surprising. /
%,A,"And/CC ,/,","{C And, } -/"
b,B,Yeah/UH ./.,Yeah. /
sd,B,"I/PRP 've/VBP seen/VBN more/JJR and/CC more/JJR companies/NNS that/WDT have/VBP ,/, uh/UH ,/, parental/JJ leave/NN ,/, not/RB just/RB maternity/NN leave/NN ./.","I've seen more and more companies that have, {F uh, } parental leave, not just maternity leave. /"
b,A,Right/UH ./.,Right. /
sd,B,"They/PRP can/MD have/VB paternity/NN leave/NN ,/, as/RB well/RB as/IN maternity/NN leave/NN ./.","They can have paternity leave, as well as maternity leave. /"
b,A,Yeah/UH ./.,Yeah. /
sd,A,In/IN fact/NN I/PRP 'm/VBP pretty/RB sure/JJ TI/^NNP^NNP has/VBZ something/NN like/IN that/DT,In fact I'm pretty sure TI has something like that /
sd,A,"because/IN ,/, uh/UH ,/, one/CD of/IN the/DT area/NN supervisors/NNS ,/, uh/UH ,/, in/IN my/PRP$ area/NN ,/, as/IN a/DT matter/NN of/IN fact/NN ,/, took/VBD off/RP ,/, um/UH ,/, for/IN a/DT couple/NN of/IN weeks/NNS ,/, when/WRB his/PRP$ wife/NN had/VBD their/PRP$ baby/NN ./.","{C because, } {F uh, } one of the area supervisors, {F uh, } in my area, as a matter of fact, took off, {F um, } for a couple of weeks, when his wife had their baby. /"
b,B,Uh-huh/UH ./.,Uh-huh. /
sd,A,"Now/UH it/PRP might/MD have/VB been/VBN just/RB to/TO take/VB care/NN of/IN her/PRP$ and/CC the/DT baby/NN ,/,","Now it might have been just to take care of her and the baby,"
b,B,Yeah/UH ./.,Yeah. /
+,A,"instead/IN of/IN having/VBG a/DT ,/, you/PRP know/VBP ,/, a/DT ,/, a/DT nurse/NN ,/, or/CC someone/NN come/VB in/RB ,/, or/CC ,/,","instead of having [ [ a, + {D you know, } a, ] + a ] nurse, or someone come in, [ or, +"
b,B,"Uh-huh/UH ,/,","Uh-huh, /"
b,B,uh-huh/UH ./.,uh-huh. /
+,A,"or/CC something/NN like/IN that/DT ,/, or/CC whatever/WP ,/, mid-wife/NN or/CC whatever/WP they/PRP call/VBP it/PRP that/WDT they/PRP have/VBP for/IN the/DT first/JJ couple/NN of/IN weeks/NNS ./.","or ] something like that, [ or whatever, + mid-wife or whatever ] they call it that they have for the first couple of weeks. /"
b,B,Yeah/UH ./.,Yeah. /
sd,A,"But/CC ,/, I/PRP do/VBP n't/RB know/VB if/IN he/PRP took/VBD that/DT out/IN of/IN his/PRP$ vacation/NN or/CC if/IN they/PRP really/RB do/VBP have/VB a/DT paternity/NN ,/,","{C But, } I don't know if he took that out of his vacation or if they really do have a paternity, /"
sd,A,"he/PRP put/VBP paternity/NN leave/NN up/IN there/RB ,/,","he put paternity leave up there, /"
sd,A,"but/CC it/PRP might/MD have/VB just/RB been/VBN him/PRP describing/VBG the/DT fact/NN that/IN he/PRP was/VBD taking/VBG vacation/NN days/NNS to/TO go/VB be/VB a/DT father/NN for/IN a/DT little/JJ while/NN ,/,","{C but } it might have just been him describing the fact that he was taking vacation days to go be a father for a little while, /"
b,B,"Uh-huh/UH ,/,","Uh-huh, /"
b,B,"uh-huh/UH ,/,","uh-huh, /"
b,B,uh-huh/UH ./.,uh-huh. /
h,A,I/PRP do/VBP n't/RB know/VB ./.,I don't know. /
sd,A,"But/CC ,/, I/PRP 'm/VBP not/RB real/RB sure/JJ how/WRB that/DT goes/VBZ ./.","{C But, } I'm not real sure how that goes. /"
b,B,"Yeah/UH ,/,","Yeah, /"
sv,B,"the/DT other/JJ big/JJ change/NN I/PRP see/VBP in/IN ,/, in/IN woman/NN 's/POS lives/NNS is/VBZ ,/, um/UH ,/, to/TO remain/VB biological/JJ","the other big change I see [ in, + in ] woman's lives is, {F um, } <laughter> to remain biological /"
sd,B,"they/PRP ,/, uh/UH ,/, women/NNS because/IN they/PRP have/VBP choice/NN are/VBP having/VBG children/NNS much/RB later/RB in/IN life/NN ./.","[ [ they, + {F uh, } women ] + {C because } they ] [ have choice + are having ] children much later in life. /"
b,A,Right/UH ./.,Right. /
sd,B,"Uh/UH ,/, I/PRP mean/VBP ,/, my/PRP$ friends/NNS who/WP are/VBP having/VBG children/NNS are/VBP having/VBG them/PRP at/IN age/NN thirty/CD ./.","{F Uh, } {E I mean, } my friends who are having children are having them at age thirty. /"
b,A,Uh-huh/UH ./.,Uh-huh. /
sd,B,"And/CC ,/, uh/UH ,/, if/IN I/PRP 'd/VBD been/VBN a/DT couple/NN of/IN generations/NNS ago/RB ,/, they/PRP would/MD have/VB had/VBN kids/NNS running/VBG around/RB by/IN then/RB ./.","{C And, } {F uh, } if I'd been a couple of generations ago, they would have had kids running around by then. /"
b,A,Right/UH ./.,Right. /
sv,A,"Well/UH ,/, people/NNS they/PRP ,/, in/IN general/JJ ,/, are/VBP just/RB getting/VBG married/VBN a/DT lot/NN later/RB ./.","{D Well, } people they, in general, are just getting married a lot later. /"
sd,A,I/PRP 'm/VBP still/RB single/JJ,I'm still single /
sv,A,"so/RB I/PRP 'm/VBP sure/JJ I/PRP 'll/MD be/VB one/CD of/IN those/DT parents/NNS that/WDT 's/BES ,/, you/PRP know/VBP ,/, one/CD of/IN those/DT women/NNS in/IN her/PRP$ thirties/NNS when/WRB ,/, when/WRB I/PRP get/VBP around/RP to/IN ,/, to/IN ever/RB getting/VBG married/VBN and/CC having/VBG kids/NNS ./.","{C so } I'm sure I'll be [ one of those parents that's, + {D you know, } one of those women ] in her thirties [ when, + when ] I get around [ to, + to ] ever getting married and having kids. /"
b,B,Yeah/UH ./.,Yeah. /
b,B,Yeah/UH ./.,Yeah. /
sv,A,"That/DT 's/BES ,/, uh/UH ,/, I/PRP think/VBP ,/, I/PRP think/VBP that/DT 's/BES getting/VBG a/DT little/RB more/RBR common/JJ too/RB ./.","[ That's, + {F uh, } [ I think, + I think ] that's ] getting a little more common too. /"
b,B,Yeah/UH ./.,Yeah. /
sv,B,"I/PRP actually/RB think/VBP that/IN I/PRP 'm/VBP ,/, I/PRP 'm/VBP somewhat/RB encouraged/JJ by/IN that/DT trend/NN ,/, because/IN after/IN all/DT people/NNS live/VBP longer/RBR lives/NNS now/RB ,/,","I actually think that [ I'm, + I'm ] somewhat encouraged by that trend, because after all people live longer lives now,"
b,A,Uh-huh/UH ./.,Uh-huh. /
+,B,"so/RB ,/, it/PRP 's/BES not/RB like/IN ,/, you/PRP know/VBP ,/, it/PRP 's/BES not/RB like/IN you/PRP 're/VBP going/VBG to/TO ,/, uh/UH ,/, you/PRP know/VBP ,/, pass/VB away/RP before/IN your/PRP$ child/NN is/VBZ an/DT adult/NN ,/,","so, [ it's not + {D like, } {D you know, } it's not ] {D like } you're going to, {F uh, } {D you know, } pass away before your child is an adult,"
b,A,Right/UH ./.,Right. /
+,B,"I/PRP mean/VBP ,/, barring/VBG ,/, you/PRP know/VBP ,/, unforeseen/JJ circumstances/NNS ./.","{E I mean, } barring, {D you know, } unforeseen circumstances. /"
sv,B,"And/CC ,/, I/PRP think/VBP ,/, most/JJS people/NNS make/VBP better/JJR parents/NNS when/WRB they/PRP are/VBP a/DT little/JJ bit/NN more/RBR mature/JJ ./.","{C And, } I think, most people make better parents when they are a little bit more mature. /"
aa,A,Yeah/UH ./.,Yeah. /
sv,B,I/PRP really/RB do/VBP ./.,I really do. /
sv,A,"I/PRP think/VBP it/PRP also/RB gives/VBZ a/DT woman/NN a/DT chance/NN ,/, if/IN she/PRP does/VBZ have/VB a/DT job/NN and/CC a/DT career/NN ,/,","I think it also gives a woman a chance, if she does have a job and a career, /"
sd,A,it/PRP gives/VBZ the/DT man/NN and/CC the/DT wife/NN both/PDT the/DT chance/NN to/IN both/DT be/VB working/VBG and/CC maybe/RB save/VB up/RP some/DT money/NN,it gives the man and the wife both the chance to both be working and maybe save up some money /
sd,A,"and/CC then/RB it/PRP gives/VBZ her/PRP a/DT little/RB more/JJR option/NN if/IN she/PRP wants/VBZ to/TO stay/VB home/RB with/IN the/DT children/NNS while/IN they/PRP 're/VBP young/JJ ,/,","{C and then } it gives her a little more option if she wants to stay home with the children while they're young,"
b,B,Uh-huh/UH ./.,Uh-huh. /
+,A,"and/CC ,/, be/VB a/DT mother/NN for/IN awhile/RB ,/,","and, be a mother for awhile, /"
sd,A,and/CC then/RB once/IN they/PRP 've/VBP gotten/VBN to/IN school/NN age/NN maybe/RB she/PRP could/MD go/VB back/RB to/IN work/NN ./.,{C and then } once they've gotten to school age maybe she could go back to work. /
sv,A,"So/RB ,/, she/PRP 's/HVS kind/RB of/RB got/VBN that/DT option/NN ,/,","{C So, } she's kind of got that option,"
b,B,Yeah/UH ./.,Yeah. /
+,A,"if/IN ,/, if/IN they/PRP wait/VBP till/IN later/RB ,/, they/PRP 've/VBP saved/VBN up/RP some/DT money/NN ,/,","[ if, + if ] they wait till later, they've saved up some money, /"
sv,A,"that/IN it/PRP 's/BES not/RB as/RB difficult/JJ for/IN her/PRP to/TO stay/VB at/IN home/NN with/IN the/DT kids/NNS and/CC live/VB off/IN one/CD income/NN ,/, or/CC something/NN ./.","[ that + it's ] not as difficult for her to stay at home with the kids and live off one income, or something. /"
aa,B,"Yeah/UH ,/,","Yeah, /"
aa,B,yeah/UH ./.,yeah. /
sv,B,That/DT 's/BES true/JJ ./.,That's true. /
sd,B,"So/RB ,/, I/PRP guess/VBP ,/, I/PRP ,/, I/PRP 'm/VBP pretty/RB encouraged/JJ ./.","{D So, } I guess, [ I, + I'm ] pretty encouraged <laughter>. /"
b,A,Yeah/UH ./.,Yeah. /
sd,B,I/PRP really/RB am/VBP ./.,I really am. /
sd,B,"But/CC ,/, then/RB I/PRP 'm/VBP a/DT product/NN of/IN my/PRP$ generation/NN ,/,","{C But, } then I'm a product of my generation, /"
sv,B,"I/PRP do/VBP n't/RB know/VB ,/, if/IN I/PRP had/VBD been/VBN born/VBN a/DT hundred/CD years/NNS ago/RB and/CC were/VBD looking/VBG at/IN this/DT time/NN ,/, I/PRP might/MD not/RB like/VB it/PRP ,/,","I don't know, if I had been born a hundred years ago and were looking at this time, I might not like it, /"
sv,B,but/CC it/PRP sure/RB seems/VBZ nice/JJ to/IN me/PRP ./.,{C but } it sure seems nice to me. /
b,A,Uh-huh/UH ./.,Uh-huh. /
sd,B,"Uh/UH ,/, I/PRP mean/VBP ,/, I/PRP have/VBP other/JJ things/NNS to/TO complain/VB about/IN ,/,","{F Uh, } {E I mean, } I have other things to complain about, /"
sv,B,"but/CC in/IN terms/NNS of/IN ,/, uh/UH ,/, woman/NN 's/POS roles/NNS ,/,","{C but } in terms of, {F uh, } woman's roles,"
b,A,Uh-huh/UH ./.,Uh-huh. /
+,B,"um/UH ,/, things/NNS really/RB seem/VBP a/DT lot/NN more/RBR flexible/JJ ./.","{F um, } things really seem a lot more flexible. /"
sv,A,"I/PRP seem/VBP to/TO see/VB more/JJR women/NNS in/IN ,/, uh/UH ,/, in/IN leadership/NN type/NN roles/NNS and/CC management/NN positions/NNS ,/,","I seem to see more women [ in, + {F uh, } in ] leadership type roles and management positions,"
b,B,Yeah/UH ./.,Yeah. /
sv,B,"I/PRP mean/VBP ,/, it/PRP 's/BES still/RB ,/,","{E I mean, } [ it's still, +"
+,A,"in/IN politics/NNS ,/,","in politics, /"
+,B,"it/PRP 's/BES still/RB a/DT small/JJ minority/NN ,/,","it's still ] a small minority, /"
sv,B,"but/CC it/PRP 's/BES ,/,","[ {C but } it's, +"
b,A,Yeah/UH ./.,Yeah. /
+,B,but/CC it/PRP 's/BES an/DT improvement/NN ./.,{C but } it's ] an improvement. /
sv,B,It/PRP really/RB is/VBZ ./.,It really is. /
sd,A,Like/IN the/DT Mayor/NNP of/IN Dallas/NNP is/VBZ a/DT woman/NN ./.,{D Like } the Mayor of Dallas is a woman. /
ba,B,"Oh/UH ,/, really/UH !/.","{F Oh, } really! /"
sv,A,"And/CC ,/, I/PRP 'm/VBP sure/JJ that/IN twenty/CD years/NNS ago/RB that/DT never/RB would/MD have/VB happened/VBN ,/,","{C And, } I'm sure that twenty years ago that never would have happened, /"
%,A,"but/CC ,/,","{C but, } -/"
b,B,Uh-huh/UH ./.,Uh-huh. /
b,A,"yeah/UH ,/,","yeah, /"
sd,A,"she/PRP 's/BES ,/, I/PRP think/VBP ,/, she/PRP 's/BES in/IN her/PRP$ second/JJ term/NN now/RB ./.","[ she's, + I think, she's ] in her second term now. /"
%,A,"So/RB ,/, she/PRP 's/BES ,/, she/PRP 's/BES ,/,","{C So, } [ she's, + she's, ] - /"
"fo_o_fw_""_by_bc",A,"yeah/UH ,/,","yeah, /"
sd,A,"this/DT is/VBZ her/PRP$ second/JJ term/NN ,/,","this is her second term, /"
sv,A,"I/PRP think/VBP ,/, she/PRP 's/BES going/VBG to/TO ,/, going/VBG to/TO ,/, uh/UH ,/,","I think, she's [ [ going to, + going to, ] + {F uh, }"
b,B,Uh-huh/UH ./.,Uh-huh. /
+,A,not/RB going/VBG to/TO run/VB again/RB after/IN this/DT ./.,not going to ] run again after this. /
sd,A,"But/CC ,/, but/CC ,/, uh/UH ,/, we/PRP do/VBP ,/, and/CC we/PRP have/VBP several/JJ council/NN women/NNS that/WDT are/VBP women/NNS ,/,","[ {C But, } + {C but, } ] {F uh, } we do, and we have several council women that are women, /"
h,A,"but/CC ,/,","{C but, }"
b,B,Yeah/UH ./.,Yeah. /
+,A,you/PRP just/RB start/VBP hearing/VBG more/JJR and/CC more/JJR ./.,you just start hearing more and more. /
sd,A,"In/IN fact/NN ,/, oh/UH ,/, the/DT ,/, the/DT Governor/NNP of/IN Texas/NNP is/VBZ a/DT woman/NN ,/, too/RB ./.","In fact, {F oh, } [ the, + the ] Governor of Texas is a woman, too <laughter>. /"
b,B,Oh/UH ./.,Oh <laughter>. /
sd,A,We/PRP ca/MD n't/RB forget/VB that/DT one/NN ./.,We can't forget that one. /
%,A,"So/RB ,/,","{C So, } -/"
qw,B,"What/WP 's/BES ,/, what/WP 's/BES her/PRP$ name/NN ?/.","[ What's, + what's ] her name? /"
sd,A,Ann/NNP Richards/NNP ./.,Ann Richards. /
aa,B,"No/UH ,/,","No, /"
%,B,"it/PRP ,/,","it, - /"
sd,B,"we/PRP do/VBP n't/RB get/VB much/JJ Texas/NNP politics/NNS out/IN in/IN California/NNP ,/, to/TO be/VB honest/JJ ./.","we don't get much Texas politics out in California, to be honest. /"
b,A,Yeah/UH ./.,Yeah. /
sd,A,"She/PRP was/VBD inaugurated/VBN in/IN January/NNP ,/,","She was inaugurated in January, /"
sv,A,"so/RB ,/,","[ {C so, } +"
b,B,Uh-huh/UH ./.,Uh-huh. /
+,A,"so/RB ,/, you/PRP 're/VBP starting/VBG to/TO see/VB more/JJR of/IN that/DT","{C so, } ] you're starting to see more of that /"
sd,A,"and/CC I/PRP know/VBP when/WRB I/PRP was/VBD younger/JJR it/PRP was/VBD all/PDT the/DT Presidents/NNPS ,/, and/CC still/RB all/PDT the/DT Presidents/NNPS are/VBP men/NNS ,/,","{C and } I know when I was younger it was all the Presidents, and still all the Presidents are men, /"
sv,A,"but/CC I/PRP 'm/VBP sure/JJ that/IN one/CD of/IN these/DT days/NNS ,/, well/UH look/VB at/IN Ferraro/NNP ran/VBD for/IN Vice-President/NNP ,/,","{C but } I'm sure that one of these days, {A {D well } look at Ferraro ran for Vice-President, }"
aa,B,That/DT 's/BES right/JJ --/:,That's right -- /
+,A,"and/CC I/PRP guess/VBP one/CD of/IN these/DT days/NNS ,/, we/PRP 'll/MD ,/, we/PRP 'll/MD eventually/RB have/VB ,/,","{C and } I guess one of these days, [ we'll, + we'll ] eventually have, -/"
sv,B,"--/: although/IN during/IN ,/, during/IN the/DT Presidential/JJ debates/NNS ,/, there/EX was/VBD some/DT really/RB nasty/JJ patronizing/NN ,/,","-- although [ during, + during ] the Presidential debates, there was some really nasty patronizing,"
b,A,Uh-huh/UH ./.,Uh-huh. /
+,B,"stuff/NN toward/IN ,/,","stuff toward, /"
sd,B,"I/PRP do/VBP n't/RB know/VB if/IN you/PRP saw/VBD those/DT ,/,","I don't know if you saw those, /"
sv,B,"but/CC ,/, I/PRP thought/VBD she/PRP was/VBD treated/VBN badly/RB for/IN being/VBG a/DT woman/NN ,/,","{C but, } I thought she was treated badly for being a woman,"
b,A,Uh-huh/UH ./.,Uh-huh. /
+,B,"frankly/RB ,/, I/PRP really/RB did/VBD by/IN ,/, by/IN ,/, uh/UH ,/, the/DT the/DT then/JJ vice-presidential/JJ candidates/NNS ,/,","{A frankly, I really did } [ by, + by, ] {F uh, } [ [ the + <snorting> the ] + ] then vice-presidential candidates,"
b,A,Uh-huh/UH ./.,Uh-huh. /
+,B,"uh/UH ,/, who/WP really/RB ,/, I/PRP thought/VBD ,/, had/VBD a/DT demeaning/JJ attitude/NN towards/IN her/PRP ./.","{F uh, } who really, I thought, had a demeaning attitude towards her. /"
b,A,Yeah/UH ./.,Yeah. /
sv,B,"And/CC ,/, uh/UH ,/, it/PRP was/VBD sort/RB of/RB ,/, it/PRP was/VBD acceptable/JJ to/TO say/VB certain/JJ types/NNS of/IN things/NNS to/IN her/PRP that/WDT she/PRP could/MD n't/RB say/VB back/RB ,/,","{C And, } {F uh, } [ it was sort of, + it was ] acceptable to say certain types of things to her that she couldn't say back,"
b,A,Uh-huh/UH ./.,Uh-huh. /
+,B,"that/DT kind/NN of/IN thing/NN ,/, which/WDT ,/, I/PRP ,/, I/PRP ,/, I/PRP found/VBD myself/PRP getting/VBG quite/RB enraged/JJ about/IN ./.","that kind of thing, which, [ [ I, + I, ] + I ] found myself getting quite enraged about. /"
b,A,Uh-huh/UH ./.,Uh-huh. /
sd,B,"But/CC ,/, really/UH ,/, that/DT 's/BES a/DT previous/JJ generation/NN ./.","{C But, } really, that's a previous generation. /"
b,A,Uh-huh/UH ./.,Uh-huh. /
%,B,"I/PRP do/VBP n't/RB ,/,","I don't, - /"
sv,B,"it/PRP 's/BES harder/JJR to/TO imagine/VB people/NNS of/IN our/PRP$ age/NN doing/VBG that/DT ,/,","it's harder to imagine people of our age doing that,"
b,A,Right/UH ./.,Right. /
+,B,and/CC not/RB feeling/VBG really/RB stupid/JJ ./.,and not feeling really stupid. /
aa,A,Right/UH ./.,Right. /
aa,A,Right/UH ./.,Right <laughter>. /
sd,A,I/PRP agree/VBP ./.,I agree. /
sv,A,"Well/UH ,/, I/PRP think/VBP we/PRP 've/VBP ,/, we/PRP 've/VBP gotten/VBN our/PRP$ five/CD minutes/NNS","{D Well, } I think [ we've, + we've ] gotten our five minutes /"
%,A,"or/CC ,/,","{C or, } -/"
sd,B,"Well/UH ,/, they/PRP 've/VBP gotten/VBN their/PRP$ five/CD minutes/NNS worth/NN of/IN us/PRP ./.","{D Well, } they've gotten their five minutes worth of us. /"
fc,B,I/PRP 've/VBP enjoyed/VBN talking/VBG with/IN you/PRP ./.,I've enjoyed talking with you. /
fc,A,"It/PRP was/VBD nice/JJ talking/VBG to/IN you/PRP ,/, too/RB ./.","It was nice talking to you, too. /"
fc,B,"Okay/UH ,/,","Okay, /"
fc,B,take/VB care/NN ./.,take care. /
fc,A,"You/PRP ,/, too/RB ./.","You, too. /"
fc,A,"Bye/UH ,/, bye/UH ./.","Bye, bye. /"
fc,B,"Bye/UH ,/, bye/UH ./.","Bye, bye. /"
