act_tag,speaker,pos,text
"fo_o_fw_""_by_bc",A,"Ok-/UH ,/, okay/UH ./.","[ Ok-, + okay. ] /"
qw,B,"What/WP ,/, what/WP is/VBZ ,/,","[ What, + what ] is, - /"
qy,B,do/VBP you/PRP have/VB a/DT favorite/JJ recipe/NN ?/.,do you have a favorite recipe? /
ny,A,"Um/UH ,/, yeah/UH ,/,","{F Um, } yeah, /"
sd,A,"that/DT 's/BES what/WP it/PRP said/VBD to/TO discuss/VB some/DT maybe/RB a/DT recipe/NN ,/,","that's what it said to discuss some maybe a recipe, /"
sd,A,"well/UH ,/, it/PRP says/VBZ ,/, why/WRB would/MD you/PRP ,/, what/WP you/PRP would/MD have/VB for/IN a/DT dinner/NN party/NN ./.","{D well, } it says, [ (( why )) would you, + what you would ] have for a dinner party. /"
sd,A,"Um/UH ,/, this/DT is/VBZ strange/JJ because/IN I/PRP pressed/VBD one/CD and/CC I/PRP thought/VBD it/PRP said/VBD begin/VB ./.","{F Um, } this is strange because I pressed one and I thought it said begin. /"
b,B,Oh/UH ./.,Oh. /
b,A,"Okay/UH ,/,","Okay, /"
sv,A,"maybe/RB ,/, maybe/RB we/PRP 're/VBP all/RB set/JJ ./.","[ maybe, + maybe ] we're all set. /"
%,A,"Okay/UH ,/,","Okay, /"
ad,A,"we/PRP 'll/MD talk/VB for/IN five/CD minutes/NNS ,/,","we'll talk for five minutes, /"
sd,A,they/PRP interrupt/VBP at/IN the/DT end/NN ./.,they interrupt at the end. /
%,A,"Um/UH ,/, yeah/UH ,/,","{F Um, } yeah, /"
sd,A,"it/PRP says/VBZ what/WP you/PRP would/MD have/VB for/IN a/DT dinner/NN party/NN ,/,","it says what you would have for a dinner party, /"
sd,A,I/PRP just/RB happen/VBP to/TO plan/VB one/NN out/RB for/IN Saturday/NNP,I just happen to plan one out for Saturday /
sd,A,"I/PRP 'll/MD tell/VB you/PRP ,/,","I'll tell you,"
ba,B,"Oh/UH ,/, that/DT 's/BES wonderful/JJ ./.","{F Oh, } that's wonderful. /"
+,A,what/WP I/PRP 'm/VBP going/VBG to/TO have/VB ./.,what I'm going to have.
b,B,Okay/UH ./.,Okay. /
+,A,"Um/UH ,/, if/IN I/PRP can/MD find/VB it/PRP ./.","{F Um, } (( if )) I can find it. /"
sd,A,"Well/UH ,/, I/PRP have/VBP this/DT new/JJ fondue/NN pot/NN","{D Well, } I have this new fondue pot /"
sd,A,"and/CC I/PRP was/VBD going/VBG to/TO do/VB basic/JJ cheese/NN fondue/NN ,/,","{C and } I was going to do basic cheese fondue, /"
sd,A,and/CC I/PRP have/VBP two/CD different/JJ kinds/NNS of/IN breads/NNS and/CC some/DT ham/NN,{C and } I have two different kinds of breads and some ham /
sd,A,"and/CC I/PRP was/VBD going/VBG to/TO try/VB something/NN weird/JJ which/WDT ,/, you/PRP know/VBP ,/,","{C and } I was going to try something weird which, {D you know, } - /"
sd,A,"when/WRB you/PRP have/VBP fish/NN au/FW gratin/FW ,/,","(( when you have )) fish au gratin, - /"
sd,A,"I/PRP was/VBD going/VBG to/TO make/VB some/DT ,/, uh/UH ,/, like/IN fish/NN chunks/NNS and/CC dip/VB it/PRP in/IN the/DT fondue/NN ./.","I was going to make some, {F uh, } {D like } fish chunks and dip it in the fondue. /"
sd,A,I/PRP do/VBP n't/RB know/VB if/IN it/PRP will/MD come/VB out/RP ./.,I don't know if it will come out. /
%,B,"That/DT 's/BES ,/,","That's, - /"
qy,B,"what/WDT kind/NN of/IN fondue/NN ,/, the/DT cheese/NN dip/NN or/CC ,/,","what kind of fondue, the cheese dip or, -/"
ny,A,"Yeah/UH ,/,","Yeah, /"
sd,A,"the/DT cheese/NN fondue/NN I/PRP make/VBP ,/,","the cheese fondue I make, - /"
sd,A,"some/DT people/NNS like/VBP swiss/NNP ,/, um/UH ,/,","some people like swiss, {F um, } /"
sd,A,I/PRP prefer/VBP cheddar/NN ./.,I prefer cheddar. /
sd,A,"And/CC I/PRP 'll/MD mix/VB ,/,","{C And } I'll mix, - /"
sd,A,"I/PRP wo/MD n't/RB make/VB ,/, I/PRP wo/MD n't/RB have/VB a/DT sharp/JJ cheddar/NN because/IN it/PRP ,/, for/IN fondue/NN I/PRP think/VBP it/PRP should/MD be/VB a/DT little/RB calmer/JJR than/IN real/RB sharp/JJ ,/,","[ I won't make, + I won't have ] a sharp cheddar because [ it, + for fondue I think it ] should be a little calmer than real sharp,"
b,B,Right/UH ./.,Right. /
+,A,cheddar/NN ./.,cheddar. /
b,B,Yeah/UH ./.,Yeah. /
sd,A,And/CC then/RB I/PRP was/VBD going/VBG to/TO make/VB other/JJ things/NNS like/IN potato/NN skins/NNS ./.,{C And then } I was going to make other things like potato skins. /
ba,B,"Oh/UH ,/, that/DT sounds/VBZ good/JJ ./.","{F Oh, } that sounds good. /"
sd,A,"It-/XX ,/, see/UH you/PRP do/VB n't/RB necessarily/RB have/VB to/TO dip/VB this/DT stuff/NN ./.","[ It-, + ] see you don't necessarily have to dip this stuff. /"
sd,A,"And/CC ,/, um/UH ,/, I/PRP was/VBD going/VBG to/TO have/VB broccoli/NNS and/CC cauliflower/NN for/IN a/DT ,/, a/DT vegetable/NN ./.","{C And, } {F um, } I was going to have broccoli and cauliflower for [ a, + a ] vegetable. /"
sv,B,That/DT 's/BES always/RB a/DT good/JJ thing/NN ./.,That's always a good thing. /
sv,B,"Vegetable/NN trays/NNS always/RB go/VBP over/RP so/RB well/RB ,/, because/IN I/PRP think/VBP people/NNS get/VBP tired/JJ of/IN eating/VBG junk/NN ./.","Vegetable trays always go over so well, because I think people get tired of eating junk. /"
sv,B,"I/PRP mean/VBP ,/, I/PRP think/VBP they/PRP like/VBP to/TO have/VB healthy/JJ stuff/NN too/RB ,/,","{E I mean, } I think they like to have healthy stuff too, /"
%,B,"you/PRP know/VBP it/PRP 's/BES ,/,","{D you know } it's, -/"
aa,A,"Oh/UH ,/, yeah/UH ,/,","{F Oh, } yeah, /"
sv,A,it/PRP 's/BES amazing/JJ how/WRB vegetables/NNS trays/NNS will/MD go/VB at/IN a/DT party/NN ./.,it's amazing how vegetables trays will go at a party. /
aa,B,"Oh/UH ,/, definitely/UH ./.","{F Oh, } definitely. /"
sv,B,"I/PRP think/VBP better/RBR even/RB than/IN ,/, than/IN other/JJ kinds/NNS of/IN food/NN ./.","I think better even [ than, + than ] other kinds of food <laughter>. /"
aa,A,"Yeah/UH ,/,","Yeah, /"
sd,A,"instead/IN of/IN something/NN greasy/JJ or/CC ,/,","instead of something greasy or, -/"
aa,B,"Right/UH ,/,","Right, /"
aa,B,exactly/UH ./.,exactly. /
%,B,Yeah/UH ./.,Yeah. /
sd,A,"MUMBLEx/XX my/PRP$ ,/, uh/UH ,/, girlfriends/NNS do/VBP catering/NN","(( )) my, {F uh, } girlfriends do catering /"
sd,A,"and/CC they/PRP always/RB ,/, about/RB every/DT party/NN they/PRP do/VBP is/VBZ they/PRP have/VBP a/DT vegetable/NN tray/NN ./.","{C and } [ they + always, about every party they ] do is (( they )) have a vegetable tray. /"
sd,A,I/PRP think/VBP they/PRP try/VBP and/CC suggest/VB it/PRP ./.,I think they try and suggest it. /
b,B,Uh-huh/UH ./.,Uh-huh. /
sd,A,"What/WP I/PRP 've/VBP been/VBN doing/VBG when/WRB I/PRP get/VBP invited/VBN someplace/RB and/CC bring/VBP something/NN ,/, I/PRP make/VBP ,/, uh/UH ,/, food/NN kabobs/NNS ./.","What I've been doing when I get invited someplace and bring something, I make, {F uh, } food kabobs. /"
sd,A,"You/PRP take/VBP little/JJ toothpicks/NNS and/CC cut/VBP up/RP ,/,","You take little toothpicks and cut up,"
b,B,Oh/UH ./.,Oh. /
+,A,"uh/UH ,/, pineapple/NN and/CC strawberry/NN ,/,","{F uh, } pineapple and strawberry,"
b,B,Yes/UH ./.,Yes. /
+,A,and/CC even/JJ banana/NN if/IN you/PRP can/MD do/VB it/PRP just/RB before/IN you/PRP leave/VBP ./.,and even banana if you can do it just before you leave. /
b,B,Right/UH ./.,Right. /
sd,A,It/PRP stays/VBZ nice/JJ and/CC fresh/JJ ./.,It stays nice and fresh. /
aa,B,"Right/UH ,/,","Right, /"
sv,B,that/DT 's/BES true/JJ ./.,that's true. /
qy,B,"Or/CC even/RB have/VBP you/PRP ever/RB seen/VBN where/WRB they/PRP ,/, they/PRP 'll/MD take/VB a/DT watermelon/NN and/CC just/RB cut/VB the/DT top/NN out/IN of/IN it/PRP and/CC then/RB hollow/VB that/DT out/RP ,/,","{C Or } even have you ever seen where [ they, + they'll ] take a watermelon and just cut the top out of it and then hollow that out,"
ny,A,Yeah/UH ./.,Yeah. /
+,B,and/CC then/RB put/VB the/DT fruit/NN in/IN the/DT watermelon/NN that/WDT is/VBZ really/RB neat/JJ MUMBLEx/XX ./.,and then put the fruit in the watermelon that is really neat (( )) . /
b,A,"Yeah/UH ,/,","Yeah, /"
sd,A,I/PRP like/VBP those/DT ./.,I like those <laughter>. /
b,B,Yep/UH ./.,Yep. /
sd,A,"Um/UH ,/, they/PRP ,/, they/PRP made/VBD a/DT couple/NN of/IN those/DT ,/, uh/UH ,/,","{F Um, } [ they, + they ] made a couple of those, {F uh, } /"
sd,A,"they/PRP made/VBD one/NN for/IN my/PRP$ ,/, uh/UH ,/, bridal/JJ shower/NN","they made one for my, {F uh, } bridal shower /"
sd,A,and/CC I/PRP was/VBD pretty/RB pleased/JJ ./.,{C and } (( I was )) pretty pleased. /
sd,A,I/PRP never/RB made/VBD one/NN for/IN myself/PRP though/RB ./.,I never made one for myself though. /
sv,A,But/CC they/PRP look/VBP easy/JJ enough/RB to/TO make/VB,{C But } they look easy enough to make /
%,A,"it/PRP 's/BES not/RB ,/,","it's not, -/"
sv,B,"Oh/UH ,/, I/PRP think/VBP it/PRP would/MD ,/, it/PRP would/MD be/VB a/DT lot/NN of/IN work/NN","{F Oh, } I think [ it would, + it would ] be a lot of work /"
h,B,"but/CC ,/, um/UH ,/,","[ {C but, } + {F um, }"
b,A,Yeah/UH ./.,Yeah. /
+,B,"you/PRP know/VBP ,/, because/IN it/PRP 's/BES ,/, you/PRP know/VBP ,/,","{D you know, } {C because } ] it's, {D you know, } - /"
sv,B,"you/PRP have/VBP to/TO cut/VB each/DT thing/NN or/CC ,/, you/PRP know/VBP ,/, use/VB the/DT melon/NN baller/NN and/CC stuff/NN","you have to cut each thing or, {D you know, } use the melon baller and stuff /"
sv,B,"but/CC ,/, but/CC I/PRP think/VBP they/PRP 're/VBP really/RB neat/JJ","[ {C but, } + {C but } ] I think they're really neat /"
sv,B,"and/CC ,/, you/PRP know/VBP ,/, I/PRP think/VBP they/PRP 're/VBP worth/JJ the/DT time/NN ,/, you/PRP know/VBP ,/, because/IN they/PRP ,/,","{C and, } {D you know, } I think they're worth the time, {D you know, } because they, -/"
b,A,"Yeah/UH ,/,","Yeah, /"
sv,A,"you/PRP probably/RB get/VBP this/DT ,/, probably/RB pretty/RB sticky/JJ after/IN you/PRP get/VBP done/VBN ./.","you [ probably + get [ this, + ] probably ] pretty sticky after you get done. /"
b,B,"Oh/UH ,/, yeah/UH","{F Oh, } yeah /"
x,B,./.,<laughter>.
sd,A,"Then/RB you/PRP 've/VBP got/VBN to/TO drain/VB the/DT water/NN out/IN of/IN the/DT watermelon/NN because/IN ,/, you/PRP know/VBP ,/, when/WRB you/PRP scrape/VBP it/PRP ,/, it/PRP makes/VBZ the/DT water/NN ./.","Then you've got to drain the water out of the watermelon because, {D you know, } when you scrape it, it makes the water. /"
b,B,Right/UH ./.,Right. /
b,B,Yeah/UH ./.,Yeah. /
b,A,"Yeah/UH ,/,","Yeah, /"
sd,A,"um/UH ,/, something/NN I/PRP do/VBP is/VBZ a/DT fruit/NN ,/,","{F um, } something I do (( is a )) fruit, - /"
sd,A,"is/VBZ ,/, I/PRP 'll/MD get/VB ,/, um/UH ,/, make/VB chocolate/NN sauce/NN and/CC dip/VB strawberries/NNS and/CC bananas/NNS in/IN them/PRP ./.","[ is, + ] I'll [ get, + {F um, } make ] chocolate sauce and dip strawberries and bananas in them. /"
%,A,"Yeah/UH ,/,","Yeah, /"
sd,A,I/PRP have/VBP two/CD nieces/NNS,I have two nieces /
sd,A,"and/CC they/PRP ,/, they/PRP MUMBLEx/XX they/PRP go/VBP melt/VB some/DT chocolate/NN chips/NNS ,/, ./.","{C and } [ [ they, + they ] + (( )) they ] go melt some chocolate chips, <laughter>. /"
^q,A,Go/VB buy/VB me/PRP some/DT strawberries/NNS ./.,Go buy me some strawberries. /
qy,B,"Is/VBZ that/DT ,/, is/VBZ that/DT good/JJ ?/.","[ Is that, + is that ] good? /"
sd,B,"You/PRP know/VBP ,/, I/PRP 've/VBP seen/VBN that/DT so/RB many/JJ times/NNS ,/, strawberries/NNS dipped/VBD in/IN chocolate/NN","{D You know, } I've seen that so many times, strawberries dipped in chocolate /"
sd,B,"but/CC I/PRP 've/VBP never/RB tried/VBN it/PRP ,/,","{C but } I've never tried it, /"
qy,B,are/VBP they/PRP really/RB good/JJ ?/.,are they really good? /
ny,A,"Yeah/UH ,/,","Yeah, /"
sd,A,"ther-/XX ,/, you/PRP know/VBP ,/, if/IN you/PRP get/VBP a/DT sweet/JJ strawberry/NN they/PRP 're/VBP much/RB better/JJR ,/,","[ ther-, + {D you know, } if you get a sweet strawberry they're ] much better, /"
sd,A,"but/CC if/IN you/PRP get/VBP a/DT sour/JJ strawberry/NN ,/,","{C but } if you get a sour strawberry, -/"
qy,B,"Oh/UH ,/, I/PRP bet/VBP it/PRP does/VBZ n't/RB mix/VB well/RB ,/, does/VBZ it/PRP ?/.","{F Oh, } I bet it doesn't mix well, does it? /"
ny,A,"Huh/UH ./. Yeah/UH ,/,","{F Huh. } Yeah, /"
nn,A,"no/UH ,/,","no, /"
sd,A,"they/PRP ,/, um/UH ,/, the/DT strawberries/NNS are/VBP coming/VBG in/IN season/NN now/RB from/IN ,/,","[ they, + {F um, } the ] strawberries are coming in season now (( from )) , - /"
sd,A,"they/PRP 're/VBP ,/, they/PRP 're/VBP coming/VBG up/RP from/IN Florida/NNP ,/, of/IN course/NN ./.","[ they're, + they're ] coming up from Florida, of course. /"
sd,A,"I/PRP live/VBP in/IN Vermont/NNP ,/,","I live in Vermont, /"
sd,A,"so/RB ./. But/CC they/PRP 're/VBP really/RB reasonably/RB priced/VBN ,/,","[ {C so. } + {C But } ] they're really reasonably priced, /"
sd,A,"they/PRP 're/VBP coming/VBG up/RP from/IN Florida/NNP ,/,","they're coming up from Florida, /"
%,A,so/RB ./.,{C so. } -/
ba,B,"Oh/UH ,/, well/UH ,/, that/DT 's/BES good/JJ","{F Oh, } {D well, } that's good /"
sd,B,because/IN I/PRP know/VBP they/PRP 've/VBP been/VBN really/RB expensive/JJ lately/RB ./.,{C because } I know they've been really expensive lately.
b,A,Yeah/UH ./.,<Laughter> Yeah. /
+,B,"Because/IN they/PRP were/VBD n't/RB in/IN season/NN ,/,","Because they weren't in season, /"
sd,B,"of/IN course/NN ,/, they/PRP had/VBD to/TO be/VB ,/, be/VB ,/, uh/UH ,/, grown/VBN in/IN greenhouses/NNS and/CC stuff/NN and/CC in/IN ,/,","of course, they had to [ be, + be, ] {F uh, } grown in greenhouses and stuff (( and in )) , -/"
b,A,"Yeah/UH ,/,","Yeah, /"
sv,A,"I/PRP think/VBP the/DT ,/, uh/UH ,/, actually/RB I/PRP think/VBP they/PRP get/VBP ,/, um/UH ,/, some/DT of/IN them/PRP from/IN South/NNP America/NNP ./.","[ I think the, + {F uh, } actually I think they ] get, {F um, } some of them from South America. /"
bh,B,"Oh/UH ,/, is/VBZ that/DT right/JJ ?/.","{F Oh, } is that right? /"
ny,A,"Yep/UH ,/,","Yep, /"
%,A,"they/PRP ,/,","they, - /"
sd,A,"a/DT lot/NN of/IN ,/, um/UH ,/, of/IN a/DT ,/, um/UH ,/, winter/NN produce/NN comes/VBZ from/IN South/NNP America/NNP ./.","a lot [ of, + {F um, } of ] a, {F um, } winter produce comes from South America. /"
%,B,"Oh/UH ,/, I/PRP MUMBLEx/XX ./.","{F Oh, } I (( )) . -/"
sd,A,"Of/IN course/NN ,/, their/PRP$ seasons/NNS are/VBP switched/VBN ./.","Of course, their seasons are switched. /"
b,B,Uh-huh/UH ./.,Uh-huh. /
b,B,Right/UH ./.,Right. /
qy,A,"So/RB ,/, um/UH ,/, do/VBP you/PRP want/VB to/TO discuss/VB the/DT recipe/NN ?/.","{C So, } {F um, } do you want to discuss the recipe? /"
arp_nd,B,"Well/UH ,/,","{D Well, } -/"
oo_co_cc,A,I/PRP have/VBP a/DT recipe/NN if/IN you/PRP want/VBP ./.,I have a recipe if you want <laughter>. /
aa,B,"Okay/UH ,/,","Okay, /"
aa,B,"sure/UH ,/, su-/UH ,/,","sure, [ su-, + ] /"
%,A,"Um/UH ,/, it/PRP filled/VBD ,/,","{F Um, } (( it filled )) , - /"
sv,A,a/DT lot/NN of/IN people/NNS try/VBP to/TO stay/VB away/RB from/IN this/DT,a lot of people try to stay away from this /
sd,A,but/CC I/PRP make/VBP my/PRP$ own/JJ homemade/JJ pudding/NN just/RB because/IN I/PRP do/VBP n't/RB like/VB box/NN pudding/NN ./.,{C but } I make my own homemade pudding just because I don't like box pudding. /
bh,B,Is/VBZ that/DT right/JJ ?/.,Is that right? /
sd,B,I/PRP 've/VBP never/RB heard/VBN of/IN that/DT ./.,I've never heard of that. /
ny,A,"Yeah/UH ,/,","Yeah, /"
%,A,"it/PRP ,/, and/CC it/PRP MUMBLEx/XX if/IN you/PRP ,/, um/UH ,/, well/UH ,/,","[ it, + {C and } it ] (( )) if you, {F um, } {D well, } - /"
sd,A,first/JJ of/IN all/DT I/PRP MUMBLEx/XX take/VBP about/RB a/DT quarter/NN and/CC a/DT half/NN of/IN milk/NN,(( first of all )) I (( )) take about a quarter and a half of milk /
sd,A,and/CC I/PRP put/VBP it/PRP in/IN a/DT two/CD quart/NN saucepan/NN,{C and } I put it in a two quart saucepan /
ad,A,and/CC you/PRP put/VBP it/PRP on/IN a/DT really/RB low/JJ heat/NN ./.,{C and } you put it on a really low heat. /
b,B,Uh-huh/UH ./.,Uh-huh. /
ad,A,"And/CC you/PRP want/VBP to/TO use/VB one/CD of/IN your/PRP$ good/JJ sauce/NN pans/NNS that/WDT dissipate/VBP the/DT heat/NN because/IN it/PRP ,/, it/PRP ends/VBZ up/RP burning/VBG ,/,","{C And } you want to use one of your good sauce pans that dissipate the heat because [ it, + it ] ends up burning, /"
sd,A,"I/PRP mean/VBP ,/, no/DT matter/NN how/WRB careful/JJ you/PRP are/VBP you/PRP still/RB might/MD get/VB a/DT film/NN on/IN the/DT bottom/NN of/IN the/DT pot/NN ./.","{E I mean, } no matter how careful you are you still might get a film on the bottom of the pot. /"
b,B,Uh-huh/UH ./.,Uh-huh. /
sd,A,I/PRP do/VBP n't/RB let/VB that/DT worry/VB me/PRP ./.,I (( don't )) let that worry me. /
sd,A,And/CC I/PRP get/VBP the/DT milk/NN lukewarm/JJ,{C And } I get the (( milk )) lukewarm /
sd,A,and/CC then/RB I/PRP pour/VBP about/RB a/DT half/PDT a/DT cup/NN of/IN cornstarch/NN in/IN it/PRP,{C and then } I pour about a half a cup of cornstarch in it /
sd,A,and/CC I/PRP have/VBP this/DT thing/NN,{C and } I have this thing /
sd,A,"it/PRP 's/BES called/VBN the/DT slender/JJ blender/NN ,/,","it's called the slender blender, /"
sd,A,"it/PRP ,/, it/PRP makes/VBZ the/DT ,/, uh/UH ,/, it/PRP makes/VBZ ,/, uh/UH ,/, a/DT whip/NN topping/NN out/IN of/IN milk/NN if/IN you/PRP get/VBP the/DT milk/NN cold/JJ enough/RB ./.","[ [ it, + it ] makes the, + {F uh, } it makes, {F uh, } a ] whip topping out of milk if you get the milk cold enough. /"
h,A,"It/PRP 's/BES ,/, uh/UH ,/, I/PRP do/VBP n't/RB know/VB ,/,","It's, {F uh, } I don't know, - /"
sd,A,they/PRP 're/VBP called/VBN moo/NN goo/NN leaves/NNS or/CC something/NN,they're called (( moo goo leaves )) or something /
%,A,"they/PRP 're/VBP sl-/XX ,/,","they're sl-, -/"
sv,B,"I/PRP think/VBP I/PRP know/VBP what/WP you/PRP 're/VBP talk/VBG ,/,","I think I know what you're talk-, - /"
qy,B,is/VBZ it/PRP like/IN a/DT hand/NN held/VBN ?/.,is it {D like } a hand held? /
ny,A,Yeah/UH ./.,Yeah. /
sv,A,They/PRP 're/VBP real/RB neat/JJ ./.,They're real neat. /
%,B,"The/DT ,/,","The, - /"
bk,B,"yeah/UH ,/,","yeah, /"
bk,B,okay/UH ./.,okay. /
sv,A,"I/PRP think/VBP they/PRP 're/VBP real/RB reasonably/RB priced/VBN ,/,","I think they're real reasonably priced, /"
sd,A,"some/DT of/IN them/PRP ,/, they/PRP used/VBD to/TO be/VB a/DT hundred/CD dollars/NNS ,/,","some of them, they used to be a hundred dollars <noise>, /"
sd,A,and/CC they/PRP used/VBD to/TO whip/VB skim/JJ milk/NN into/IN a/DT dessert/NN,{C and } they used to whip skim milk into a dessert /
sd,A,"but/CC I/PRP did/VBD n't/RB get/VB that/DT one/NN ,/,","{C but } I didn't get that one, /"
sd,A,I/PRP got/VBD the/DT Black/NNP and/CC Decker/NNP kind/NN ./.,I got the Black and Decker kind. /
sv,A,"But/CC ,/, uh/UH ,/, it/PRP 's/BES real/RB handy/JJ because/IN it/PRP does/VBZ n't/RB have/VB a/DT cord/NN","{C But, } {F uh, } it's real handy because it doesn't have a cord /"
ad,A,"and/CC you/PRP beat/VBP this/DT cornstarch/NN right/RB into/IN the/DT mil-/NN ,/, the/DT milk/NN ,/, you/PRP know/VBP ,/,","{C and } you beat this cornstarch right into [ the mil-, + the milk, ] {D you know, } /"
sv,A,"and/CC it/PRP does/VBZ an/DT excellent/JJ job/NN ,/,","{C and } it does an excellent job, /"
sd,A,or/CC just/RB hand/GW beat/^VB it/PRP ./.,{C or } just hand beat it. /
sd,A,I/PRP guess/VBP you/PRP could/MD use/VB a/DT hand/NN mixer/NN,I guess you could use a hand mixer /
sv,A,"but/CC I/PRP do/VBP n't/RB think/VB it/PRP pur-/XX ,/, I/PRP do/VBP n't/RB think/VB it/PRP gets/VBZ it/PRP good/JJ enough/RB ./.","{C but } [ I don't think it pur-, + I don't think it gets ] it good enough. /"
b,B,Uh-huh/UH ./.,Uh-huh. /
sd,A,"And/CC then/RB before/IN the/DT milk/NN gets/VBZ too/RB hot/JJ ,/, um/UH ,/, I/PRP add/VBP two/CD beaten/JJ eggs/NNS and/CC I/PRP really/RB mix/VBP them/PRP in/IN good/RB ./. And/CC then/RB about/RB a/DT half/PDT a/DT cup/NN of/IN sugar/NN","{C And then } before the milk gets too hot, {F um, } I add two beaten eggs and I really mix them in good. And then about a half a cup of sugar /"
sd,A,"and/CC I/PRP let/VBP it/PRP pretty/RB much/JJ ,/,","{C and } I let it pretty much, /"
sd,A,I/PRP beat/VBP it/PRP like/IN every/DT minute/NN for/IN about/RB ten/CD seconds/NNS,I beat it {D like } every minute for about ten seconds /
sd,A,"and/CC it/PRP 's/BES ,/, it/PRP starts/VBZ thickening/VBG ,/,","{C and } [ it's, + it starts ] thickening, /"
sd,A,"when/WRB it/PRP thickens/VBZ the/DT cornstarch/NN might/MD get/VB a/DT little/JJ ,/, I/PRP do/VBP n't/RB know/VB ,/,","when it thickens the cornstarch might get a little, I don't know, - /"
sd,A,"it/PRP gets/VBZ like/IN little/JJ globs/NNS of/IN this/DT rubbery/JJ cornstarch/NN ,/,","it gets {D like } little globs of this rubbery cornstarch, /"
ad,A,and/CC you/PRP just/RB keep/VBP beating/VBG it/PRP in/IN ./.,{C and } you just keep beating it in. /
%,A,"And/CC it/PRP 's/BES the/DT ,/,","{C And } it's the, - /"
sd,A,"the/DT trick/NN is/VBZ ,/, is/VBZ to/TO have/VB this/DT blender/NN ,/,","the trick [ is, + is ] to have this blender, /"
%,A,"so/RB ,/, if/IN you/PRP were/VBD ,/,","{C so, } if you were, - /"
sv,A,you/PRP 'd/MD have/VB to/TO probably/RB almost/RB go/VB out/RB,you'd have to probably almost go out /
sd,A,"and/CC MUMBLEx/XX someone/NN who/WP 's/BES just/RB going/VBG to/TO make/VB it/PRP first/JJ time/NN ,/, it/PRP 's/BES ,/,","{C and } (( )) someone who's just going to make it first time, it's, - /"
sd,A,you/PRP 'll/MD have/VB much/RB better/JJR luck/NN if/IN you/PRP had/VBD one/CD of/IN these/DT little/JJ blenders/NNS ./.,you'll have much better luck if you had one of these little blenders. /
+,B,Huh/UH ./.,{F Huh. } /
sd,A,And/CC then/RB you/PRP can/MD add/VB cocoa/NN powder/NN to/IN it/PRP to/TO make/VB chocolate/NN,{C And then } you can add cocoa powder to it to make chocolate /
sd,A,"or/CC after/IN it/PRP 's/HVS thickened/VBN I/PRP cook/VBP it/PRP for/IN a/DT good/NN ,/,","{C or } after it's thickened I cook it for a good, - /"
sd,A,"once/IN it/PRP starts/VBZ boiling/VBG ,/, I/PRP just/RB ,/, I/PRP cook/VBP it/PRP for/IN a/DT good/JJ seven/CD minutes/NNS ,/,","once it starts boiling, [ I just, + I ] cook it for a good [ seven minutes, +"
b,B,Uh-huh/UH ./.,Uh-huh. /
+,A,seven/CD to/IN ten/CD minutes/NNS,seven to ten minutes ] /
sd,A,and/CC then/RB you/PRP can/MD make/VB chocolate/NN,{C and then } you can make chocolate /
sd,A,or/CC you/PRP can/MD take/VB it/PRP off/RP and/CC let/VB it/PRP cool/VB MUMBLEx/XX,{C or } you can take it off and let it cool (( )) - /
sd,A,"you/PRP put/VBP ,/, um/UH ,/, really/RB good/JJ vanilla/NN favoring/NN in/IN it/PRP and/CC some/DT butter/NN","you put, {F um, } really good vanilla favoring in it and some butter /"
sd,A,"and/CC that/DT makes/VBZ french/JJ vanilla/NN ,/, um/UH ,/, custard/NN ./.","{C and } that makes french vanilla, {F um, } custard. /"
%,A,"Yeah/UH ,/,","Yeah, /"
ba,B,"Oh/UH ,/, wow/UH ./.","{F Oh, } wow. /"
sv,B,That/DT is/VBZ really/RB interesting/JJ ./.,That is really interesting. /
br,B,"Are/VBP you/PRP saying/VBG to/TO use/VB like/UH ,/, um/UH ,/, for/IN chocolate/NN like/IN ,/, unsweetened/JJ ,/,","Are you saying to use {D like, } {F um, } for chocolate {D like, } unsweetened, /"
sd,A,A/DT chocolate/NN powder/NN ./.,A chocolate powder. /
br,B,unsweetened/JJ ?/.,unsweetened? /
ny,A,"Yeah/UH ,/,","Yeah, /"
sd,A,"that/DT cocoa/NN ,/, yeah/UH ,/, the/DT unsweetened/JJ ./.","that cocoa, {D yeah, } the unsweetened. /"
sd,A,"It/PRP comes/VBZ in/IN like/IN a/DT real/RB dark/JJ can/NN ,/,","It comes in like a real dark can, /"
b,B,Yeah/UH ./.,Yeah. /
sd,A,our/PRP$ mothers/NNS used/VBD to/TO use/VB it/PRP ./.,our mothers used to use it. /
%,A,"And/CC then/RB ,/,","{C And then, } -/"
sd,B,"Ri-/UH ,/, I/PRP have/VBP some/DT ./.","[ Ri-, + ] I have some <laughter>. /"
b,A,"Yeah/UH ,/,","Yeah, /"
sd,A,"we/PRP all/DT used/VBD to/TO ,/,","we all used to, -/"
sd,B,"I/PRP just/RB want/VBP to/TO ,/,","I just want to, -/"
b,A,yeah/UH,(( yeah /
sd,A,it/PRP 's/BES the/DT unsweetened/JJ kind/NN,")) , it's the unsweetened kind /"
sd,A,it/PRP 's/BES not/RB like/IN Nestles/NNP Quik/NNP ./.,it's not like Nestles Quik. /
b,B,Right/UH ./.,Right. /
bk,B,Okay/UH ./.,Okay. /
sv,A,I/PRP suppose/VBP you/PRP could/MD use/VB that/DT ./.,I suppose you could use that. /
%,A,"I-/XX ,/,","I-, -/"
bf,B,Cooking/NN chocolate/NN ./.,Cooking chocolate. /
ny,A,"Yeah/UH ,/,","Yeah, /"
%,A,"but/CC ,/, um/UH ,/,","{C but, } {F um, } -/"
sv,B,"That/DT 's/BES really/RB interesting/JJ ,/,","That's really interesting, /"
sd,B,I/PRP 've/VBP never/RB heard/VBN of/IN anybody/NN making/VBG their/PRP$ own/JJ pudding/NN before/IN that/DT 's/BES really/RB neat/JJ ./.,I've never heard of anybody making their own pudding before that's really neat. /
sd,A,"Well/UH ,/, I/PRP used/VBD to/TO make/VB the/DT regular/JJ pudding/NN ,/, the/DT chocolate/NN and/CC put/VB it/PRP in/IN the/DT pie/NN shell/NN","{D Well, } I used to make the regular pudding, the chocolate and put it in the pie shell /"
sd,A,"and/CC if/IN it/PRP would/MD sit/VB in/IN the/DT refrigerator/NN for/IN a/DT day/NN ,/, where/WRB you/PRP cut/VBP the/DT pie/NN ,/, it/PRP would/MD soak/VB into/IN the/DT pie/NN shell/NN","{C and } if it would sit in the refrigerator for a day, where you cut the pie, it would soak into the pie shell /"
sd,A,"and/CC it/PRP was/VBD like/UH red/JJ ,/,","{C and } it was {D like } red, /"
sd,A,"and/CC I/PRP 'm/VBP like/UH ,/, oh/UH ,/,","{C and } I'm {D like, } {F oh, } - /"
^q,A,this/DT is/VBZ kind/RB of/RB groedy/JJ ./.,this is kind of (( groedy )) . /
qw,B,"Well/UH ,/, how/WRB did/VBD you/PRP get/VBP a/DT recipe/NN for/IN pudding/NN on/IN your/PRP$ own/JJ ?/.","{D Well, } how did you get a recipe for pudding on your own? /"
sd,A,"Um/UH ,/, actually/RB I/PRP found/VBD it/PRP in/IN one/CD of/IN my/PRP$ mother/NN 's/POS ,/, um/UH ,/, homemade/JJ cookbooks/NNS ,/,","{F Um, } actually I found it in one of my mother's, {F um, } homemade cookbooks, /"
sd,A,"I/PRP mean/VBP ,/,","{E I mean, }"
bh,B,Is/VBZ that/DT right/JJ ?/.,Is that right? /
+,A,something/NN she/PRP had/VBD collected/VBN out/IN of/IN WOMAN/NNP 'S/POS DAY/NNP or/CC something/NN ./.,something she had collected out of WOMAN'S DAY or something. /
ba,B,"Oh/UH ,/, neat/JJ ,/,","{F Oh, } neat, /"
%,A,"So/UH ,/,","{D So, } -/"
sv,B,that/DT is/VBZ just/RB really/RB neat/JJ ./.,that is just really neat. /
%,B,"Because/IN I/PRP ,/,","{C Because } I, -/"
sv,A,"I/PRP think/VBP you/PRP could/MD n't/RB make/VB it/PRP with/IN a/DT hand/NN whisk/NN or/CC ,/, or/CC a/DT regular/JJ beater/NN","I think you couldn't make it with a hand whisk [ or, + or ] a regular beater /"
%,A,"but/CC ,/, um/UH ,/,","{C but, } {F um, } -/"
bf,B,It/PRP would/MD probably/RB be/VB a/DT lot/NN more/JJR work/NN and/CC probably/RB not/RB turn/VB out/RP as/RB good/JJ ./.,It would probably be a lot more work and probably not turn out as good. /
ny,A,"Yeah/UH ,/,","Yeah, /"
sv,A,"but/CC I/PRP still/RB think/VBP a/DT beater/NN would/MD do/VB it/PRP good/RB enough/RB ,/, um/UH ,/,","{C but } I still think a beater would do it good enough, {F um, } /"
sd,A,"the/DT trick/NN is/VBZ to/TO get/VB the/DT cornstarch/NN ,/,","the trick is to get the cornstarch, /"
b,B,Uh-huh/UH ./.,Uh-huh. /
%,A,"um/UH ,/, yeah/UH","{F um, } (( yeah /"
sd,A,"right/RB in/IN the/DT ,/, in/IN the/DT lukewarm/JJ milk/NN ./.",")) , right [ in the, + in the ] lukewarm milk. /"
sd,A,Sometimes/RB I/PRP put/VBP the/DT cornstarch/NN in/IN a/DT separate/JJ bowl/NN,Sometimes (( I )) put the cornstarch in a separate bowl /
sd,A,and/CC I/PRP would/MD put/VB it/PRP in/IN the/DT sink/NN,{C and } I would put it in the sink /
sd,A,and/CC I/PRP 'll/MD take/VB my/PRP$ lukewarm/JJ milk/NN and/CC put/VB it/PRP in/IN the/DT cornstarch/NN and/CC beat/VB it/PRP good/RB ./.,{C and } I'll take my lukewarm milk and put it in the cornstarch and beat it good. /
sv,A,"It/PRP seems/VBZ to/TO be/VB better/JJR than/IN putting/VBG the/DT ,/, the/DT cornstarch/NN into/IN the/DT liquid/JJ","It seems to be better than putting [ the, + the ] cornstarch into the liquid /"
sd,A,"it/PRP ,/, once/IN it/PRP hits/VBZ the/DT top/NN of/IN the/DT liquid/NN it/PRP seems/VBZ to/TO make/VB little/JJ balls/NNS and/CC stuff/NN on/IN the/DT top/NN ./.","[ it, + once it ] hits the top of the liquid it seems to make little balls and stuff on the top. /"
qy^d,B,So/RB you/PRP put/VBP the/DT milk/NN in/IN the/DT cornstarch/NN ?/.,{C So } you put the milk in the cornstarch? /
ny,A,Yeah/UH ./.,Yeah. /
sd,A,"And/CC I/PRP 'll/MD do/VB this/DT ,/, uh/UH ,/,","{C And } I'll do this, {F uh, } /"
sd,A,"sometimes/RB MUMBLEx/XX I/PRP 'll/MD put/VB my/PRP after/IN I/PRP pour/VBP that/DT into/IN my/PRP$ ,/, back/RB into/IN my/PRP$ saucepan/NN ./.","sometimes (( )) I'll (( put )) my (( after I )) pour that [ into my, + back into my ] saucepan. /"
sd,A,I/PRP 'll/MD put/VB the/DT eggs/NNS in/IN the/DT same/JJ dish/NN and/CC beat/VB them/PRP up/RP and/CC then/RB pour/VB the/DT cornstarch/NN and/CC the/DT milk/NN mixture/NN in/IN the/DT egg/NN ./.,I'll put the eggs in the same dish and beat them up and then pour the cornstarch and the milk mixture in the egg. /
%,A,"So/RB ,/,","{C So, } -/"
qy^d,B,And/CC then/RB put/VB that/DT back/RB in/IN the/DT saucepan/NN ?/.,{C And then } put that back in the saucepan? /
ny,A,Yep/UH ./.,Yep. /
sd,A,"And/CC then/RB ,/, you/PRP know/VBP ,/, if/IN you/PRP can/MD put/VB your/PRP$ cocoa/NN in/IN with/IN your/PRP$ cornstarch/NN if/IN you/PRP wanted/VBD to/TO ./. The/DT cocoa/NN even/RB seems/VBZ to/TO thicken/VB it/PRP even/RB more/RBR ./.","{C And then, } {D you know, } if you can put your cocoa in with your cornstarch if you wanted to. The cocoa even seems to thicken it even more. /"
%,B,"Huh/UH that/DT 's/BES ,/,","{F Huh } that's, -/"
sd,A,"Because/IN by/IN the/DT vanilla/NN does/VBZ n't/RB seem/VB to/TO thicken/VB as/RB well/RB as/IN the/DT ,/,","{C Because } (( by )) the vanilla doesn't seem to thicken as well as the, - /"
%,A,sometimes/RB the/DT cocoa/NN is/VBZ,sometimes the cocoa is - /
sd,A,"like/IN ,/, my/PRP$ husband/NN really/RB likes/VBZ it/PRP thick/JJ","{D like, } my husband really likes it thick /"
sd,A,"he/PRP says/VBZ ,/, I/PRP can/MD stick/VB the/DT spoon/NN right/RB in/IN this/DT ./.","he says, I can stick the spoon right in this. /"
b,B,Oh/UH ./.,<Laughter> Oh. /
sd,A,"Because/IN I/PRP 'm/VBP always/RB worrying/VBG it/PRP wo/MD n't/RB firm/VB up/RP because/IN it/PRP ,/, when/WRB you/PRP take/VBP it/PRP out/IN of/IN the/DT saucepan/NN it/PRP 's/BES like/IN ,/, boy/NN ,/, I/PRP hope/VBP this/DT thickens/VBZ a/DT little/RB more/RBR because/IN it/PRP 's/BES not/RB like/UH real/RB package/NN thick/JJ ,/, you/PRP know/VBP ,/,","{C Because } I'm always worrying it won't firm up because [ it, + when you take it ] out of the saucepan it's like, boy, I hope this thickens a little more because it's not like real package thick, {D you know, } /"
sd,A,"when/WRB you/PRP cook/VBP a/DT package/NN ,/,","when you cook a package,"
b,B,Uh-huh/UH ./.,Uh-huh. /
+,A,"it/PRP 's/BES ,/, it/PRP 's/BES a/DT little/RB less/JJR ,/,","[ it's, + it's ] a little less, /"
sd,A,but/CC I/PRP put/VBP it/PRP in/IN a/DT nice/JJ glass/NN bowl/NN,{C but } I put it in a nice glass bowl /
sv,A,"and/CC ,/, um/UH ,/, some/DT people/NNS do/VBP n't/RB like/VB that/DT ,/, that/DT ,/, film/NN on/IN the/DT pudding/NN","{C and, } {F um, } some people don't like [ that, + that, ] film on the pudding /"
sd,A,"so/RB you/PRP can/MD put/VB ,/, uh/UH ,/, Saran/NNP Wrap/NNP over/IN the/DT top/NN ./.","{C so } you can put, {F uh, } Saran Wrap over the top. /"
b,B,Uh-huh/UH ./.,Uh-huh. /
sd,A,"And/CC then/RB once/IN the/DT pudding/NN starts/VBZ cooling/VBG it/PRP makes/VBZ little/JJ balls/NNS of/IN water/NN on/IN the/DT Saran/NNP Wrap/NNP ,/,","{C And then } once the pudding starts cooling it makes little balls of water on the Saran Wrap, /"
sd,A,"so/RB ,/, when/WRB you/PRP pull/VBP the/DT Saran/NNP Wrap/NNP back/RB ,/, you/PRP sort/RB of/RB should/MD be/VB a/DT little/RB careful/JJ ,/, pull/VB it/PRP back/RB and/CC shake/VB the/DT water/NN off/IN the/DT Saran/NNP Wrap/NNP","{C so, } when you pull the Saran Wrap back, you sort of should be a little careful, pull it back and shake the water off the Saran Wrap /"
sd,A,and/CC I/PRP might/MD put/VB it/PRP back/RB on/IN ./.,{C and } I might put it back on. /
%,A,"But/CC ,/, um/UH ,/,","{C But, } {F um, } -/"
qy,B,"Do/VBP yo-/PRP ,/, do/VBP you/PRP put/VB it/PRP in/IN the/DT refrigerator/NN then/RB","[ Do yo-, + do you ] put it in the refrigerator then /"
%,B,"or/CC y-/PRP ,/,","{C or } y-, -/"
ny,A,"Yeah/UH ,/,","Yeah, /"
sd,A,"after/IN ,/, well/UH when/WRB it/PRP starts/VBZ steaming/VBG a/DT lot/NN ,/, uh/UH ,/, I/PRP definitely/RB ,/, yeah/UH ,/, put/VBP it/PRP in/IN the/DT refrigerator/NN ,/,","[ after, + {D well } when ] it starts steaming a lot, {F uh, } I definitely, {D yeah, } put it in the refrigerator, /"
b,B,Uh-huh/UH ./.,Uh-huh. /
%,A,"but/CC ,/, um/UH ,/, I/PRP ,/,","{C but, } {F um, } I, - /"
sd,A,my/PRP$ father/NN always/RB told/VBD me/PRP if/IN you/PRP put/VBP hot/JJ food/NN in/IN your/PRP$ refrigerator/NN you/PRP 're/VBP going/VBG to/TO make/VB it/PRP work/VB too/RB hard/RB ./.,my father always told me if you put hot food in your refrigerator you're going to make it work too hard. /
b,B,"Right/UH ,/,","Right, /"
sv,B,that/DT 's/BES true/JJ ./.,that's true. /
sd,B,I/PRP knew/VBD that/DT ./.,I knew that. /
%,A,"That/DT 's/BES ,/,","(( That's )) , - /"
b,A,"yeah/UH ,/,","yeah, /"
b,B,Yeah/UH ./.,Yeah. /
sd,A,"so/RB ,/, ,/, that/DT 's/BES why/WRB I/PRP do/VBP that/DT ./.","{D so, } <laughter>, that's why I do that. /"
b,B,Yeah/UH ./.,Yeah. /
h,A,"So/RB ,/, well/UH ,/, I/PRP do/VBP n't/RB know/VB","{D So, } {D well, } I don't know /"
sd,A,"that/DT 's/BES my/PRP$ ,/, my/PRP$ great/JJ hard/JJ recipe/NN ./.","that's [ my, + my ] great hard recipe. /"
