act_tag,speaker,pos,text
%,A,So/UH ./.,{D So. } -/
b,B,"Okay/UH ,/,","Okay, /"
qy,B,"do/VBP you/PRP rec-/XX ,/, exercise/VB regularly/RB ./.","do you [ rec-, + exercise regularly. ] /"
ny,A,"Yeah/UH ,/,","Yeah, /"
sd,A,I/PRP sure/RB do/VBP ./.,I sure do. /
qw,B,What/WP do/VBP you/PRP do/VB ?/.,What do you do? /
sd,A,"Uh/UH ,/, I/PRP ride/VBP a/DT bicycle/NN quite/PDT a/DT bit/NN and/CC uh/UH ,/, work/VBP out/RP with/IN free/JJ weights/NNS ./.","{F Uh, } I ride a bicycle quite a bit and {F uh, } work out with free weights <breathing>. /"
bk,B,"Okay/UH ,/,","Okay, /"
sd,B,I/PRP love/VBP to/TO ride/VB a/DT bicycle/NN ./.,I love to ride a bicycle. /
sd,A,"I/PRP live/VBP right/RB near/RB White/NNP Rock/NNP Lake/NNP ,/,","I live right near White Rock Lake, /"
sd,A,"so/RB I/PRP used/VBD to/TO ,/, I/PRP try/VBP to/TO ride/VB ,/, about/RB ten/CD to/IN twenty/CD miles/NNS a/DT day/NN ./.","{C so } [ I used to, + I try to ] ride, about ten to twenty miles a day. /"
sd,A,"But/CC ,/, I/PRP --/:","{C But, } I --"
ba,B,"Oh/UH ,/, that/DT 's/BES good/JJ ./.","{F Oh, } that's good. /"
+,A,"--/: have/VBP n't/RB been/VBN doing/VBG so/RB well/RB this/DT year/NN ,/,","-- haven't been doing so well this year, <breathing> /"
%,A,"but/CC ,/,","{C but, } -/"
sd,B,"I/PRP went/VBD an/^CC ,/, last/JJ year/NN I/PRP went/VBD an/^CC was/VBD exercising/VBG on/IN a/DT bike/NN for/IN a/DT while/NN","[ I went an, + last year I went an ] was exercising on a bike for a while /"
sd,B,"and/CC I/PRP ,/, when/WRB I/PRP 'd/MD gotten/VBN back/RB I/PRP had/VBD gotten/VBN some/DT sun/NN that/DT day/NN ,/,","{C and } [ I, + when I'd gotten back I ] had gotten some sun that day, /"
sd,B,the/DT sweat/NN had/VBD built/VBN up/RP on/IN me/PRP and/CC built/VBN up/RP under/IN my/PRP$ skin/NN and/CC caused/VBN me/PRP to/TO peel/VB ./.,the sweat had built up on me and built up under my skin and caused me to peel. /
sd,B,"It/PRP was/VBD the/DT sweating/NN ,/, not/RB the/DT burn/NN --/:","It was the sweating, not the burn -- /"
ba,A,Oh/UH that/DT 's/BES weird/JJ ./.,{F Oh } that's (( weird )) . /
sv,B,--/: that/WDT was/VBD wild/JJ ./.,-- that was wild <child_talking>. /
sd,B,"But/CC ,/, I/PRP exercise/VBP ,/, I/PRP do/VBP n't/RB exercise/VB now/RB ,/,","{C But, } [ I exercise, + I don't exercise ] now, /"
sd,B,"I/PRP just/RB had/VBD a/DT baby/NN three/CD months/NNS ago/RB ,/,","I just had a baby three months ago, /"
sd,B,I/PRP have/VBP n't/RB really/RB gotten/VBN back/RB into/IN exercising/NN ./.,I haven't really gotten back into exercising. /
b,A,"Oh/UH ,/, yeah/UH ./.","{F Oh, } yeah. /"
sd,B,But/CC I/PRP exercised/VBD real/RB good/RB for/IN a/DT couple/NN of/IN years/NNS ./.,{C But } I exercised real good for a couple of years. /
sd,B,It/PRP was/VBD aerobics/NN and/CC lifting/VBG weights/NNS three/CD nights/NNS a/DT week/NN,It was aerobics and lifting weights three nights a week /
sd,B,and/CC it/PRP was/VBD running/VBG three/CD nights/NNS a/DT week/NN ./.,{C and } it was running three nights a week. /
qw,A,So/RB what/WP 's/BES your/PRP$ motivation/NN ?/.,{D So } what's your motivation? /
br,B,"What/WP ,/, what/WP 's/BES my/PRP$ motivation/NN ?/.","[ What, + what's ] my motivation? /"
ny,A,Yeah/UH ./.,Yeah. /
sd,B,"A/DT friend/NN of/IN mine/PRP ,/, always/RB pushing/VBG me/PRP ./.","A friend of mine, always pushing me. /"
sd,B,This/DT was/VBD in/IN Louisiana/NNP ./.,This was in Louisiana. /
sd,B,"And/CC she/PRP would/MD push/VB ,/, you/PRP know/VBP ,/,","{C And } she would push, {D you know, } /"
sd,B,"she/PRP was/VBD ,/, hey/UH ,/,","she was, hey, /"
^q,B,"let/VB 's/PRP go/VB do/VB it/PRP ,/,","let's go do it, /"
sd,B,"and/CC you/PRP know/VBP ,/, she/PRP would/MD n't/RB take/VB no/UH for/IN an/DT answer/NN ./.","{C and } {D you know, } she wouldn't take no for an answer <child_talking>. /"
qy,A,"Was/VBD it/PRP for/IN health/NN ,/, or/CC ,/, to/TO look/VB good/JJ ?/.","Was it for health, or, to look good? /"
sd,B,"Oh/UH ,/, I/PRP ju-/RB ,/, I/PRP just/RB wanted/VBD to/TO look/VB good/RB ,/,","{F Oh, } [ I ju-, + I just ] wanted to look good, /"
%,B,"yeah/UH ,/,","yeah, /"
%,A,"I/PRP was/VBD think/VBP ,/,","I was think, -/"
sd,B,it/PRP was/VBD n't/RB really/RB health/NN related/VBN ./.,it wasn't really health related. /
bf,A,It/PRP was/VBD just/RB a/DT side/NN benefit/NN ./.,It was just a side benefit. /
aa,B,"Yeah/UH ,/,","Yeah, /"
aa,B,"yeah/UH ,/,","yeah, /"
sd,B,"because/IN I/PRP 'm/VBP not/RB MUMBLEx/XX ,/, I/PRP 'm/VBP not/RB big/JJ or/CC anything/NN ,/,","{C because } [ I'm not + (( )) , I'm not ] big or anything, /"
sd,B,"but/CC I/PRP 'm/VBP not/RB in/IN great/JJ shape/NN ,/,","{C but } I'm not in great shape, /"
sd,B,"so/RB ./. But/CC when/WRB I/PRP worked/VBD out/RP ,/, I/PRP got/VBD in/IN pretty/RB good/JJ shape/NN ./.","[ {C so. } + {C But } ] when I worked out, I got in pretty good shape. /"
sd,B,"I/PRP did/VBD n't/RB build/VB up/RP muscle/NN ,/, though/RB ,/,","I didn't build up muscle, though, /"
sd,B,I/PRP just/RB got/VBD real/RB good/JJ and/CC toned/JJ ./.,I just got real good and toned. /
b,A,Yeah/UH ./.,Yeah. /
sd,B,I/PRP do/VBP n't/RB think/VB women/NNS look/VBP good/JJ with/IN muscles/NNS ./.,I don't think women look good with muscles. /
aap_am,A,Up/IN to/IN a/DT point/NN ./.,Up to a point. /
sd,B,"Up/IN to/IN a/DT point/NN ,/,","Up to a point, /"
ar,B,"no/UH ,/,","no, /"
aa,B,"m-/XX ,/, yeah/UH ,/, ./.","[ m-, + ] yeah, <laughter>. /"
b^m,A,Yeah/UH ./.,Yeah. /
sv,B,It/PRP 's/BES just/RB some/DT of/IN those/DT women/NNS that/WDT come/VBP up/IN there/RB looking/VBG like/IN Arnold/NNP Schwarzenegger/NNP 's/POS sister/NN just/RB does/VBZ n't/RB get/VB it/PRP ./.,It's just some of those women that come up there looking like Arnold Schwarzenegger's sister just doesn't get it. /
b,A,"Yeah/UH ,/,","Yeah, /"
qw,A,"so/RB what/WP was/VBD ,/, what/WP was/VBD the/DT other/JJ question/NN ,/,","{D so } [ what was, + what was ] the other question, /"
qy,A,"let/VB 's/PRP see/VB ,/, do/VBP you/PRP do/VB it/PRP as/IN a/DT task/NN","let's see, do you do it as a task /"
qrr,A,"or/CC do/VBP you/PRP enjoy/VB ,/, enjoy/VB working/VBG out/RP ./.","{C or } do you [ enjoy, + enjoy ] working out. /"
sd,B,I/PRP guess/VBP it/PRP 's/BES a/DT task/NN 'cause/IN I/PRP ca/MD n't/RB make/VB myself/PRP do/VB it/PRP lately/RB ./.,I guess it's a task 'cause I can't make myself do it lately. /
bk,A,"Yeah/UH ,/,","Yeah, /"
sd,A,"I/PRP think/VBP I/PRP ,/, uh/UH ,/, I/PRP enjoy/VBP it/PRP sometimes/RB","I think [ I, + {F uh, } I ] enjoy it sometimes /"
sd,A,and/CC there/EX 's/BES other/JJ times/NNS when/WRB I/PRP just/RB get/VBP tired/JJ of/IN it/PRP,{C and } there's other times when I just get tired of it /
sd,A,"and/CC ,/,","[ {C and, } +"
b,B,Yeah/UH ./.,Yeah. /
+,A,"and/CC I/PRP feel/VBP like/IN I/PRP 'm/VBP obligated/JJ to/TO do/VB it/PRP ,/, because/IN I/PRP 've/VBP been/VBN doing/VBG it/PRP","{C and } ] I feel like I'm obligated to do it, because I've been doing it /"
sd,A,so/RB I/PRP should/MD keep/VB up/RP ./.,{C so } I should keep up. /
sv,B,You/PRP do/VBP n't/RB want/VB to/TO lose/VB yourself/PRP ./.,<Laughter> You don't want to lose yourself. /
sd,A,"And/CC there/EX 's/BES some/DT days/NNS it/PRP 's/BES just/RB like/IN it/PRP 's/BES the/DT hardest/JJS thing/NN in/IN the/DT world/NN to/TO ,/, to/TO get/VB started/VBN ./.","{C And } there's some days [ it's just + {D like } it's ] the hardest thing in the world [ to, + to ] get started. /"
qw,B,Well/UH how/WRB old/JJ are/VBP you/PRP ?/.,{D Well } how old are you? /
sd,A,"I/PRP 'm/VBP ,/, uh/UH ,/, twenty-seven/CD ./.","I'm, {F uh, } twenty-seven. /"
bk,B,"Okay/UH ,/,","Okay, /"
sv,B,so/RB you/PRP 're/VBP still/RB young/JJ ./.,{C so } you're still young. /
aa,A,"Yeah/UH ,/,","Yeah, /"
sd,A,"still/RB young/JJ ,/, getting/VBG older/JJR ./.","still young, getting older. /"
sd,B,"We/PRP all/DT are/VBP ,/,","We all are, /"
%,B,so/RB ./.,{D so. } -/
b,A,"Yeah/UH ,/,","Yeah, /"
%,A,"but/CC ,/, uh/UH ,/,","{C but, } {F uh, } -/"
sv,B,"It/PRP 's/BES not/RB hard/JJ to/TO stay/VB ,/,","It's not hard to stay, - /"
sv,B,"well/UH if/IN you/PRP keep/VBP working/VBG out/RP when/WRB you/PRP 're/VBP young/JJ though/RB ,/, when/WRB you/PRP get/VBP older/JJR ,/, you/PRP know/VBP ,/, your/PRP$ body/NN 's/BES not/RB going/VBG to/TO look/VB as/RB bad/JJ ./.","{D well } if you keep working out when you're young though, when you get older, {D you know, } your body's not going to look as bad. /"
sd,B,"I/PRP seen/VBN an/DT old/JJ woman/NN today/NN ,/,","I seen an old woman today, /"
sd,B,she/PRP was/VBD about/RB eighty/CD,she was about eighty /
sd,B,"and/CC she/PRP looked/VBD so/RB good/JJ ,/,","{C and } she looked so good, /"
b,A,Yeah/UH ./.,<Meow> Yeah. /
sd,B,I/PRP mean/VBP she/PRP was/VBD standing/VBG just/RB as/RB straight/RB and/CC tall/RB,{E I mean } she was standing just as straight and tall /
sd,B,and/CC she/PRP had/VBD a/DT small/JJ waist/NN,{C and } she had a small waist /
sd,B,"and/CC she/PRP did/VBD n't/RB have/VB ,/, you/PRP know/VBP ,/, like/IN ,/,","{C and } she didn't have, {D you know, } {D like, } - /"
qy^d,B,"you/PRP know/VBP ,/, how/WRB some/DT older/JJR women/NNS will/MD get/VB the/DT big/JJ bulge/NN right/RB in/IN the/DT middle/NN ./.","you know, how some older women will get the big bulge right in the middle. /"
na,A,Right/UH ./.,Right. /
sd,B,"A-/XX ,/, she/PRP did/VBD n't/RB have/VB that/DT at/IN all/DT ./.","[ A-, + ] she didn't have that at all. /"
sd,B,"She/PRP ,/, her/PRP$ lips/NNS were/VBD a/DT little/JJ bit/NN wide/JJ ,/,","[ She, + her ] lips were a little bit wide, /"
%,B,"but/CC a/DT lot/NN of/IN ,/,","{C but } a lot of, - /"
sd,B,"back/RB in/IN her/PRP$ time/NN ,/, they/PRP liked/VBD women/NNS with/IN big/JJ hips/NNS anyway/RB --/:","back in her time, they liked women with big hips anyway -- /"
b,A,Right/UH ./.,Right. /
sd,B,"--/: so/RB she/PRP may/MD be/VB keeping/VBG that/DT on/IN purpose/NN ,/,","-- {C so } she may be keeping that on purpose, /"
%,B,so/RB ./.,{C so } <laughter>. -/
b,A,"Yeah/UH ,/,","Yeah, /"
sd,A,"I/PRP notice/VBP if/IN you/PRP ,/, uh/UH ,/, if/IN you/PRP stay/VBP in/IN shape/NN you/PRP do/VBP n't/RB age/VB as/RB bad/RB ,/,","I notice [ if you, + {F uh, } if you ] stay in shape you don't age as bad, /"
b,B,Uh-huh/UH ./.,Uh-huh <noise>. /
%,A,"I/PRP think/VBP ,/, too/RB ./.","I think, too. - /"
sd,A,"I/PRP was/VBD ,/, I/PRP go/VBP to/IN school/NN ,/, too/RB ,/, at/IN night/NN","[ I was, + I go ] to school, too, at night /"
sd,A,"and/CC last/JJ semester/NN I/PRP had/VBD stopped/VBN working/VBG out/RP 'cause/IN I/IN hurt/VBD myself/PRP and/CC started/VBD smoking/VBG a/DT lot/NN ,/,","{C and } last semester I had stopped working out 'cause I hurt myself and started smoking a lot, /"
%,A,"and/CC you/PRP just/RB ,/,","{C and } you just, - /"
sv,A,those/DT kind/NN of/IN things/NNS age/VBP you/PRP more/RBR ./.,those kind of things age you more. /
sv,B,"Well/UH smoking/NN ages/VBZ you/PRP quick/RB ,/,","{D Well } smoking ages you quick, /"
b,A,"Right/UH ,/,","Right, /"
%,A,an/DT --/:,{C an } -- -/
sd,B,it/PRP puts/VBZ those/DT little/JJ wrinkles/NNS around/IN your/PRP$ lips/NNS ./.,it puts those little wrinkles around your lips. /
b,A,--/: right/UH,-- right /
%,A,"an/^CC you/PRP ca/MD n't/RB ,/,","{C an } you can't, - /"
sv,A,"and/CC then/RB ,/, you/PRP know/VBP ,/, it/PRP just/RB kind/RB of/RB feeds/VBZ itself/PRP ./.","{C and then, } {D you know, } it just kind of feeds itself. /"
sd,A,"You/PRP smoke/VBP ,/,","You smoke, /"
sd,A,"and/CC then/RB you/PRP do/VBP n't/RB work/VB out/RP because/IN you/PRP ,/,","{C and then } you don't work out because you, -/"
^2,B,You/PRP get/VBP winded/JJ ./.,You get winded. /
aa,A,"Right/UH ,/,","Right, /"
%,A,"and/CC so/RB ,/,","{C and so, } -/"
sd,B,"Oh/UH ,/, I/PRP smoke/VBP a/DT pack/NN a/DT day/NN","{F Oh, } I smoke a pack a day /"
%,B,"an/^CC ,/,","{C an, } -/"
sd,A,"I/PRP finally/RB quit/VBP because/IN ,/, like/IN I/PRP just/RB ,/, all/DT I/PRP was/VBD doing/VBG was/VBD going/VBG down/GW hill/^RB fast/RB ./.","I finally quit because, {D like } [ I just, + all I ] was doing was going down hill fast. /"
sd,B,"I/PRP ca/MD n't/RB quit/VB smoking/NN ,/,","I can't quit smoking, /"
sd,B,I/PRP 've/VBP tried/VBN ./.,I've tried. /
sd,B,"I/PRP was/VBD telling/VBG a/DT friend/NN of/IN mine/PRP that/IN I/PRP 'd/MD be/VB almo-/RB ,/, almost/RB as/RB bad/JJ as/IN being/VBG an/DT alcoholic/NN ,/,","I was telling a friend of mine that I'd be [ almo-, + almost ] as bad as being an alcoholic, /"
b,A,Yeah/UH ./.,<Meow> Yeah. /
sd,B,I/PRP ca/MD n't/RB quit/VB smoking/NN ./.,I can't quit smoking. /
sd,B,"I/PRP 've/VBP tried/VBN ,/,","I've tried, /"
sd,B,I/PRP just/RB ca/MD n't/RB do/VB it/PRP ./.,I just can't do it. /
sd,B,"I/PRP quit/VBP when/WRB I/PRP was/VBD pregnant/JJ with/IN my/PRP$ kids/NNS ,/,","I quit when I was pregnant with my kids, /"
sd,B,"but/CC ,/, you/PRP know/VBP ,/, as/RB soon/RB as/IN I/PRP had/VBD them/PRP ,/, right/RB back/RB to/IN it/PRP ./.","{C but, } {D you know, } as soon as I had them, right back to it. /"
bf,A,Right/RB back/RB to/IN them/PRP ./.,Right back to them. /
aa,B,Yeah/UH ./.,Yeah. /
b^m,A,Yeah/UH ./.,Yeah. /
%,B,"It/PRP was/VBD like/IN ,/, you/PRP know/VBP ,/,","It was like, {D you know, } - /"
sd,B,that/DT was/VBD the/DT only/JJ reason/NN I/PRP quit/VBP ./.,that was the only reason I quit. /
sd,B,I/PRP did/VBD n't/RB want/VB to/TO ./.,I didn't want to. /
%,A,"Oh/UH that/DT 's/BES ,/,","{F Oh } that's, -/"
sd,B,"And/CC I/PRP do/VBP n't/RB want/VB to/TO quit/VB smoking/NN ,/,","{C And } I don't want to quit smoking, /"
sd,B,I/PRP enjoy/VBP that/DT ./.,I enjoy that. /
sd,B,"I/PRP said/VBD I/PRP have/VBP very/RB few/JJ vices/NNS ,/,","I said I have very few vices, /"
^q,B,I/PRP 'll/MD keep/VB this/DT one/NN thank/VB you/PRP ./.,I'll keep this one thank you <laughter>. /
b,A,"Yeah/UH ,/,","Yeah, /"
b,A,yeah/UH ./.,yeah. /
qy,B,"But/CC ,/, uh/UH ,/, did/VBD you/PRP ever/RB go/VB to/IN like/UH one/CD of/IN those/DT health/NN clubs/NNS or/CC anything/NN ?/.","{C But, } {F uh, } did you ever go to {D like } one of those health clubs or anything? /"
na,A,"I/PRP went/VBD to/IN health/NN club/NN a/DT few/JJ years/NNS ago/RB ,/,","I went to health club a few years ago, /"
sd,A,"and/CC now/RB I/PRP work/VBP out/RP at/IN home/NN ,/, because/IN I/PRP do/VBP n't/RB really/RB ,/, my/PRP$ schedule/NN with/IN school/NN and/CC work/NN ,/, I/PRP do/VBP n't/RB have/VB time/NN to/TO get/VB down/RP to/IN one/NN ./.","{C and } now I work out at home, because [ I don't really, + my schedule with school and work, I don't ] have time to get down to one. /"
bk,B,Uh-huh/UH ./.,Uh-huh. /
sd,A,There/EX used/VBD to/TO be/VB one/NN that/WDT was/VBD a/DT twenty-four/CD hour/NN that/WDT I/PRP used/VBD to/TO go/VB to/IN,There used to be one that was a twenty-four hour that I used to go to /
sd,A,"but/CC ,/, uh/UH ,/, I/PRP actually/RB prefer/VBP to/TO work/VB out/RP alone/RB ./.","{C but, } {F uh, } I actually prefer to work out alone. /"
sd,B,"I/PRP like/VBP to/TO work/VB out/RP with/IN people/NNS ,/,","I like to work out with people, /"
bh,A,Really/UH ./.,Really. /
%,B,"I/PRP need/VBP ,/,","I need, - /"
%,B,"like/IN you/PRP ,/,","{D like } you, - /"
sd,B,"I/PRP ,/, I/PRP need/VBP competition/NN ,/, is/VBZ what/WP I/PRP need/VBP ./.","[ I, + I ] need competition, is what I need. /"
b,A,Yeah/UH ./.,Yeah. /
sd,B,"I/PRP 've/VBP got/VBN to/TO have/VB somebody/NN to/TO compete/VB with/IN ,/,","I've got to have somebody to compete with, /"
sd,B,or/CC I/PRP do/VBP n't/RB want/VB to/TO do/VB anything/NN ./.,{C or } I don't want to do anything. /
sd,A,"I/PRP would/MD n't/RB mind/VB having/VBG ,/, you/PRP know/VBP ,/, working/VBG out/RP with/IN a/DT friend/NN and/CC ,/, and/CC stuff/NN","I wouldn't mind [ having, + {D you know, } working out ] with a friend [ and, + and ] stuff /"
sd,A,"but/CC when/WRB you/PRP get/VBP into/IN some/DT of/IN these/DT ,/, some/DT of/IN health/NN clubs/NNS where/WRB you/PRP just/RB stand/VBP around/RB and/CC wait/VBP ./.","{C but } when you get into [ some of these, + some of ] health clubs where you just stand around and wait. -/"
b,B,"Uh-huh/UH ,/,","Uh-huh, /"
%,B,"are/VBP you/PRP ,/,","are you, -/"
sd,A,"You/PRP know/VBP ,/, I/PRP like/VBP to/TO start/VB ,/, get/VB it/PRP done/VBN and/CC get/VB out/IN of/IN there/RB ./.","{D You know, } I like to start, get it done and get out of there. /"
b,B,"Uh-huh/UH ,/,","Uh-huh, /"
qy,B,are/VBP you/PRP married/JJ or/CC anything/NN ?/.,are you married or anything? /
nn,A,"No/UH ,/,","No, /"
sd,A,I/PRP 'm/VBP not/RB ./.,I'm not. /
bk,B,"No/UH ,/,","No, /"
sd,B,"well/UH ,/, get/VB your/PRP$ girlfriend/NN to/TO work/VB out/RP with/IN you/PRP ./.","{D well, } get your girlfriend to work out with you. /"
sv,B,A/DT lot/NN of/IN women/NNS like/IN that/DT ./.,A lot of women like that. /
sd,B,I/PRP 'd/MD love/VB it/PRP if/IN my/PRP$ husband/NN would/MD ask/VB me/PRP to/TO work/VB out/RP with/IN him/PRP ./.,I'd love it if my husband would ask me to work out with him. /
sd,B,He/PRP does/VBZ n't/RB work/VB out/RP very/RB often/RB ./.,He doesn't work out very often. /
sd,B,"Course/NN ,/, he/PRP do/VBP n't/RB need/VB to/TO ./.","Course, he don't need to. /"
sd,B,He/PRP 's/BES small/JJ,He's small /
sd,B,and/CC he/PRP works/VBZ as/IN a/DT laborer/NN on/IN the/DT railroad/NN ./.,{C and } he works as a laborer on the railroad. /
b,A,Yeah/UH ./.,Yeah. /
sd,B,"So/RB ,/, you/PRP know/VBP ,/, he/PRP 's/BES building/VBG his/PRP$ muscles/NNS up/RP all/DT day/NN ,/,","{C So, } {D you know, } he's building his muscles up all day, /"
sd,B,he/PRP does/VBZ n't/RB have/VB to/TO do/VB anything/NN ./.,he doesn't have to do anything. /
b,A,Right/UH ./.,Right. /
sd,B,"He/PRP can/MD eat/VB like/IN a/DT horse/NN ,/, too/RB ./.","He can eat like a horse, too. /"
sd,B,"And/CC he/PRP do/VBP n't/RB ,/, you/PRP know/VBP ,/, he/PRP do/VBP n't/RB gain/VB it/PRP like/IN I/PRP do/VBP ./.","{C And } [ he don't, + {D you know, } he don't ] gain it like I do. /"
%,B,"But/CC ,/, uh/UH ,/,","{C But, } {F uh, } -/"
sv,A,"Uh/UH ,/, especially/RB having/VBG a/DT kid/NN ,/, I/PRP guess/VBP ,/, tends/VBZ to/TO just/RB gain/VB weight/NN because/IN you/PRP have/VBP to/TO ,/, to/TO ,/,","{F Uh, } especially having a kid, I guess, tends to just gain weight because you have to, [ to, +"
aa,B,"Yeah/UH ,/,","Yeah, /"
sd,B,you/PRP have/VBP to/TO ./.,you have to. /
+,A,"to/TO ,/, uh/UH ,/,","to, ] {F uh, } -/"
sv,B,Well/UH you/PRP can/MD gain/VB too/RB much/JJ weight/NN ./.,{D Well } you can gain too much weight. /
sd,B,"I/PRP gained/VBD a/DT little/JJ bit/NN too/RB much/JJ ,/,","I gained a little bit too much, /"
%,B,"but/CC I/PRP looked/VBD ,/,","{C but } I looked, - /"
sd,B,"with/IN my/PRP$ first/JJ little/JJ boy/NN ,/, I/PRP did/VBD gain/VB a/DT lot/NN of/IN weight/NN ,/,","with my first little boy, I did gain a lot of weight, /"
sd,B,"I/PRP got/VBD ,/, I/PRP got/VBD about/RB fifty/CD pounds/NNS overweight/JJ with/IN him/PRP","[ I got, + I got ] about fifty pounds overweight with him /"
sd,B,and/CC I/PRP did/VBD n't/RB loose/VB it/PRP until/IN two/CD years/NNS ago/RB,{C and } I didn't loose it until two years ago /
sd,B,"and/CC then/RB I/PRP got/VBD pregnant/JJ and/CC ,/, you/PRP know/VBP ,/, ruined/VBD that/DT ,/,","{C and then } I got pregnant and, {D you know, } ruined that, /"
%,B,so/RB ./.,{C so } <laughter>. -/
bf,A,Just/RB have/VBP to/TO start/VB all/RB over/RB ./.,Just have to start all over. /
aa,B,"Yeah/UH ,/,","Yeah, /"
sd,B,"well/UH ,/, actually/RB ,/, like/IN I/PRP say/VBP ,/, it/PRP ai/VBP n't/RB as/RB bad/JJ this/DT time/NN ,/, because/IN I/PRP was/VBD in/IN shape/NN when/WRB I/PRP got/VBD pregnant/JJ ./.","{D well, } {D actually, } like I say, it ain't as bad this time, because I was in shape when I got pregnant. /"
b,A,Right/UH ./.,Right. /
sd,B,"I/PRP was/VBD n't/RB out/IN of/IN sha-/NN ,/, I/PRP was/VBD n't/RB overweight/JJ when/WRB I/PRP got/VBD pregnant/JJ with/IN him/PRP ,/,","[ I wasn't out of sha-, + I wasn't overweight ] when I got pregnant with him, /"
sd,B,"I/PRP just/RB was/VBD n't/RB in/IN ,/, in/IN shape/NN ./.","I just wasn't [ in, + in ] shape. /"
h,B,I/PRP do/VBP n't/RB know/VB the/DT difference/NN,I don't know the difference /
%,B,"but/CC ,/,","{C but, } -/"
b,A,"Yeah/UH ,/,","Yeah, /"
sv,A,some/DT people/NNS are/VBP a/DT little/JJ bit/NN fanatical/JJ about/IN it/PRP ./.,some people are a little bit fanatical about it. /
%,A,"You/PRP know/VBP ,/, I/PRP ,/,","{D You know, } I, -/"
br,B,About/IN weight/NN ?/.,About weight? /
ny,A,"Well/UH yeah/UH ,/,","{D Well } yeah, /"
sd,A,"and/CC about/IN ,/,","and about,"
^2,B,Exercise/NN ./.,Exercise. /
+,A,"working/VBG out/RP and/CC fitness/NN ,/, you/PRP know/VBP ,/,","working out and fitness, {D you know, } /"
sd,A,"I/PRP like/VBP to/TO ,/, to/TO work/VB out/RP to/TO look/VB good/JJ and/CC stay/VB in/IN shape/NN","I like [ to, + to ] work out to look good and stay in shape /"
sd,A,"and/CC ,/, you/PRP know/VBP ,/, I/PRP know/VBP it/PRP 's/BES good/JJ for/IN me/PRP ,/,","{C and, } {D you know, } I know it's good for me, /"
sv,A,"but/CC people/NNS that/WDT live/VBP for/IN it/PRP and/CC ,/, you/PRP know/VBP ,/, eat/VBP a/DT bunch/NN of/IN different/JJ pills/NNS ,/, and/CC ,/,","{C but } people that live for it and, {D you know, } eat a bunch of different pills, and,"
sd,B,Well/UH that/DT 's/BES what/WP my/PRP$ friend/NN did/VBD ./.,{D Well } that's what my friend did. /
+,A,"all/PDT that/DT kind/NN of/IN stuff/NN ,/, it/PRP gets/VBZ a/DT little/JJ bit/NN obsessive/JJ ./.","all that kind of stuff, it gets a little bit obsessive. /"
sd,B,"Well/UH ,/, she/PRP was/VBD ,/, she/PRP was/VBD with/IN the/DT wheat/NN germ/NN and/CC all/PDT the/DT vitamins/NNS and/CC everything/NN else/RB","{D Well, } [ she was, + she was ] with the wheat germ and all the vitamins and everything else /"
%,B,"and/CC really/RB ,/, we/PRP was/VBD ,/, you/PRP know/VBP ,/,","{C and } really, we was, {D you know, } - /"
sd,B,"even/RB with/IN her/PRP$ taking/VBG all/PDT those/DT e/JJ ,/, expensive/JJ vitamins/NNS and/CC stuff/NN ,/,","even with her taking all those [ e-, + expensive ] vitamins and stuff,"
b,A,Yeah/UH ./.,Yeah. /
+,B,"we/PRP stayed/VBD right/RB on/IN the/DT same/JJ track/NN with/IN each/DT other/NN ,/,","we stayed right on the same track with each other,"
b,A,Yeah/UH ./.,Yeah. /
+,B,"you/PRP know/VBP ,/, developing/VBG and/CC everything/NN ./.","{D you know, } developing and everything. /"
%,B,"Now/UH there/EX ,/,","Now there, - /"
ad,B,"you/PRP can/MD take/VB those/DT ,/, uh/UH ,/,","you can take those, {F uh, } - /"
qw,B,what/WP is/VBZ it/PRP ?/.,what is it? /
sd,A,Steroids/NNS ./.,Steroids. /
sd,B,"Steroids/NNS ,/,","Steroids, /"
aa,B,"yeah/UH ,/,","yeah, /"
sd,B,"I/PRP could/MD n't/RB think/VB ,/,","I couldn't think, -/"
b,A,"Yeah/UH ,/,","Yeah, /"
sv,A,there/EX 's/BES really/RB bad/JJ for/IN you/PRP ./.,there's really bad for you. /
sd,B,"I/PRP was/VBD goin/VBG ,/, I/PRP was/VBD trying/VBG to/TO say/VB hemorrhoids/NNS ,/, ,/,","[ I was goin-, + I was trying ] to say hemorrhoids, <laughter>, /"
ar,B,"no/UH ,/,","no, /"
sd,B,"I/PRP was/VBD trying/VBG to/TO say/VB hem-/NNS ,/, hormones/NNS ./.","I was trying to say [ hem-, + hormones. ] /"
b^m,A,"Hem-/XX ,/, hormones/NNS ./.","[ Hem-, + hormones. ] /"
aa,B,"Yeah/UH ,/,","Yeah, /"
sd,B,"hormones/NNS ,/,","hormones, /"
%,B,but/CC,{C but } - /
aa,B,"yeah/UH ,/,","yeah, /"
sd,B,"uh/UH ,/, steroids/NNS ./.","{F uh, } steroids. /"
sd,B,"But/CC ,/, I/PRP stay/VBP from/IN that/DT crap/NN ./.","{C But, } I stay from that crap. /"
b,A,"Yeah/UH ,/,","Yeah, /"
sv,A,it/PRP 's/BES too/RB dangerous/JJ ./.,it's too dangerous. /
sd,B,"Oh/UH ,/, I/PRP would/MD n't/RB ,/, I/PRP could/MD just/RB see/VB hair/NN start/VB growing/VBG out/IN of/IN my/PRP$ upper/JJ lip/NN or/CC something/NN ./.","{F Oh, } [ I wouldn't, + <laughter> I could ] just see hair start growing out of my upper lip or something. /"
x,A,,<Laughter>.
x,B,,<Laughter>.
b,A,"Yeah/UH ,/,","Yeah, /"
sd,A,I/PRP had/VBD a/DT friend/NN whose/WP$ brother/NN did/VBD steroids/NNS,I had a friend whose brother did steroids /
sd,A,and/CC as/RB soon/RB as/IN he/PRP stopped/VBD working/VBG out/RP he/PRP just/RB ballooned/VBD out/RP ./.,{C and } as soon as he stopped working out he just ballooned out. /
sd,A,It/PRP all/DT turned/VBD to/IN fat/NN,It all turned to fat /
sd,A,"and/CC he/PRP just/RB ,/,","{C and } he just,"
bh,B,Really/UH ./.,Really. /
+,A,really/RB looked/VBD bad/RB ./.,really looked bad. /
ba,B,Ugh/UH ./.,Ugh. /
%,A,"But/CC ,/, uh/UH ,/,","{C But, } {F uh, } -/"
sd,B,I/PRP did/VBD n't/RB know/VB it/PRP did/VBD that/DT ./.,I didn't know it did that. /
h,A,"I/PRP do/VBP n't/RB know/VB if/IN it/PRP does/VBZ to/IN everybody/NN ,/,","I don't know if it does to everybody, /"
%,A,"he/PRP was/VBD ,/,","he was, - /"
sd,A,"i-/PRP ,/, it/PRP ,/, just/RB that/DT 's/BES how/WRB it/PRP affected/VBD him/PRP ./.","[ [ i-, + it, ] + just that's how it ] affected him. /"
h,A,"And/CC he/PRP ,/, I/PRP do/VBP n't/RB know/VB ,/, just/RB ,/,","{C And } he, I don't know, just, -/"
b,B,"Yeah/UH ,/,","Yeah, /"
sd,B,"but/CC I/PRP 've/VBP been/VBN wanting/VBG to/TO get/VB me/PRP a/DT bicycle/NN ,/, or/CC a/DT bike/NN ./.","{C but } I've been wanting to get me [ a bicycle, + {E or } a bike. ] /"
sd,B,I/PRP 've/VBP been/VBN wanting/VBG to/TO get/VB a/DT ten/CD speed/NN to/TO ride/VB around/RB ./.,I've been wanting to get a ten speed to ride around. /
sd,B,"I/PRP 'm/VBP scared/JJ to/TO run/VB ,/, for/IN dogs/NNS ./.","I'm scared to run, for dogs. /"
sd,B,"Course/NN I/PRP know/VBP dogs/NNS can/MD get/VB you/PRP on/IN a/DT bike/NN too/RB ,/,","Course I know dogs can get you on a bike too, /"
%,B,"but/CC ,/,","{C but, }"
b,A,Yeah/UH ./.,Yeah. /
+,B,"seems/VBZ like/IN it/PRP ,/,","seems like it, -/"
sv,A,At/IN least/JJS you/PRP got/VBD a/DT chance/NN to/TO out/GW run/^VB them/PRP that/DT way/NN ./.,At least you got a chance to out run them that way. /
b,B,Yeah/UH ./.,Yeah <laughter>. /
sd,A,I/PRP do/VBP n't/RB like/VB to/TO run/VB myself/PRP ./.,I don't like to run myself. /
sd,A,I/PRP 've/VBP thought/VBN about/IN it/PRP several/JJ times/NNS,I've thought about it several times /
sd,A,"and/CC I/PRP just/RB ,/, it/PRP ,/, I/PRP like/VBP to/TO move/VB a/DT little/RB faster/RBR and/CC cover/VB more/JJR ground/NN ./.","{C and } [ [ I just, + it, ] + I ] like to move a little faster and cover more ground. /"
%,B,"Well/UH they/PRP ,/,","{D Well } they, - /"
b,B,"yeah/UH ,/,","yeah, /"
sd,B,they/PRP 've/VBP come/VB up/RP that/IN running/NN is/VBZ not/RB as/RB good/JJ for/IN you/PRP as/IN they/PRP thought/VBD it/PRP was/VBD ./.,they've come up that <throat_clearing> running is not as good for you as they thought it was. /
sv,A,"It/PRP 's/BES probably/RB ,/, I/PRP would/MD think/VB it/PRP would/MD be/VB hard/JJ on/IN your/PRP$ ,/, your/PRP$ legs/NNS and/CC your/PRP$ joints/NNS and/CC stuff/NN ./.","[ It's probably, + I would think it would be ] hard on [ your, + your ] legs and your joints and stuff. /"
aa,B,"Yeah/UH ,/,","Yeah, /"
sv,B,it/PRP 's/BES real/RB hard/JJ on/IN your/PRP$ legs/NNS,it's real hard on your legs /
sv,B,and/CC it/PRP 's/BES hard/JJ on/IN women/NNS ./.,{C and } it's hard on women. /
sv,B,"And/CC it/PRP ,/, it/PRP just/RB makes/VBZ stuff/NN move/VB down/RB ./.","{C And } [ it, + it ] just makes stuff move down. /"
b,A,Yeah/UH ./.,Yeah. /
sd,B,"And/CC ,/, uh/UH ,/, but/CC I/PRP ,/, I/PRP ,/, I/PRP like/VBP jogging/NN ,/,","[ {C And, } + {F uh, } {C but } ] [ [ I, + I, ] + I ] like jogging, /"
sd,B,I/PRP do/VBP n't/RB mind/VB that/DT ./.,I don't mind that. /
sd,B,"I/PRP can/MD get/VB out/RB and/CC do/VB that/DT ,/,","I can get out and do that,"
sd,A,"Uh/UH ,/, I/PRP ca/MD n't/RB ./.","{F Uh, } I can't. /"
+,B,as/RB long/RB as/IN it/PRP 's/BES not/RB hot/JJ ./.,as long as it's not hot. /
sv,B,"If/IN it/PRP 's/BES hot/JJ ,/, you/PRP ca/MD n't/RB do/VB that/DT ./.","If it's hot, you can't do that. /"
sd,B,"But/CC in/IN the/DT rain/NN ,/, oh/UH ,/, I/PRP love/VBP to/TO run/VB in/IN the/DT rain/NN ,/,","{C But } [ in the rain, + {F oh, } I love to run in the rain, ] /"
sd,B,"just/RB ,/, you/PRP know/VBP ,/, be/VB careful/JJ not/RB to/TO slide/VB ./.","just, {D you know, } be careful not to slide. /"
b,A,Yeah/UH ./.,Yeah. /
qy,B,"But/CC you/PRP ca/MD n't/RB ride/VB your/PRP$ bike/NN at/IN all/DT in/NN the/DT rain/NN ,/, can/MD you/PRP ./.","{C But } you can't ride your bike at all in the rain, can you. /"
nn,A,"No/UH ,/,","No, /"
sd,A,"you/PRP ca/MD n't/RB ,/,","you can't, /"
sv,A,it/PRP 's/BES dangerous/JJ ./.,it's dangerous. /
sd,B,You/PRP slide/VBP ./.,You slide. /
sv,A,At/IN least/JJS maybe/RB some/DT of/IN these/DT mountain/NN bikes/NNS you/PRP could/MD,At least maybe some of these mountain bikes you could /
sd,A,"but/CC a/DT regular/JJ ten/CD speed/NN with/IN those/DT skinny/JJ tires/NNS ,/,","but a regular ten speed with those skinny tires,"
b,B,Uh-huh/UH ./.,Uh-huh. /
+,A,you/PRP slide/VBP all/RB over/IN the/DT place/NN ./.,you slide all over the place. /
b,B,Yeah/UH ./.,Yeah. /
sd,B,"Oh/UH ,/, I/PRP ,/, when/WRB I/PRP did/VBD ride/VB my/PRP$ friend/NN 's/POS bike/NN ,/, that/DT one/CD time/NN ,/, I/PRP had/VBD ,/, uh/UH ,/, I/PRP do/VBP n't/RB know/VB what/WP I/PRP was/VBD trying/VBG to/TO do/VB ./.","{F Oh, } [ I, + when I ] did ride my friend's bike, that one time, [ I had, + {F uh, } I don't know ] what I was trying to do. /"
sd,B,I/PRP was/VBD trying/VBG to/TO make/VB a/DT U/NN turn/NN,I was trying to make a U turn /
sd,B,"and/CC I/PRP never/RB could/MD make/VB a/DT U/NN turn/NN in/IN a/DT bike/NN ,/,","{C and } I never could make a U turn in a bike, /"
sd,B,"I/PRP can/MD do/VB it/PRP in/IN my/PRP$ car/NN ,/,","I can do it in my car, /"
sd,B,but/CC I/PRP tried/VBD to/TO do/VB it/PRP on/IN that/DT ten/CD speed/NN and/CC wrecked/VBD,{C but } I tried to do it on that ten speed and wrecked /
sd,B,and/CC I/PRP told/VBD her/PRP$ a/DT dog/NN was/VBD chasing/VBG me/PRP ./.,{C and } I told her a dog was chasing me <laughter>. /
sd,B,But/CC I/PRP wrecked/VBD it/PRP into/IN the/DT curb/NN ./.,{C But } I wrecked it into the curb. /
sd,B,I/PRP did/VBD n't/RB hurt/VBN it/PRP too/RB bad/RB ./.,I didn't hurt it too bad. /
sd,B,"I/PRP scratched/VBD it/PRP on/IN the/DT ,/, the/DT oh/UH ,/,","I scratched it on [ the, + the ] {F oh, } - /"
sd,B,"she/PRP had/VBD some/DT kind/NN of/IN fender/NN thing/NN going/VBG over/IN the/DT back/JJ tire/NN ,/, I/PRP think/VBP ./.","she had some kind of fender thing going over the back tire, I think. /"
b,A,Yeah/UH ./.,Yeah. /
%,B,But/CC oh/UH well/UH ./.,{C But } {F oh } {D well. } /
fc,B,"Anyway/RB ,/, it/PRP 's/HVS been/VBN nice/JJ talking/VBG to/IN you/PRP ./.","{D Anyway, } it's been nice talking to you. /"
fc,A,"Yeah/UH ,/,","Yeah, /"
%,A,well/UH ./.,{D well. } -/
%,B,"And/CC ,/, uh/UH ,/,","{C And, } {F uh, } -/"
fc,A,"Well/UH good/JJ luck/NN with/IN the/DT ,/, the/DT new/JJ kid/NN ./.","{D Well } good luck with [ the, + the ] new kid. /"
ft,B,"Thank/VB you/PRP ,/,","<Laughter> Thank you, <laughter> /"
sd,B,"she/PRP 's/BES ,/, it/PRP ,/, she/PRP 's/BES good/JJ ./.","[ [ she's, + it, ] + she's ] good. /"
fc,B,"Anyway/RB ,/, have/VB fun/NN exercising/VBG ./.","{D Anyway, } have fun exercising. /"
fc,A,All/RB right/JJ ./.,All right. /
fc,B,"All/RB right/JJ ,/,","All right, /"
fc,B,bye-bye/UH ./.,bye-bye. /
