act_tag,speaker,pos,text
qw,A,"Well/UH ,/, how/WRB many/JJ credit/NN cards/NNS do/VBP you/PRP have/VB ?/.","{D Well, } how many credit cards do you have? /"
sd,B,"Um/UH ,/, I/PRP 've/VBP only/RB ,/, I/PRP 've/VBP got/VBN about/RB four/CD maybe/RB ./.","{F Um, } [ I've only, + I've got about ] four maybe. /"
sd,B,"I/PRP try/VBP to/TO limit/VB them/PRP because/IN I/PRP ,/, well/UH one/CD ,/, I/PRP do/VBP n't/RB use/VB them/PRP too/RB much/RB ./.","I try to limit them because [ [ I, + {D well } one, ] + I ] don't use them too much. /"
sd,B,"And/CC I/PRP use/VBP my/PRP$ Visa/NNP just/RB for/IN abou-/RB ,/, for/IN about/RB everything/NN ,/,","{C And } I use my Visa just [ for abou-, + for about ] everything, /"
sd,B,and/CC I/PRP pay/VBP it/PRP all/RB off/RP ./.,{C and } I pay it all off. /
sd,B,"So/RB I/PRP try/VBP not/RB to/TO ,/,","{C So } I try not to, - /"
sd,B,I/PRP just/RB use/VBP it/PRP for/IN free/JJ money/NN for/IN thirty/CD days/NNS basically/RB ./.,I just use it for free money for thirty days basically. /
sv,A,Sounds/VBZ like/IN we/PRP have/VBP no/DT conflict/NN ./.,Sounds like we have no conflict. /
%,A,"We/PRP had/VBD ,/,","We had, /"
sd,A,for/IN a/DT while/NN I/PRP was/VBD carrying/VBG one/CD card/NN,for a while I was carrying one card /
sd,A,and/CC my/PRP$ wife/NN was/VBD carrying/VBG a/DT different/JJ one/NN ./.,{C and } my wife was carrying a different one. /
sd,A,"And/CC since/IN the/DT slips/NNS all/RB look/VBP alike/RB ,/, uh/UH ,/, you/PRP commingle/VBP them/PRP","{C And } since the slips all look alike, {F uh, } you commingle them /"
sd,A,and/CC then/RB you/PRP get/VBP the/DT statement/NN,{C and then } you get the statement /
sd,A,"and/CC you/PRP try/VBP to/TO sort/VB them/PRP out/RP ,/, uh/UH ,/,","{C and } you try to sort them out, {F uh, } /"
sv,A,"and/CC it/PRP ,/, uh/UH ,/, it/PRP caused/VBD more/JJR confusion/NN about/IN it/PRP ./.","{C and } [ it, + {F uh, } <laughter> it ] caused more confusion about it. /"
sd,A,"I/PRP finally/RB said/VBD ,/, Gee/UH ,/, this/DT is/VBZ kind/RB of/RB a/DT waste/NN of/IN time/NN ./.","I finally said, Gee, this is kind of a waste of time. /"
sd,A,"And/CC then/RB when/WRB A/NNP T/NNP and/CC T/NNP came/VBD along/RP and/CC offered/VBD a/DT free/JJ one/NN ,/, uh/UH ,/, I/PRP accepted/VBD that/DT ,/,","{C And then } when A T and T came along and offered a free one, {F uh, } I accepted that, /"
sd,A,and/CC we/PRP 've/VBP been/VBN using/VBG that/DT one/NN ./.,{C and } we've been using that one. /
sv,A,"Uh/UH ,/, the/DT interesting/JJ thing/NN is/VBZ ,/, is/VBZ that/IN ,/, uh/UH ,/, the/DT amount/NN of/IN money/NN you/PRP can/MD can/MD run/VB up/RP on/IN them/PRP ./.","{F Uh, } the interesting thing [ is, + is ] [ that, + ] {F uh, } the amount of money you [ can + can ] run up on them. /"
h,A,"I/PRP do/VBP n't/RB know/VB ,/,","I don't know, /"
qy,A,"do/VBP you/PRP know/VB any/DT people/NNS that/WDT run/VBP up/RP big/JJ ,/, big/JJ bills/NNS ?/.","do you know any people that run up [ big, + big ] bills? /"
^h,B,"I/PRP 'm/VBP ,/, I/PRP 'm/VBP you/PRP know/VBP ,/, I/PRP 'm/VBP in/IN the/DT age/NN group/NN you/PRP get/VBP out/IN of/IN college/NN ,/,","[ [ I'm, + I'm ] + {D you know, } I'm ] in the age group you get out of college, /"
sv,B,and/CC I/PRP think/VBP a/DT lot/NN of/IN these/DT people/NNS have/VBP them/PRP maxed/VBN out/RP ./.,{C and } I think a lot of these people have them maxed out. /
qy,A,"Well/UH ,/, did/VBD ,/, um/UH ,/, were/VBD you/PRP able/JJ to/TO get/VB one/CD while/IN you/PRP 're/VBP in/IN college/NN ?/.","{D Well, } [ did, + {F um, } were ] you able to get one while you're in college? /"
ng,B,"Um/UH ,/, I/PRP do/VBP n't/RB think/VB I/PRP ever/RB tried/VBD ./.","{F Um, } I don't think I ever tried. /"
sd,A,"Just/RB curious/JJ ,/, because/IN I/PRP have/VBP a/DT son/NN that/WDT 's/BES a/DT senior/NN this/DT year/NN ,/,","Just curious, because I have a son that's a senior this year, /"
sd,A,"and/CC he/PRP 's/BES heading/VBG off/RP ,/, with/IN any/DT kind/NN of/IN luck/NN ,/,","{C and } he's heading off, with any kind of luck, /"
%,A,"but/CC there/EX has/VBZ been/VBN ,/,","{C but } there has been, - /"
sd,A,"I/PRP 've/VBP had/VBN a/DT couple/NN of/IN ads/NNS for/IN ,/, for/IN ,/, for/IN to/TO provide/VB a/DT card/NN for/IN a/DT college/NN student/NN ./.","I've had a couple of ads [ [ [ for, + for, ] + for ] + to ] provide a card for a college student. /"
qo,A,"Uh/UH ,/, what/WP do/VBP you/PRP think/VB about/IN the/DT idea/NN of/IN providing/VBG one/CD for/IN somebody/NN like/IN that/DT ?/.","{F Uh, } what do you think about the idea of providing one for somebody like that? /"
arp_nd,B,"Um/UH ,/, well/UH ,/,","{F Um, } {D well, } - /"
%,B,"yeah/UH ,/,","<throat_clearing> yeah, /"
%,B,"I/PRP ,/, I/PRP ,/, you/PRP know/VBP ,/,","[ I, + I, ] {D you know, } - /"
sv,B,"it/PRP 's/BES ,/, you/PRP know/VBP ,/, feasible/JJ ,/,","it's, {D you know, } feasible, /"
sd,B,"I/PRP mean/VBP ,/, I/PRP know/VBP a/DT lot/NN of/IN college/NN kids/NNS who/WP have/VBP them/PRP ,/, you/PRP know/VBP ,/, who/WP had/VBD them/PRP ,/, but/CC just/RB depends/VBZ ./.","{E I mean, } I know a lot of college kids [ who have them, + {D you know, } who had them, ] but just depends. /"
%,A,"Well/UH ,/, that/DT ,/, that/IN ,/, that/IN ,/, I/PRP guess/VBP from/IN the/DT ,/, from/IN the/DT card/NN issuer/NN ,/, uh/UH ,/, that/IN","{D Well, } [ [ [ that, + that, ] + that, ] + I guess [ from the, + from the ] card issuer, {F uh, } that ] - /"
sd,A,"since/IN ,/, since/IN it/PRP 's/BES ,/, it/PRP 's/BES in/IN ,/, mo-/XX ,/, the/DT parent/NN gets/VBZ it/PRP for/IN them/PRP ,/, that/IN really/RB the/DT parent/NN becomes/VBZ the/DT one/NN that/WDT 's/BES responsible/JJ ,/,","[ since, + since ] [ [ it's, + it's ] in, mo-, + ] the parent gets it for them, that really the parent becomes the one that's responsible, /"
%,A,"but/CC it/PRP 's/BES ,/,","{C but } it's, -/"
b,B,"Yeah/UH ,/,","Yeah, /"
qy^d,B,so/RB basically/RB if/IN you/PRP want/VBP to/TO take/VB the/DT risk/NN ./.,{C so } basically if you want to take the risk <laughter>. /
ny,A,"Yes/UH ,/,","Yes, /"
bf,A,it/PRP 's/BES whether/IN the/DT parent/NN wants/VBZ to/TO take/VB the/DT risk/NN ./.,it's whether the parent wants to take the risk. /
sd,B,"It/PRP 's/BES your/PRP$ risk/NN ,/,","It's your risk, /"
qh,B,"do/VBP you/PRP trust/VB ,/, your/PRP$ ,/, your/PRP$ son/NN ,/,","do you trust, [ your, + your ] son, /"
b,A,"Yeah/UH ,/,","Yeah, /"
^2,A,"to/TO ,/, to/TO go/VB run/VB up/RP a/DT big/JJ bill/NN","[ to, + to ] go run up a big bill - /"
sv,A,"and/CC ,/, the/DT thing/NN is/VBZ ,/, there/EX some/DT advantages/NNS ,/, if/IN he/PRP got/VBD off/RP --/:","{C and, } the thing is, there some advantages, if he got off --"
b,B,Uh-huh/UH ./.,Uh-huh. /
+,A,--/: some/DT place/NN and/CC stranded/JJ ./.,-- some place and stranded. /
sd,A,"I/PRP ,/, I/PRP 'm/VBP ,/, I/PRP 'm/VBP leaning/VBG towards/IN doing/VBG it/PRP --/:","[ [ I, + I'm, ] + I'm ] leaning towards doing it --"
b,B,Uh-huh/UH ./.,Uh-huh. /
+,A,"--/: for/IN ,/, for/IN conven-/NN ,/,","-- [ for, + for ] [ conven-, +"
sv,B,"I/PRP 'd/MD say/VB ,/, do-/XX ,/, you/PRP know/VBP ,/, have/VB one/CD with/IN ,/, you/PRP know/VBP --/:","I'd say, [ do-, + ] {D you know, } have one with, {D you know } --"
+,A,"a/DT convenience/NN ,/,","a convenience, ] /"
+,B,--/: at/IN least/JJS a/DT thousand/CD dollar/NN credit/NN limit/NN or/CC something/NN ./.,-- at least a thousand dollar credit limit or something. /
b,A,"Yeah/UH ,/,","Yeah, /"
bf,A,"and/CC the/DT idea/NN that/IN ,/, you/PRP know/VBP ,/, if/IN he/PRP got/VBD in/IN trouble/NN ,/, there/EX 's/BES some/DT ,/, some/DT ways/NNS of/IN getting/VBG out/RP ,/, and/CC that/IN he/PRP does/VBZ n't/RB have/VB to/TO carry/VB cash/NN ./.","{C and } the idea that, {D you know, } if he got in trouble, there's [ some, + some ] ways of getting out, and that he doesn't have to carry cash. - /"
%,A,"The/DT ,/, uh/UH ,/,","The, {F uh, } - /"
sd,A,"I/PRP ,/, I/PRP like/VBP the/DT idea/NN of/IN credit/NN cards/NNS that/WDT ,/, uh/UH ,/, I/PRP do/VBP n't/RB ,/, I/PRP do/VBP n't/RB ,/, I/PRP do/VBP n't/RB carry/VB cash/NN around/RB ,/, and/CC ,/, and/CC ,/, uh/UH ,/, I/PRP do/VBP n't/RB even/RB carry/VB checks/NNS around/RB ./.","[ I, + I ] like the idea of credit cards that, {F uh, } [ [ I don't, + I don't, ] + I don't ] carry cash around, [ and, + and, ] {F uh, } I don't even carry checks around. /"
sd,A,"I/PRP let/VBP my/PRP$ wife/NN take/VB the/DT checkbook/NN ,/,","I let my wife take the checkbook, /"
sd,A,"and/CC she/PRP writes/VBZ the/DT checks/NNS ,/,","{C and } she writes the checks, /"
sd,A,and/CC I/PRP record/VBP them/PRP ./.,{C and } I record them. /
sv,A,"So/RB it/PRP 's/BES ,/, uh/UH ,/, it/PRP 's/BES ,/, uh/UH ,/, it/PRP 's/BES ,/, but/CC it/PRP 's/BES interesting/JJ that/IN ,/, uh/UH ,/, the/DT people/NNS that/WDT can/MD ,/, that/WDT can/MD ,/, uh/UH ,/, the/DT amounts/NNS of/IN money/NN you/PRP can/MD run/VB up/RP wi-/XX ,/, on/IN ,/, on/IN credit/NN cards/NNS ,/,","{D So } [ [ [ it's, + {F uh, } it's, ] + {F uh, } it's, ] + {C but } it's ] interesting that, {F uh, } [ the people [ that can, + that can, ] + {F uh, } the amounts of money you can ] run up [ [ wi-, + on, ] + on ] credit cards, - /"
sd,A,"and/CC ,/, uh/UH ,/, I/PRP ,/, I/PRP had/VBD recently/RB had/VBN some/DT dealings/NNS with/IN a/DT fellow/NN that/IN","{C and, } {F uh, } [ I, + I ] had recently had some dealings with a fellow that - /"
sd,A,"they/PRP had/VBD run/VBN up/RP ,/, he/PRP was/VBD making/VBG ,/, oh/UH ,/, considered/VBN a/DT modest/JJ salary/NN for/IN an/DT engineer/NN ,/,","[ they had run up, + he was making, ] {F oh, } considered a modest salary for an engineer, /"
sd,A,"and/CC he/PRP had/VBD run/VBN up/RP ,/, uh/UH ,/, more/JJR than/IN a/DT years/NN 's/POS salary/NN in/IN ,/, in/IN various/JJ debts/NNS to/^RB ,/,","{C and } he had run up, {F uh, } more than a years salary [ in, + in ] various debts to, /"
sd,A,and/CC he/PRP wound/VBD up/RP declaring/VBG bankruptcy/NN,{C and } he wound up declaring bankruptcy /
%,A,"but/CC there/EX ,/,","{C but } there, - /"
sv,A,"it/PRP ,/, it/PRP 's/BES hard/JJ to/TO believe/VB that/IN you/PRP 'd/MD run/VB up/RP twenty/CD ,/, thirty/CD thousand/CD dollars/NNS of/IN ,/, uh/UH ,/,","[ it, + it's ] hard to believe that you'd run up twenty, thirty thousand dollars of, {F uh, } - /"
sd,A,"well/UH ,/, it/PRP was/VBD a/DT combination/NN of/IN things/NNS --/:","{D well, } it was a combination of things --"
b,B,Uh-huh/UH ./.,Uh-huh. /
+,A,"--/: he/PRP had/VBD ,/,","-- he had, /"
sd,A,"there/EX were/VBD ,/, there/EX were/VBD several/JJ credit/NN cards/NNS ,/,","[ there were, + there were ] several credit cards, /"
sd,A,"and/CC then/RB there/EX were/VBD several/JJ other/JJ businesses/NNS ,/,","{C and then } there were several other businesses, /"
^2,B,"The/DT ,/, the/DT extended/JJ loan/NN payment/NN for/IN your/PRP$ car/NN ./.","[ The, + the ] extended loan payment for your car. /"
aa,A,"Yes/UH ,/,","Yes, /"
aa,A,yeah/UH ./.,yeah. /
ny,B,Yeah/UH ./.,Yeah. /
sd,B,I/PRP saw/VBD that/DT ./.,I saw that. /
sv,A,"The/DT interesting/JJ thing/NN about/IN that/DT is/VBZ ,/, is/VBZ that/IN ,/, uh/UH ,/, that/IN ,/, that/IN they/PRP 're/VBP encouraging/VBG you/PRP to/TO incur/VB more/JJR ,/, incur/VB more/JJR debt/NN ,/,","The interesting thing about that [ is, + is ] [ [ that, + {F uh, } that, ] + that ] they're encouraging you to [ incur more, + incur more ] debt, /"
%,A,"and/CC ,/,","{C and, } -/"
sd,B,"Well/UH ,/, it/PRP 's/BES ,/, it/PRP 's/BES ,/, it/PRP 's/BES business/NN ,/,","{D Well, } [ [ it's, + it's, ] + it's ] business, /"
sd,B,and/CC they/PRP 're/VBP making/VBG money/NN off/IN that/DT ./.,{C and } they're making money off that. /
sd,A,And/CC they/PRP make/VBP more/JJR money/NN if/IN you/PRP extend/VBP your/PRP$ loan/NN ./.,{C And } they make more money if you extend your loan. /
b,B,"Yeah/UH ,/,","Yeah, /"
sd,B,"and/CC ,/, and/CC it/PRP 's/BES ,/, so/RB it/PRP 's/BES business/NN ,/,","[ [ {C and, } + {C and } it's, ] + {C so } it's ] business, /"
qy^d,B,"so/UH ,/, and/CC you/PRP notice/VBP that/IN they/PRP 're/VBP ,/, they/PRP 're/VBP only/RB going/VBG to/TO do/VB it/PRP to/IN like/IN cars/NNS that/WDT are/VBP one/CD or/CC two/CD years/NNS old/JJ ./.","[ {C so, } + {C and ] } you notice that [ they're, + they're ] only going to do it to {D like } cars that are one or two years old. /"
ny,A,Yes/UH ./.,Yes. /
sd,B,And/CC so/RB they/PRP 've/VBP already/RB shifted/VBN the/DT risk/NN ./.,{C And so } they've already shifted the risk. /
sd,B,"If/IN they/PRP assume/VBP that/DT car/NN ,/, then/RB they/PRP just/RB have/VBP to/TO sell/VB it/PRP themselves/PRP ,/,","If they assume that car, then they just have to sell it themselves, /"
sd,B,"and/CC they/PRP 'll/MD recover/VB the/DT loan/NN ,/,","{C and } they'll recover the loan, /"
sd,A,And/CC they/PRP know/VBP that/IN people/NNS own/VBP a/DT car/NN that/RB new/JJ unless/IN absolutely/RB die/VB of/IN service/NN,{C And } they know that people own a car that new unless absolutely die of service /*[[listen; can't be right transcription]]
sv,A,MUMBLEx/XX they/PRP 're/VBP not/RB going/VBG to/TO keep/VB on/RP if/IN the/DT car/NN were/VBD older/JJR ./.,(( )) they're not going to keep on if the car were older. /
b,B,Uh-huh/UH ./.,Uh-huh. /
sv,A,"The/DT interesting/JJ thing/NN about/IN it/PRP is/VBZ is/VBZ that/IN from/IN a/DT ,/, uh/UH ,/, uh/UH ,/, an/DT economy/NN standpoint/NN or/CC in/IN economics/NNS ,/,","The interesting thing about it [ is + is ] that [ from [ a, + {F uh, } {F uh, } an ] economy standpoint + {E or } in economics, ] - /"
sv,A,"I/PRP ,/, I/PRP thinks/VBZ it/PRP 's/BES ,/, I/PRP think/VBP it/PRP 's/BES poor/JJ ,/, poor/JJ ,/, uh/UH ,/, economics/NNS to/TO ,/, to/TO carry/VB all/PDT that/DT consumer/NN debt/NN --/:","[ [ I, + I ] thinks it's, + I think it's ] [ poor, + poor, ] {F uh, } economics [ to, + to ] carry all that consumer debt --"
b,B,Yeah/UH ./.,Yeah. /
+,A,"--/: at/IN least/JJS from/IN a/DT tax/NN standpoint/NN ,/,","-- at least from a tax standpoint, /"
sv,A,"so/RB ./. It/PRP 's/BES interesting/JJ that/IN ,/, that/IN the/DT American/JJ public/NN is/VBZ encouraged/VBN to/TO incur/VB all/PDT that/DT debt/NN and/CC then/RB next/JJ year/NN none/NN of/IN it/PRP will/MD be/VB deductible/JJ ,/,","{C so. } It's interesting [ that, + that ] the American public is encouraged to incur all that debt and then next year none of it will be deductible, /"
sd,A,and/CC this/DT year/NN it/PRP 's/BES ten/CD percent/NN or/CC so/RB ./.,{C and } this year it's ten percent or so. /
b,B,"Yeah/UH ,/,","Yeah, /"
%,B,uh/UH ./.,{F uh. } /
sv,A,"It/PRP 's/BES ,/, uh/UH ,/, it/PRP 's/BES interesting/JJ that/IN ,/, that/IN ,/, uh/UH ,/, they/PRP encourage/VBP us/PRP to/TO do/VB things/NNS ,/,","[ It's, + {F uh, } it's ] interesting [ that, + that, ] {F uh, } they encourage us to do things, -/"
br,B,"What/WP ,/, now/UH what/WP 's/BES ten/CD percent/NN ,/, we/PRP can/MD deduct/VB ,/,","[ What, + {D now } what's ] ten percent, we can deduct, /"
sd,A,"I/PRP think/VBP ten/CD percent/NN ,/,","I think ten percent, /"
"fo_o_fw_""_by_bc",A,yes/UH ./.,yes. /
sd,B,I/PRP did/VBD n't/RB know/VB that/DT ./.,I didn't know that. /
sd,A,"Of/IN your/PRP$ ,/, of/IN your/PRP$ consumer/NN credit/NN ./.","[ Of your, + of your ] consumer credit. /"
sd,A,"Oh/UH ,/, if/IN you/PRP had/VBD a/DT thousand/CD dollars/NNS ,/, that/DT means/VBZ there/EX 's/BES another/DT hundred/CD dollar/NN deduction/NN I/PRP 've/VBP given/VBN you/PRP ./.","{F Oh, } if you had a thousand dollars, that means there's another hundred dollar deduction I've given you. /"
qy^d,B,"I/PRP did/VBD n't/RB think/VB you/PRP could/MD ,/,","I didn't think you could, /"
sd,B,"any/DT thing/NN on/IN a/DT loan/NN or/CC ,/,","any thing on [ a loan + {E or, }"
ny,A,"Yeah/UH ,/,","Yeah, /"
sd,A,"it/PRP 's/BES on/IN ,/, uh/UH ,/, yeah/UH ./.","it's on, {F uh, } yeah. /"
+,B,"I/PRP mean/VBP a/DT mortgage/NN I/PRP know/VBP you/PRP can/MD ,/,","{E I mean } a mortgage ] I know you can, /"
b,A,"Yeah/UH ,/,","Yeah, /"
%,A,"on/IN the/DT ,/, the/DT ,/,","on [ the, + the, ] - /"
sd,A,"there/EX 's/BES ,/, there/EX 's/BES ,/, there/EX 's/BES a/DT place/NN for/IN consumer/NN debt/NN","[ [ there's, + there's, ] + there's ] a place for consumer debt /"
ad,A,"and/CC then/RB you/PRP take/VBP ten/CD percent/NN of/IN it/PRP ,/,","{C and then } you take ten percent of it, /"
%,A,"on/IN the/DT ,/,","on the, -/"
sd,B,"Oh/UH ,/, I/PRP 've/VBP never/RB itemized/VBN yet/RB ./.","{F Oh, } I've never itemized yet. /"
b,A,"Oh/UH ,/, okay/UH ,/,","{F Oh, } okay, /"
h,B,So/RB maybe/RB that/DT 's/BES ./.,{D So } maybe that's.
sd,A,"It/PRP 's/BES on/IN schedule/NN ,/, um/UH ,/,","It's on [ schedule, + {F um, }"
+,B,"Schedule/NN A/SYM or/CC ,/,","Schedule A or, -/"
+,A,"Schedule/NN A/SYM under/IN ,/, uh/UH ,/,","Schedule A ] under, {F uh, } - /"
sd,A,"well/UH ,/, it/PRP 's/BES the/DT same/JJ place/NN ,/, it/PRP 's/BES the/DT same/JJ place/NN you/PRP put/VBP ,/, uh/UH ,/, interest/NN ./.","{D well, } [ it's the same place, + it's the same place ] you put, {F uh, } interest. /"
sv,A,"But/CC ,/, but/CC see/UH that/DT 's/BES what/WP ,/, that/DT 's/BES what/WP makes/VBZ Texas/NNP squirrelly/JJ laws/NNS that/IN you/PRP ca/MD n't/RB ,/, you/PRP ca/MD n't/RB take/VB out/RP a/DT ,/, a/DT second/JJ mortgage/NN ,/, like/IN some/DT states/NNS where/WRB you/PRP can/MD take/VB out/RP the/IN mortgage/NN and/CC declare/VB that/DT ,/,","[ {C But, } + {C but } ] see [ that's what, + that's what ] makes Texas squirrelly laws that [ you can't, + you can't ] take out [ a, + a ] second mortgage, like some states where you can take out the mortgage and declare that, /"
sd,A,"and/CC so/RB ,/, uh/UH ,/, it/PRP 's/BES fully/RB deductible/JJ ./.","{C and so, } {F uh, } it's fully deductible. /"
sv,A,"The/DT laws/NNS are/VBP a/DT little/RB squirrelly/JJ ,/,","The laws are a little squirrelly, /"
sd,A,but/CC it/PRP basically/RB comes/VBZ down/RP to/IN,{C but } it basically comes down to - /
sv,A,it/PRP 's/BES not/RB in/IN your/PRP$ best/JJS interest/NN to/TO borrow/VB money/NN from/IN a/DT tax/NN standpoint/NN ./.,it's not in your best interest to borrow money from a tax standpoint. /
b,B,Yeah/UH ./.,Yeah. /
%,A,"But/CC ,/, uh/UH ,/, anyway/UH ,/,","{C But, } {F uh, } anyway, -/"
b,B,"Yeah/UH ,/,","Yeah, /"
sd,B,"I/PRP try/VBP ,/, I/PRP ,/, I/PRP really/RB do/VBP ,/, I/PRP just/RB try/VBP to/TO stay/VB out/IN of/IN debt/NN ,/,","[ [ I try, + [ I, + I ] really do, ] + I just try ] to stay out of debt, /"
sd,B,"and/CC I/PRP ,/, and/CC I/PRP use/VBP my/PRP$ Visa/NNP for/IN ,/, for/IN as/RB much/JJ as/IN I/PRP can/MD ,/,","[ {C and } I, + {C and } I ] use my Visa [ for, + for ] as much as I can, /"
sd,B,"and/CC I/PRP pay/VBP it/PRP all/RB off/RP ,/,","{C and } I pay it all off, /"
%,B,"and/CC ,/,","{C and, } -/"
qy^d,A,"Sounds/VBZ like/IN you/PRP 're/VBP ,/, you/PRP 're/VBP very/RB respon/JJ ,/, very/RB financially/RB responsible/JJ ./.","Sounds like [ you're, + you're ] [ very respon-, + very financially responsible. ] /"
%,A,"It/PRP 's/BES ,/, uh/UH ,/,","[ It's, + {F uh, }"
ny,B,Uh-huh/UH ./.,Uh-huh. /
+,A,"That/DT 's/BES ,/, uh/UH ,/,","That's, ] {F uh, } - /"
sv,A,"there/EX 're/VBP a/DT lot/NN of/IN people/NNS who/WP really/RB run/VBP ,/,","there're a lot of people who really run, - /"
sd,A,"my/PRP$ boss/NN drives/VBZ quite/PDT a/DT ways/NNS to/IN work/NN ,/,","my boss drives quite a ways to work, /"
sd,A,"and/CC he/PRP 's/HVS got/VBN just/RB enormous/JJ debts/NNS ,/,","{C and } he's got just enormous debts, /"
%,A,"and/CC he/PRP 's/HVS ,/,","{C and } he's, - /"
qh,A,"but/CC ,/, I/PRP mean/VBP ,/, what/WP do/VBP you/PRP say/VB ,/, it/PRP 's/BES like/IN ,/, Shucks/UH ,/, Boss/NN ,/, I/PRP 'm/VBP sure/RB sorry/JJ you/PRP 've/VBP got/VBN all/PDT that/DT debt/NN ./.","{C but, } {E I mean, } what do you say, it's {D like, } Shucks, <laughter> Boss, I'm sure sorry you've got all that debt. /"
sd,A,"Well/UH ,/, he/PRP 's/HVS had/VBN ,/, had/VBN two/CD kids/NNS in/IN college/NN and/CC ,/, and/CC this/DT kind/NN of/IN thing/NN ,/,","{D Well, } he's [ had, + had ] two kids in college [ and, + and ] this kind of thing, /"
%,A,and/CC that/DT --/:,{C and } that -- -/
b,B,Uh-huh/UH ./.,Uh-huh. /
sv,A,"--/: I/PRP think/VBP that/IN the/DT whole/JJ credit/NN card/NN issue/NN ,/, I/PRP think/VBP they/PRP certainly/RB encourage/VBP people/NNS to/TO run/VB up/RP the/DT debts/NNS","-- I think that the whole credit card issue, I think they certainly encourage people to run up the debts /"
sd,A,"and/CC ,/, but/CC I/PRP agree/VBP with/IN you/PRP --/:","[ {C and, } + {C but } ] I agree with you -- /"
b,B,Yeah/UH ./.,Yeah. /
%,A,"--/: I/PRP do/VBP n't/RB ,/, I/PRP MUMBLEx/XX my/PRP$ debts/NNS ./.","-- [ I don't, + I (( )) ] my debts. - /"
sd,A,"Well/UH ,/, I/PRP did/VBD buy/VB a/DT new/JJ house/NN last/JJ summer/NN ./.","{D Well, } I did buy a new house last summer. /"
sd,B,"Hell/UH ,/, I/PRP took/VBD a/DT five/CD year/NN note/NN out/IN on/IN my/PRP$ car/NN when/WRB I/PRP ,/, right/RB when/WRB I/PRP got/VBD out/IN of/IN college/NN ,/,","<Throat_clearing> Hell, I took a five year note out on my car [ when I, + {D right } when I ] got out of college, /"
sd,B,"and/CC ,/, uh/UH ,/, I/PRP 'll/MD never/RB do/VB that/DT again/RB ./.","{C and, } {F uh, } I'll never do that again. /"
sd,B,"I/PRP still/RB got/VBD a/DT couple/NN of/IN years/NNS on/IN it/PRP to/TO go/VB ,/,","I still got a couple of years on it to go, /"
%,B,"and/CC I/PRP 'm/VBP ,/,","{C and } I'm, -/"
sv,A,"It/PRP 's/BES ,/, it/PRP 's/BES remarkable/JJ how/WRB many/JJ people/NNS as/RB soon/RB as/IN they/PRP get/VBP out/IN of/IN college/NN buy/VBP a/DT new/JJ car/NN ,/,","[ It's, + it's ] remarkable how many people as soon as they get out of college buy a new car, /"
sv,A,"and/CC that/DT ,/, uh/UH ,/, apparently/RB that/DT 's/HVS been/VBN going/VBG on/RP for/IN a/DT really/RB long/JJ time/NN ./.","{C and } [ that, + {F uh, } apparently that's ] been going on for a really long time. /"
sd,A,I/PRP did/VBD n't/RB do/VB it/PRP ./.,I didn't do it. /
sd,A,"I/PRP ,/, I/PRP bought/VBD a/DT second/JJ hand/NN car/NN when/WRB I/PRP was/VBD ,/, the/DT middle/NN of/IN my/PRP$ senior/NN year/NN ./.","[ I, + I ] bought a second hand car when I was, the middle of my senior year. /"
sv,B,"Well/UH ,/, you/PRP ,/, you/PRP think/VBP you/PRP 're/VBP starting/VBG out/RP well/RB ,/, until/IN you/PRP start/VBP paying/VBG all/PDT those/DT bills/NNS ./.","{D Well, } [ you, + you ] think you're starting out well, until you start paying all those bills."
b,A,Yep/UH ./.,Yep. /
+,B,"Uh/UH ,/, apartment/NN rent/NN ,/,","{F Uh, } apartment rent, /"
%,B,"and/CC ,/,","{C and, } -/"
^2,A,Miscellaneous/JJ things/NNS like/IN food/NN and/CC --/:,Miscellaneous things like food and --
b,B,Yeah/UH ./.,Yeah. /
+,A,"--/: other/JJ things/NNS ,/,","-- other things, /"
sd,A,"these/DT habits/NNS you/PRP get/VBP into/IN ,/, eating/VBG","these habits you get into, eating /"
sv,A,"and/CC ,/, and/CC ,/, uh/UH ,/, it/PRP 's/BES ,/, it/PRP 's/BES ,/, it/PRP 's/BES amazing/JJ how/WRB it/PRP ,/, what/WP you/PRP learn/VBP ./.","[ {C and, } + {C and, } ] {F uh, } [ [ it's, + it's, ] + it's ] amazing [ how it, + what you ] learn. /"
b,B,"Yeah/UH ,/,","Yeah, /"
%,B,so/UH ./.,{C so. } -/
qy,A,"Well/UH ,/, anything/NN else/RB good/JJ to/TO say/VB about/IN credit/NN cards/NNS ?/.","{D Well, } anything else good to say about credit cards? /"
%,B,Um/UH --/:,{F Um } -- /
%,A,"I/PRP might/MD just/RB ,/,","I might just, -/"
sv,B,"--/: you/PRP know/VBP ,/, they/PRP 're/VBP convenient/JJ ,/, you/PRP know/VBP ,/,","-- {D you know, } they're convenient, {D you know, } /"
sv,B,"that/DT 's/BES probably/RB one/CD big/JJ thing/NN about/IN them/PRP ,/,","that's probably one big thing about them, /"
%,B,"and/CC ,/, uh/UH ,/,","{C and, } {F uh, } -/"
bf,A,"You/PRP do/VBP n't/RB have/VB to/TO carry/VB the/DT cash/NN ,/,","You don't have to carry the cash, /"
sd,A,"and/CC ,/, and/CC ,/, uh/UH ,/, and/CC it/PRP 's/BES ,/, it/PRP 's/BES ,/, it/PRP 's/BES certainly/RB accepted/VBN more/JJR places/NNS than/IN ,/, the/DT places/NNS ,/, you/PRP know/VBP ,/,","[ [ {C and, } + {C and, } ] + {F uh, } {C and } ] [ [ it's, + it's, ] + it's ] certainly accepted [ more places than, + the places, ] {D you know, } - /"
sd,A,"it/PRP 's/BES hard/JJ to/TO cash/VB a/DT check/NN if/IN you/PRP 're/VBP out/IN of/IN state/NN ,/,","it's hard to cash a check if you're out of state, /"
%,A,"and/CC ,/,","{C and, } -/"
b,B,"Yeah/UH ,/,","Yeah, /"
sd,B,"well/UH ,/, I/PRP was/VBD used/JJ to/IN using/VBG my/PRP$ credit/NN card/NN ,/, like/IN at/IN Skaggs/NNP Alpha/NNP Beta/NNP in/IN Dallas/NNP ,/, and/CC stuff/NN --/:","{D well, } I was used to using my credit card, {D like } at Skaggs Alpha Beta in Dallas, and stuff -- /"
b,A,Yeah/UH ./.,Yeah. /
sd,B,--/: and/CC now/RB I/PRP 'm/VBP out/IN here/RB in/IN Phoenix/NNP ./.,-- {C and } now I'm out here in Phoenix. /
sd,A,"They/PRP do/VBP n't/RB allow/VB ,/, they/PRP do/VBP n't/RB do/VB tha-/DT ,/,","[ They don't allow, + they don't do ] tha-, -/"
%,B,"They/PRP ,/, they/PRP ,/,","[ They, + they, ] - /"
sd,B,"none/NN of/IN these/DT grocery/NN stores/NNS take/VBP any/DT credit/NN cards/NNS ,/,","none of these grocery stores take any credit cards, /"
sd,B,"so/RB now/RB I/PRP have/VBP to/TO carry/VB cash/NN when/WRB I/PRP go/VBP to/IN the/DT grocery/NN store/NN ,/, which/WDT is/VBZ new/JJ to/IN me/PRP ,/, you/PRP know/VBP ,/,","{C so } now I have to carry cash when I go to the grocery store, which is new to me, {D you know, } /"
sd,B,I/PRP got/VBN to/TO have/VB sixty/CD bucks/NNS on/IN me/PRP or/CC something/NN ./.,I got to have sixty bucks on me or something. /
b,A,Yeah/UH ./.,Yeah. /
sv,B,"So/RB ,/, uh/UH --/:","{C So, } {F uh } --"
bf,A,Carry/VB all/PDT that/DT cash/NN with/IN you/PRP ./.,Carry all that cash with you. /
+,B,"--/: that/DT was/VBD interesting/JJ ,/, cause/IN I/PRP always/RB ,/, you/PRP know/VBP ,/,","-- that was interesting, cause I always, {D you know, } - /"
sd,B,you/PRP --/:,you --
sd,A,"Well/UH ,/, you/PRP know/VBP they/PRP ,/, they/PRP --/:","{D Well, } {D you know } [ [ they, + they -- ] +"
+,B,"--/: did/VBD n't/RB have/VB to/TO worry/VB about/IN carrying/VBG that/RB much/JJ unless/IN I/PRP knew/VBD I/PRP ,/,","-- didn't have to worry about carrying that much unless I knew I, -/"
+,A,"--/: they/PRP 've/VBP started/VBN towards/IN a/DT little/JJ bit/NN of/IN the/DT debit/NN card/NN ,/,","-- they've ] started towards a little bit of the debit card, /"
qy,A,"have/VBP you/PRP seen/VBN the/DT debit/NN cards/NNS where/WRB they/PRP actually/RB debit/VBP your/PRP$ account/NN when/WRB you/PRP ,/,","have you seen the debit cards where they actually debit your account when you, -/"
ny,B,"Yeah/UH ,/,","Yeah, /"
sd,B,I/PRP 've/VBP heard/VBN about/IN them/PRP ./.,I've heard about them. /
b,A,"Yeah/UH ,/,","Yeah, /"
sv,A,"and/CC I/PRP think/VBP that/DT 's/BES where/WRB ,/,","{C and } I think that's where, -/"
sd,B,"That/DT 's/BES mostly/RB locally/RB ,/,","That's mostly locally, /"
sd,B,"the/DT banks/NNS will/MD line/VB up/RP with/IN ,/, uh/UH ./.","the banks will line up with, {F uh. } -/"
b,A,"Yeah/UH ,/,","Yeah, /"
sd,A,"I/PRP 've/VBP seen/VBN a/DT couple/NN ,/,","I've seen a couple, - /"
%,A,"although/IN the/DT ,/,","although the, - /"
sv,A,"so/RB many/JJ of/IN the/DT grocery/NN stores/NNS do/VBP n't/RB do/VB that/DT because/IN of/IN the/DT ,/, the/DT time/NN frame/NN which/WDT they/PRP get/VBP paid/VBN ,/, in/IN general/JJ ,/,","so many of the grocery stores don't do that because of [ the, + the ] time frame which they get paid, in general, /"
%,A,"that/IN ,/, uh/UH ,/,","that, {F uh, } - /"
%,A,"they/PRP ,/,","they, - /"
sd,A,"I/PRP 've/VBP seen/VBN checks/NNS deposited/VBN the/DT very/RB next/JJ day/NN ,/, I/PRP mean/VBP ,/, cleared/VBN my/PRP$ account/NN the/DT next/JJ day/NN ./.","I've seen checks [ deposited the very next day, + {E I mean, } cleared my account the next day. ] /"
sd,A,My/PRP$ wife/NN will/MD write/VB a/DT check/NN for/IN groceries/NNS,My wife will write a check for groceries /
%,A,"and/CC ,/, you/PRP know/VBP ,/, almost/RB ,/,","{C and, } {D you know, } almost, - /"
sd,A,"well/UH I/PRP guess/VBP it/PRP 's/BES the/DT day/NN after/IN ,/, uh/UH ,/,","{D well } I guess it's the day after, {F uh, } /"
sd,A,"technically/RB it/PRP 's/BES two/CD days/NNS ,/,","technically it's two days, /"
sd,A,"but/CC the-/PRP ,/, the-/PRP ,/, they/PRP took/VBD that/DT check/NN and/CC scurried/VBD it/PRP to/IN the/DT bank/NN","{C but } [ [ the-, + the-, ] + they ] took that check and scurried it to the bank /"
sd,A,"and/CC the/DT bank/NN scurried/VBD it/PRP back/RB to/IN my/PRP$ account/NN ,/,","{C and } the bank scurried it back to my account, /"
sd,A,"and/CC you/PRP thought/VBD there/EX 'd/MD be/VB just/RB a/DT little/JJ bit/NN of/IN float/NN ,/,","{C and } you thought there'd be just a little bit of float, /"
sv,A,"but/CC apparently/RB that/DT 's/BES why/WRB the/DT ,/, uh/UH ,/, the/DT ,/, uh/UH ,/, the/DT ,/, uh/UH ,/, grocery/NN stores/NNS are/VBP reluctant/JJ to/TO do/VB that/DT ,/, because/IN their/PRP$ volume/NN ,/, that/WDT is/VBZ quite/RB high/JJ ,/,","{C but } apparently that's why [ [ the, + {F uh, } the, ] + {F uh, } the, ] {F uh, } grocery stores are reluctant to do that, because their volume, that is quite high, /"
%,A,"and/CC they/PRP have/VBP ,/, uh/UH ,/,","{C and } they have, {F uh, } - /"
sv,A,the/DT costability/NN of/IN the/DT cash/NN flow/NN is/VBZ a/DT big/JJ issue/NN for/IN them/PRP ./.,the costability of the cash flow is a big issue for them. /
b,B,Yeah/UH ./.,Yeah. /
fc,A,Anyway/UH ./.,Anyway. /
fc,A,"Well/UH ,/, it/PRP 's/BES good/JJ talking/VBG to/IN you/PRP ./.","{D Well, } it's good talking to you. /"
fc,B,All/RB righty/JJ ./.,All righty. /
fc,A,"Maybe/RB we/PRP 'll/MD get/VB across/RP ,/, we/PRP 'll/MD cross/VB paths/NNS again/RB ./.","Maybe [ we'll get across, + we'll cross ] paths again. /"
fc,A,Good/JJ night/NN ./.,Good night. /
fc,B,All/RB righty/JJ ./.,All righty. /
fc,B,Take/VB it/PRP easy/JJ ./.,Take it easy. /
